2026/06/19 02:58:28 - mmengine - INFO - 
------------------------------------------------------------
System environment:
    sys.platform: linux
    Python: 3.9.25 (main, Nov  3 2025, 22:33:05) [GCC 11.2.0]
    CUDA available: True
    MUSA available: False
    numpy_random_seed: 693212210
    GPU 0: NVIDIA GeForce RTX 3090
    CUDA_HOME: /usr/local/cuda-11.6
    NVCC: Cuda compilation tools, release 11.6, V11.6.55
    GCC: gcc (Ubuntu 9.4.0-1ubuntu1~20.04.2) 9.4.0
    PyTorch: 1.10.0+cu111
    PyTorch compiling details: PyTorch built with:
  - GCC 7.3
  - C++ Version: 201402
  - Intel(R) Math Kernel Library Version 2020.0.0 Product Build 20191122 for Intel(R) 64 architecture applications
  - Intel(R) MKL-DNN v2.2.3 (Git Hash 7336ca9f055cf1bfa13efb658fe15dc9b41f0740)
  - OpenMP 201511 (a.k.a. OpenMP 4.5)
  - LAPACK is enabled (usually provided by MKL)
  - NNPACK is enabled
  - CPU capability usage: AVX512
  - CUDA Runtime 11.1
  - NVCC architecture flags: -gencode;arch=compute_37,code=sm_37;-gencode;arch=compute_50,code=sm_50;-gencode;arch=compute_60,code=sm_60;-gencode;arch=compute_70,code=sm_70;-gencode;arch=compute_75,code=sm_75;-gencode;arch=compute_80,code=sm_80;-gencode;arch=compute_86,code=sm_86
  - CuDNN 8.0.5
  - Magma 2.5.2
  - Build settings: BLAS_INFO=mkl, BUILD_TYPE=Release, CUDA_VERSION=11.1, CUDNN_VERSION=8.0.5, CXX_COMPILER=/opt/rh/devtoolset-7/root/usr/bin/c++, CXX_FLAGS= -Wno-deprecated -fvisibility-inlines-hidden -DUSE_PTHREADPOOL -fopenmp -DNDEBUG -DUSE_KINETO -DUSE_FBGEMM -DUSE_QNNPACK -DUSE_PYTORCH_QNNPACK -DUSE_XNNPACK -DSYMBOLICATE_MOBILE_DEBUG_HANDLE -DEDGE_PROFILER_USE_KINETO -O2 -fPIC -Wno-narrowing -Wall -Wextra -Werror=return-type -Wno-missing-field-initializers -Wno-type-limits -Wno-array-bounds -Wno-unknown-pragmas -Wno-sign-compare -Wno-unused-parameter -Wno-unused-variable -Wno-unused-function -Wno-unused-result -Wno-unused-local-typedefs -Wno-strict-overflow -Wno-strict-aliasing -Wno-error=deprecated-declarations -Wno-stringop-overflow -Wno-psabi -Wno-error=pedantic -Wno-error=redundant-decls -Wno-error=old-style-cast -fdiagnostics-color=always -faligned-new -Wno-unused-but-set-variable -Wno-maybe-uninitialized -fno-math-errno -fno-trapping-math -Werror=format -Wno-stringop-overflow, LAPACK_INFO=mkl, PERF_WITH_AVX=1, PERF_WITH_AVX2=1, PERF_WITH_AVX512=1, TORCH_VERSION=1.10.0, USE_CUDA=ON, USE_CUDNN=ON, USE_EXCEPTION_PTR=1, USE_GFLAGS=OFF, USE_GLOG=OFF, USE_MKL=ON, USE_MKLDNN=ON, USE_MPI=OFF, USE_NCCL=ON, USE_NNPACK=ON, USE_OPENMP=ON, 

    TorchVision: 0.11.0+cu111
    OpenCV: 4.5.5
    MMEngine: 0.10.7

Runtime environment:
    cudnn_benchmark: False
    mp_cfg: {'mp_start_method': 'fork', 'opencv_num_threads': 0}
    dist_cfg: {'backend': 'nccl'}
    seed: 693212210
    Distributed launcher: none
    Distributed training: False
    GPU number: 1
------------------------------------------------------------

2026/06/19 02:58:28 - mmengine - INFO - Config:
auto_scale_lr = dict(base_batch_size=32, enable=False)
custom_imports = dict(
    allow_failed_imports=False,
    imports=[
        'mmdet3d.datasets.kitti_box_seg_dataset',
    ])
data_prefix = dict(img='', pts='', pts_instance_mask='', pts_semantic_mask='')
data_root = 'data/kitti_box_seg/'
dataset_type = 'KittiBoxSegDataset'
default_hooks = dict(
    checkpoint=dict(
        interval=1,
        max_keep_ckpts=3,
        rule='greater',
        save_best='foreground',
        type='CheckpointHook'),
    logger=dict(interval=50, type='LoggerHook'),
    param_scheduler=dict(type='ParamSchedulerHook'),
    sampler_seed=dict(type='DistSamplerSeedHook'),
    timer=dict(type='IterTimerHook'),
    visualization=dict(type='Det3DVisualizationHook'))
default_scope = 'mmdet3d'
env_cfg = dict(
    cudnn_benchmark=False,
    dist_cfg=dict(backend='nccl'),
    mp_cfg=dict(mp_start_method='fork', opencv_num_threads=0))
launcher = 'none'
load_from = None
log_level = 'INFO'
log_processor = dict(by_epoch=True, type='LogProcessor', window_size=50)
lr = 0.008
metainfo = dict(
    classes=(
        'background',
        'foreground',
    ),
    palette=[
        [
            96,
            96,
            96,
        ],
        [
            255,
            64,
            64,
        ],
    ])
model = dict(
    backbone=dict(
        base_channels=32,
        block_type='basic',
        decoder_blocks=[
            2,
            2,
            2,
            2,
        ],
        decoder_channels=[
            256,
            128,
            96,
            96,
        ],
        encoder_blocks=[
            2,
            3,
            4,
            6,
        ],
        encoder_channels=[
            32,
            64,
            128,
            256,
        ],
        in_channels=3,
        num_stages=4,
        sparseconv_backend='minkowski',
        type='MinkUNetBackbone'),
    data_preprocessor=dict(
        batch_first=False,
        max_voxels=None,
        type='Det3DDataPreprocessor',
        voxel=True,
        voxel_layer=dict(
            max_num_points=-1,
            max_voxels=(
                -1,
                -1,
            ),
            point_cloud_range=[
                -100,
                -100,
                -20,
                100,
                100,
                20,
            ],
            voxel_size=[
                0.05,
                0.05,
                0.05,
            ]),
        voxel_type='minkunet'),
    decode_head=dict(
        channels=96,
        dropout_ratio=0,
        ignore_index=2,
        loss_decode=dict(
            avg_non_ignore=True,
            class_weight=[
                1.0,
                8.0,
            ],
            type='mmdet.CrossEntropyLoss'),
        num_classes=2,
        type='MinkUNetHead'),
    test_cfg=dict(),
    train_cfg=dict(),
    type='MinkUNet')
optim_wrapper = dict(
    clip_grad=dict(max_norm=10, norm_type=2),
    optimizer=dict(lr=0.008, type='AdamW', weight_decay=0.01),
    type='OptimWrapper')
param_scheduler = [
    dict(
        begin=0,
        by_epoch=True,
        end=36,
        gamma=0.1,
        milestones=[
            24,
            32,
        ],
        type='MultiStepLR'),
]
resume = False
test_cfg = dict(type='TestLoop')
test_dataloader = dict(
    batch_size=1,
    dataset=dict(
        ann_file='kitti_box_seg_infos_val.pkl',
        data_prefix=dict(
            img='', pts='', pts_instance_mask='', pts_semantic_mask=''),
        data_root=
        '/public/DATA/sm/RACO-LPCC/mmdetection3d/data/kitti_fov_box_seg/',
        ignore_index=2,
        metainfo=dict(
            classes=(
                'background',
                'foreground',
            ),
            palette=[
                [
                    96,
                    96,
                    96,
                ],
                [
                    255,
                    64,
                    64,
                ],
            ]),
        modality=dict(use_camera=False, use_lidar=True),
        pipeline=[
            dict(
                coord_type='LIDAR',
                load_dim=4,
                type='LoadPointsFromFile',
                use_dim=3),
            dict(
                seg_3d_dtype='np.uint8',
                type='LoadAnnotations3D',
                with_bbox_3d=False,
                with_label_3d=False,
                with_seg_3d=True),
            dict(type='PointSegClassMapping'),
            dict(
                keys=[
                    'points',
                    'pts_semantic_mask',
                ], type='Pack3DDetInputs'),
        ],
        test_mode=True,
        type='KittiBoxSegDataset'),
    drop_last=False,
    num_workers=2,
    persistent_workers=True,
    sampler=dict(shuffle=False, type='DefaultSampler'))
test_evaluator = dict(type='SegMetric')
test_pipeline = [
    dict(coord_type='LIDAR', load_dim=4, type='LoadPointsFromFile', use_dim=3),
    dict(
        seg_3d_dtype='np.uint8',
        type='LoadAnnotations3D',
        with_bbox_3d=False,
        with_label_3d=False,
        with_seg_3d=True),
    dict(type='PointSegClassMapping'),
    dict(keys=[
        'points',
        'pts_semantic_mask',
    ], type='Pack3DDetInputs'),
]
train_cfg = dict(max_epochs=36, type='EpochBasedTrainLoop', val_interval=1)
train_dataloader = dict(
    batch_size=2,
    dataset=dict(
        ann_file='kitti_box_seg_infos_train.pkl',
        data_prefix=dict(
            img='', pts='', pts_instance_mask='', pts_semantic_mask=''),
        data_root=
        '/public/DATA/sm/RACO-LPCC/mmdetection3d/data/kitti_fov_box_seg/',
        ignore_index=2,
        metainfo=dict(
            classes=(
                'background',
                'foreground',
            ),
            palette=[
                [
                    96,
                    96,
                    96,
                ],
                [
                    255,
                    64,
                    64,
                ],
            ]),
        modality=dict(use_camera=False, use_lidar=True),
        pipeline=[
            dict(
                coord_type='LIDAR',
                load_dim=4,
                type='LoadPointsFromFile',
                use_dim=3),
            dict(
                seg_3d_dtype='np.uint8',
                type='LoadAnnotations3D',
                with_bbox_3d=False,
                with_label_3d=False,
                with_seg_3d=True),
            dict(type='PointSegClassMapping'),
            dict(
                flip_ratio_bev_horizontal=0.5,
                flip_ratio_bev_vertical=0.5,
                sync_2d=False,
                type='RandomFlip3D'),
            dict(
                rot_range=[
                    -0.78539816,
                    0.78539816,
                ],
                scale_ratio_range=[
                    0.95,
                    1.05,
                ],
                translation_std=[
                    0.1,
                    0.1,
                    0.1,
                ],
                type='GlobalRotScaleTrans'),
            dict(
                keys=[
                    'points',
                    'pts_semantic_mask',
                ], type='Pack3DDetInputs'),
        ],
        type='KittiBoxSegDataset'),
    num_workers=4,
    persistent_workers=True,
    sampler=dict(shuffle=True, type='DefaultSampler'))
train_pipeline = [
    dict(coord_type='LIDAR', load_dim=4, type='LoadPointsFromFile', use_dim=3),
    dict(
        seg_3d_dtype='np.uint8',
        type='LoadAnnotations3D',
        with_bbox_3d=False,
        with_label_3d=False,
        with_seg_3d=True),
    dict(type='PointSegClassMapping'),
    dict(
        flip_ratio_bev_horizontal=0.5,
        flip_ratio_bev_vertical=0.5,
        sync_2d=False,
        type='RandomFlip3D'),
    dict(
        rot_range=[
            -0.78539816,
            0.78539816,
        ],
        scale_ratio_range=[
            0.95,
            1.05,
        ],
        translation_std=[
            0.1,
            0.1,
            0.1,
        ],
        type='GlobalRotScaleTrans'),
    dict(keys=[
        'points',
        'pts_semantic_mask',
    ], type='Pack3DDetInputs'),
]
val_cfg = dict(type='ValLoop')
val_dataloader = dict(
    batch_size=1,
    dataset=dict(
        ann_file='kitti_box_seg_infos_val.pkl',
        data_prefix=dict(
            img='', pts='', pts_instance_mask='', pts_semantic_mask=''),
        data_root=
        '/public/DATA/sm/RACO-LPCC/mmdetection3d/data/kitti_fov_box_seg/',
        ignore_index=2,
        metainfo=dict(
            classes=(
                'background',
                'foreground',
            ),
            palette=[
                [
                    96,
                    96,
                    96,
                ],
                [
                    255,
                    64,
                    64,
                ],
            ]),
        modality=dict(use_camera=False, use_lidar=True),
        pipeline=[
            dict(
                coord_type='LIDAR',
                load_dim=4,
                type='LoadPointsFromFile',
                use_dim=3),
            dict(
                seg_3d_dtype='np.uint8',
                type='LoadAnnotations3D',
                with_bbox_3d=False,
                with_label_3d=False,
                with_seg_3d=True),
            dict(type='PointSegClassMapping'),
            dict(
                keys=[
                    'points',
                    'pts_semantic_mask',
                ], type='Pack3DDetInputs'),
        ],
        test_mode=True,
        type='KittiBoxSegDataset'),
    drop_last=False,
    num_workers=2,
    persistent_workers=True,
    sampler=dict(shuffle=False, type='DefaultSampler'))
val_evaluator = dict(type='SegMetric')
work_dir = '/public/DATA/sm/RACO-LPCC/mmdetection3d/work_dirs/minkunet_kitti_fov_box_seg_geometry'

2026/06/19 02:58:35 - mmengine - INFO - Distributed training is not used, all SyncBatchNorm (SyncBN) layers in the model will be automatically reverted to BatchNormXd layers if they are used.
2026/06/19 02:58:35 - mmengine - INFO - Hooks will be executed in the following order:
before_run:
(VERY_HIGH   ) RuntimeInfoHook                    
(BELOW_NORMAL) LoggerHook                         
 -------------------- 
before_train:
(VERY_HIGH   ) RuntimeInfoHook                    
(NORMAL      ) IterTimerHook                      
(VERY_LOW    ) CheckpointHook                     
 -------------------- 
before_train_epoch:
(VERY_HIGH   ) RuntimeInfoHook                    
(NORMAL      ) IterTimerHook                      
(NORMAL      ) DistSamplerSeedHook                
 -------------------- 
before_train_iter:
(VERY_HIGH   ) RuntimeInfoHook                    
(NORMAL      ) IterTimerHook                      
 -------------------- 
after_train_iter:
(VERY_HIGH   ) RuntimeInfoHook                    
(NORMAL      ) IterTimerHook                      
(BELOW_NORMAL) LoggerHook                         
(LOW         ) ParamSchedulerHook                 
(VERY_LOW    ) CheckpointHook                     
 -------------------- 
after_train_epoch:
(NORMAL      ) IterTimerHook                      
(LOW         ) ParamSchedulerHook                 
(VERY_LOW    ) CheckpointHook                     
 -------------------- 
before_val:
(VERY_HIGH   ) RuntimeInfoHook                    
 -------------------- 
before_val_epoch:
(NORMAL      ) IterTimerHook                      
 -------------------- 
before_val_iter:
(NORMAL      ) IterTimerHook                      
 -------------------- 
after_val_iter:
(NORMAL      ) IterTimerHook                      
(NORMAL      ) Det3DVisualizationHook             
(BELOW_NORMAL) LoggerHook                         
 -------------------- 
after_val_epoch:
(VERY_HIGH   ) RuntimeInfoHook                    
(NORMAL      ) IterTimerHook                      
(BELOW_NORMAL) LoggerHook                         
(LOW         ) ParamSchedulerHook                 
(VERY_LOW    ) CheckpointHook                     
 -------------------- 
after_val:
(VERY_HIGH   ) RuntimeInfoHook                    
 -------------------- 
after_train:
(VERY_HIGH   ) RuntimeInfoHook                    
(VERY_LOW    ) CheckpointHook                     
 -------------------- 
before_test:
(VERY_HIGH   ) RuntimeInfoHook                    
 -------------------- 
before_test_epoch:
(NORMAL      ) IterTimerHook                      
 -------------------- 
before_test_iter:
(NORMAL      ) IterTimerHook                      
 -------------------- 
after_test_iter:
(NORMAL      ) IterTimerHook                      
(NORMAL      ) Det3DVisualizationHook             
(BELOW_NORMAL) LoggerHook                         
 -------------------- 
after_test_epoch:
(VERY_HIGH   ) RuntimeInfoHook                    
(NORMAL      ) IterTimerHook                      
(BELOW_NORMAL) LoggerHook                         
 -------------------- 
after_test:
(VERY_HIGH   ) RuntimeInfoHook                    
 -------------------- 
after_run:
(BELOW_NORMAL) LoggerHook                         
 -------------------- 
2026/06/19 02:58:35 - mmengine - INFO - Loaded geometry pretrained checkpoint: /public/DATA/sm/RACO-LPCC/mmdetection3d/ckpt/minkunet34_w32_minkowski_8xb2-laser-polar-mix-3x_semantickitti_20230514_202236-839847a8.pth; loaded=378, adapted=1, skipped=2, missing=2, unexpected=0
2026/06/19 02:58:35 - mmengine - INFO - Adapted 4-channel weights to 3 channels: backbone.conv_input.0.net.0.kernel
2026/06/19 02:58:35 - mmengine - WARNING - The prefix is not set in metric class SegMetric.
Name of parameter - Initialization information

backbone.conv_input.0.net.0.kernel - torch.Size([27, 3, 32]): 
The value is the same before and after calling `init_weights` of MinkUNet  

backbone.conv_input.0.net.1.bn.weight - torch.Size([32]): 
The value is the same before and after calling `init_weights` of MinkUNet  

backbone.conv_input.0.net.1.bn.bias - torch.Size([32]): 
The value is the same before and after calling `init_weights` of MinkUNet  

backbone.conv_input.1.net.0.kernel - torch.Size([27, 32, 32]): 
The value is the same before and after calling `init_weights` of MinkUNet  

backbone.conv_input.1.net.1.bn.weight - torch.Size([32]): 
The value is the same before and after calling `init_weights` of MinkUNet  

backbone.conv_input.1.net.1.bn.bias - torch.Size([32]): 
The value is the same before and after calling `init_weights` of MinkUNet  

backbone.encoder.0.0.net.0.kernel - torch.Size([8, 32, 32]): 
The value is the same before and after calling `init_weights` of MinkUNet  

backbone.encoder.0.0.net.1.bn.weight - torch.Size([32]): 
The value is the same before and after calling `init_weights` of MinkUNet  

backbone.encoder.0.0.net.1.bn.bias - torch.Size([32]): 
The value is the same before and after calling `init_weights` of MinkUNet  

backbone.encoder.0.1.conv1.kernel - torch.Size([27, 32, 32]): 
The value is the same before and after calling `init_weights` of MinkUNet  

backbone.encoder.0.1.norm1.bn.weight - torch.Size([32]): 
The value is the same before and after calling `init_weights` of MinkUNet  

backbone.encoder.0.1.norm1.bn.bias - torch.Size([32]): 
The value is the same before and after calling `init_weights` of MinkUNet  

backbone.encoder.0.1.conv2.kernel - torch.Size([27, 32, 32]): 
The value is the same before and after calling `init_weights` of MinkUNet  

backbone.encoder.0.1.norm2.bn.weight - torch.Size([32]): 
The value is the same before and after calling `init_weights` of MinkUNet  

backbone.encoder.0.1.norm2.bn.bias - torch.Size([32]): 
The value is the same before and after calling `init_weights` of MinkUNet  

backbone.encoder.0.2.conv1.kernel - torch.Size([27, 32, 32]): 
The value is the same before and after calling `init_weights` of MinkUNet  

backbone.encoder.0.2.norm1.bn.weight - torch.Size([32]): 
The value is the same before and after calling `init_weights` of MinkUNet  

backbone.encoder.0.2.norm1.bn.bias - torch.Size([32]): 
The value is the same before and after calling `init_weights` of MinkUNet  

backbone.encoder.0.2.conv2.kernel - torch.Size([27, 32, 32]): 
The value is the same before and after calling `init_weights` of MinkUNet  

backbone.encoder.0.2.norm2.bn.weight - torch.Size([32]): 
The value is the same before and after calling `init_weights` of MinkUNet  

backbone.encoder.0.2.norm2.bn.bias - torch.Size([32]): 
The value is the same before and after calling `init_weights` of MinkUNet  

backbone.encoder.1.0.net.0.kernel - torch.Size([8, 32, 32]): 
The value is the same before and after calling `init_weights` of MinkUNet  

backbone.encoder.1.0.net.1.bn.weight - torch.Size([32]): 
The value is the same before and after calling `init_weights` of MinkUNet  

backbone.encoder.1.0.net.1.bn.bias - torch.Size([32]): 
The value is the same before and after calling `init_weights` of MinkUNet  

backbone.encoder.1.1.conv1.kernel - torch.Size([27, 32, 64]): 
The value is the same before and after calling `init_weights` of MinkUNet  

backbone.encoder.1.1.norm1.bn.weight - torch.Size([64]): 
The value is the same before and after calling `init_weights` of MinkUNet  

backbone.encoder.1.1.norm1.bn.bias - torch.Size([64]): 
The value is the same before and after calling `init_weights` of MinkUNet  

backbone.encoder.1.1.conv2.kernel - torch.Size([27, 64, 64]): 
The value is the same before and after calling `init_weights` of MinkUNet  

backbone.encoder.1.1.norm2.bn.weight - torch.Size([64]): 
The value is the same before and after calling `init_weights` of MinkUNet  

backbone.encoder.1.1.norm2.bn.bias - torch.Size([64]): 
The value is the same before and after calling `init_weights` of MinkUNet  

backbone.encoder.1.1.downsample.net.0.kernel - torch.Size([32, 64]): 
The value is the same before and after calling `init_weights` of MinkUNet  

backbone.encoder.1.1.downsample.net.1.bn.weight - torch.Size([64]): 
The value is the same before and after calling `init_weights` of MinkUNet  

backbone.encoder.1.1.downsample.net.1.bn.bias - torch.Size([64]): 
The value is the same before and after calling `init_weights` of MinkUNet  

backbone.encoder.1.2.conv1.kernel - torch.Size([27, 64, 64]): 
The value is the same before and after calling `init_weights` of MinkUNet  

backbone.encoder.1.2.norm1.bn.weight - torch.Size([64]): 
The value is the same before and after calling `init_weights` of MinkUNet  

backbone.encoder.1.2.norm1.bn.bias - torch.Size([64]): 
The value is the same before and after calling `init_weights` of MinkUNet  

backbone.encoder.1.2.conv2.kernel - torch.Size([27, 64, 64]): 
The value is the same before and after calling `init_weights` of MinkUNet  

backbone.encoder.1.2.norm2.bn.weight - torch.Size([64]): 
The value is the same before and after calling `init_weights` of MinkUNet  

backbone.encoder.1.2.norm2.bn.bias - torch.Size([64]): 
The value is the same before and after calling `init_weights` of MinkUNet  

backbone.encoder.1.3.conv1.kernel - torch.Size([27, 64, 64]): 
The value is the same before and after calling `init_weights` of MinkUNet  

backbone.encoder.1.3.norm1.bn.weight - torch.Size([64]): 
The value is the same before and after calling `init_weights` of MinkUNet  

backbone.encoder.1.3.norm1.bn.bias - torch.Size([64]): 
The value is the same before and after calling `init_weights` of MinkUNet  

backbone.encoder.1.3.conv2.kernel - torch.Size([27, 64, 64]): 
The value is the same before and after calling `init_weights` of MinkUNet  

backbone.encoder.1.3.norm2.bn.weight - torch.Size([64]): 
The value is the same before and after calling `init_weights` of MinkUNet  

backbone.encoder.1.3.norm2.bn.bias - torch.Size([64]): 
The value is the same before and after calling `init_weights` of MinkUNet  

backbone.encoder.2.0.net.0.kernel - torch.Size([8, 64, 64]): 
The value is the same before and after calling `init_weights` of MinkUNet  

backbone.encoder.2.0.net.1.bn.weight - torch.Size([64]): 
The value is the same before and after calling `init_weights` of MinkUNet  

backbone.encoder.2.0.net.1.bn.bias - torch.Size([64]): 
The value is the same before and after calling `init_weights` of MinkUNet  

backbone.encoder.2.1.conv1.kernel - torch.Size([27, 64, 128]): 
The value is the same before and after calling `init_weights` of MinkUNet  

backbone.encoder.2.1.norm1.bn.weight - torch.Size([128]): 
The value is the same before and after calling `init_weights` of MinkUNet  

backbone.encoder.2.1.norm1.bn.bias - torch.Size([128]): 
The value is the same before and after calling `init_weights` of MinkUNet  

backbone.encoder.2.1.conv2.kernel - torch.Size([27, 128, 128]): 
The value is the same before and after calling `init_weights` of MinkUNet  

backbone.encoder.2.1.norm2.bn.weight - torch.Size([128]): 
The value is the same before and after calling `init_weights` of MinkUNet  

backbone.encoder.2.1.norm2.bn.bias - torch.Size([128]): 
The value is the same before and after calling `init_weights` of MinkUNet  

backbone.encoder.2.1.downsample.net.0.kernel - torch.Size([64, 128]): 
The value is the same before and after calling `init_weights` of MinkUNet  

backbone.encoder.2.1.downsample.net.1.bn.weight - torch.Size([128]): 
The value is the same before and after calling `init_weights` of MinkUNet  

backbone.encoder.2.1.downsample.net.1.bn.bias - torch.Size([128]): 
The value is the same before and after calling `init_weights` of MinkUNet  

backbone.encoder.2.2.conv1.kernel - torch.Size([27, 128, 128]): 
The value is the same before and after calling `init_weights` of MinkUNet  

backbone.encoder.2.2.norm1.bn.weight - torch.Size([128]): 
The value is the same before and after calling `init_weights` of MinkUNet  

backbone.encoder.2.2.norm1.bn.bias - torch.Size([128]): 
The value is the same before and after calling `init_weights` of MinkUNet  

backbone.encoder.2.2.conv2.kernel - torch.Size([27, 128, 128]): 
The value is the same before and after calling `init_weights` of MinkUNet  

backbone.encoder.2.2.norm2.bn.weight - torch.Size([128]): 
The value is the same before and after calling `init_weights` of MinkUNet  

backbone.encoder.2.2.norm2.bn.bias - torch.Size([128]): 
The value is the same before and after calling `init_weights` of MinkUNet  

backbone.encoder.2.3.conv1.kernel - torch.Size([27, 128, 128]): 
The value is the same before and after calling `init_weights` of MinkUNet  

backbone.encoder.2.3.norm1.bn.weight - torch.Size([128]): 
The value is the same before and after calling `init_weights` of MinkUNet  

backbone.encoder.2.3.norm1.bn.bias - torch.Size([128]): 
The value is the same before and after calling `init_weights` of MinkUNet  

backbone.encoder.2.3.conv2.kernel - torch.Size([27, 128, 128]): 
The value is the same before and after calling `init_weights` of MinkUNet  

backbone.encoder.2.3.norm2.bn.weight - torch.Size([128]): 
The value is the same before and after calling `init_weights` of MinkUNet  

backbone.encoder.2.3.norm2.bn.bias - torch.Size([128]): 
The value is the same before and after calling `init_weights` of MinkUNet  

backbone.encoder.2.4.conv1.kernel - torch.Size([27, 128, 128]): 
The value is the same before and after calling `init_weights` of MinkUNet  

backbone.encoder.2.4.norm1.bn.weight - torch.Size([128]): 
The value is the same before and after calling `init_weights` of MinkUNet  

backbone.encoder.2.4.norm1.bn.bias - torch.Size([128]): 
The value is the same before and after calling `init_weights` of MinkUNet  

backbone.encoder.2.4.conv2.kernel - torch.Size([27, 128, 128]): 
The value is the same before and after calling `init_weights` of MinkUNet  

backbone.encoder.2.4.norm2.bn.weight - torch.Size([128]): 
The value is the same before and after calling `init_weights` of MinkUNet  

backbone.encoder.2.4.norm2.bn.bias - torch.Size([128]): 
The value is the same before and after calling `init_weights` of MinkUNet  

backbone.encoder.3.0.net.0.kernel - torch.Size([8, 128, 128]): 
The value is the same before and after calling `init_weights` of MinkUNet  

backbone.encoder.3.0.net.1.bn.weight - torch.Size([128]): 
The value is the same before and after calling `init_weights` of MinkUNet  

backbone.encoder.3.0.net.1.bn.bias - torch.Size([128]): 
The value is the same before and after calling `init_weights` of MinkUNet  

backbone.encoder.3.1.conv1.kernel - torch.Size([27, 128, 256]): 
The value is the same before and after calling `init_weights` of MinkUNet  

backbone.encoder.3.1.norm1.bn.weight - torch.Size([256]): 
The value is the same before and after calling `init_weights` of MinkUNet  

backbone.encoder.3.1.norm1.bn.bias - torch.Size([256]): 
The value is the same before and after calling `init_weights` of MinkUNet  

backbone.encoder.3.1.conv2.kernel - torch.Size([27, 256, 256]): 
The value is the same before and after calling `init_weights` of MinkUNet  

backbone.encoder.3.1.norm2.bn.weight - torch.Size([256]): 
The value is the same before and after calling `init_weights` of MinkUNet  

backbone.encoder.3.1.norm2.bn.bias - torch.Size([256]): 
The value is the same before and after calling `init_weights` of MinkUNet  

backbone.encoder.3.1.downsample.net.0.kernel - torch.Size([128, 256]): 
The value is the same before and after calling `init_weights` of MinkUNet  

backbone.encoder.3.1.downsample.net.1.bn.weight - torch.Size([256]): 
The value is the same before and after calling `init_weights` of MinkUNet  

backbone.encoder.3.1.downsample.net.1.bn.bias - torch.Size([256]): 
The value is the same before and after calling `init_weights` of MinkUNet  

backbone.encoder.3.2.conv1.kernel - torch.Size([27, 256, 256]): 
The value is the same before and after calling `init_weights` of MinkUNet  

backbone.encoder.3.2.norm1.bn.weight - torch.Size([256]): 
The value is the same before and after calling `init_weights` of MinkUNet  

backbone.encoder.3.2.norm1.bn.bias - torch.Size([256]): 
The value is the same before and after calling `init_weights` of MinkUNet  

backbone.encoder.3.2.conv2.kernel - torch.Size([27, 256, 256]): 
The value is the same before and after calling `init_weights` of MinkUNet  

backbone.encoder.3.2.norm2.bn.weight - torch.Size([256]): 
The value is the same before and after calling `init_weights` of MinkUNet  

backbone.encoder.3.2.norm2.bn.bias - torch.Size([256]): 
The value is the same before and after calling `init_weights` of MinkUNet  

backbone.encoder.3.3.conv1.kernel - torch.Size([27, 256, 256]): 
The value is the same before and after calling `init_weights` of MinkUNet  

backbone.encoder.3.3.norm1.bn.weight - torch.Size([256]): 
The value is the same before and after calling `init_weights` of MinkUNet  

backbone.encoder.3.3.norm1.bn.bias - torch.Size([256]): 
The value is the same before and after calling `init_weights` of MinkUNet  

backbone.encoder.3.3.conv2.kernel - torch.Size([27, 256, 256]): 
The value is the same before and after calling `init_weights` of MinkUNet  

backbone.encoder.3.3.norm2.bn.weight - torch.Size([256]): 
The value is the same before and after calling `init_weights` of MinkUNet  

backbone.encoder.3.3.norm2.bn.bias - torch.Size([256]): 
The value is the same before and after calling `init_weights` of MinkUNet  

backbone.encoder.3.4.conv1.kernel - torch.Size([27, 256, 256]): 
The value is the same before and after calling `init_weights` of MinkUNet  

backbone.encoder.3.4.norm1.bn.weight - torch.Size([256]): 
The value is the same before and after calling `init_weights` of MinkUNet  

backbone.encoder.3.4.norm1.bn.bias - torch.Size([256]): 
The value is the same before and after calling `init_weights` of MinkUNet  

backbone.encoder.3.4.conv2.kernel - torch.Size([27, 256, 256]): 
The value is the same before and after calling `init_weights` of MinkUNet  

backbone.encoder.3.4.norm2.bn.weight - torch.Size([256]): 
The value is the same before and after calling `init_weights` of MinkUNet  

backbone.encoder.3.4.norm2.bn.bias - torch.Size([256]): 
The value is the same before and after calling `init_weights` of MinkUNet  

backbone.encoder.3.5.conv1.kernel - torch.Size([27, 256, 256]): 
The value is the same before and after calling `init_weights` of MinkUNet  

backbone.encoder.3.5.norm1.bn.weight - torch.Size([256]): 
The value is the same before and after calling `init_weights` of MinkUNet  

backbone.encoder.3.5.norm1.bn.bias - torch.Size([256]): 
The value is the same before and after calling `init_weights` of MinkUNet  

backbone.encoder.3.5.conv2.kernel - torch.Size([27, 256, 256]): 
The value is the same before and after calling `init_weights` of MinkUNet  

backbone.encoder.3.5.norm2.bn.weight - torch.Size([256]): 
The value is the same before and after calling `init_weights` of MinkUNet  

backbone.encoder.3.5.norm2.bn.bias - torch.Size([256]): 
The value is the same before and after calling `init_weights` of MinkUNet  

backbone.encoder.3.6.conv1.kernel - torch.Size([27, 256, 256]): 
The value is the same before and after calling `init_weights` of MinkUNet  

backbone.encoder.3.6.norm1.bn.weight - torch.Size([256]): 
The value is the same before and after calling `init_weights` of MinkUNet  

backbone.encoder.3.6.norm1.bn.bias - torch.Size([256]): 
The value is the same before and after calling `init_weights` of MinkUNet  

backbone.encoder.3.6.conv2.kernel - torch.Size([27, 256, 256]): 
The value is the same before and after calling `init_weights` of MinkUNet  

backbone.encoder.3.6.norm2.bn.weight - torch.Size([256]): 
The value is the same before and after calling `init_weights` of MinkUNet  

backbone.encoder.3.6.norm2.bn.bias - torch.Size([256]): 
The value is the same before and after calling `init_weights` of MinkUNet  

backbone.decoder.0.0.net.0.kernel - torch.Size([8, 256, 256]): 
The value is the same before and after calling `init_weights` of MinkUNet  

backbone.decoder.0.0.net.1.bn.weight - torch.Size([256]): 
The value is the same before and after calling `init_weights` of MinkUNet  

backbone.decoder.0.0.net.1.bn.bias - torch.Size([256]): 
The value is the same before and after calling `init_weights` of MinkUNet  

backbone.decoder.0.1.0.conv1.kernel - torch.Size([27, 384, 256]): 
The value is the same before and after calling `init_weights` of MinkUNet  

backbone.decoder.0.1.0.norm1.bn.weight - torch.Size([256]): 
The value is the same before and after calling `init_weights` of MinkUNet  

backbone.decoder.0.1.0.norm1.bn.bias - torch.Size([256]): 
The value is the same before and after calling `init_weights` of MinkUNet  

backbone.decoder.0.1.0.conv2.kernel - torch.Size([27, 256, 256]): 
The value is the same before and after calling `init_weights` of MinkUNet  

backbone.decoder.0.1.0.norm2.bn.weight - torch.Size([256]): 
The value is the same before and after calling `init_weights` of MinkUNet  

backbone.decoder.0.1.0.norm2.bn.bias - torch.Size([256]): 
The value is the same before and after calling `init_weights` of MinkUNet  

backbone.decoder.0.1.0.downsample.net.0.kernel - torch.Size([384, 256]): 
The value is the same before and after calling `init_weights` of MinkUNet  

backbone.decoder.0.1.0.downsample.net.1.bn.weight - torch.Size([256]): 
The value is the same before and after calling `init_weights` of MinkUNet  

backbone.decoder.0.1.0.downsample.net.1.bn.bias - torch.Size([256]): 
The value is the same before and after calling `init_weights` of MinkUNet  

backbone.decoder.0.1.1.conv1.kernel - torch.Size([27, 256, 256]): 
The value is the same before and after calling `init_weights` of MinkUNet  

backbone.decoder.0.1.1.norm1.bn.weight - torch.Size([256]): 
The value is the same before and after calling `init_weights` of MinkUNet  

backbone.decoder.0.1.1.norm1.bn.bias - torch.Size([256]): 
The value is the same before and after calling `init_weights` of MinkUNet  

backbone.decoder.0.1.1.conv2.kernel - torch.Size([27, 256, 256]): 
The value is the same before and after calling `init_weights` of MinkUNet  

backbone.decoder.0.1.1.norm2.bn.weight - torch.Size([256]): 
The value is the same before and after calling `init_weights` of MinkUNet  

backbone.decoder.0.1.1.norm2.bn.bias - torch.Size([256]): 
The value is the same before and after calling `init_weights` of MinkUNet  

backbone.decoder.1.0.net.0.kernel - torch.Size([8, 256, 128]): 
The value is the same before and after calling `init_weights` of MinkUNet  

backbone.decoder.1.0.net.1.bn.weight - torch.Size([128]): 
The value is the same before and after calling `init_weights` of MinkUNet  

backbone.decoder.1.0.net.1.bn.bias - torch.Size([128]): 
The value is the same before and after calling `init_weights` of MinkUNet  

backbone.decoder.1.1.0.conv1.kernel - torch.Size([27, 192, 128]): 
The value is the same before and after calling `init_weights` of MinkUNet  

backbone.decoder.1.1.0.norm1.bn.weight - torch.Size([128]): 
The value is the same before and after calling `init_weights` of MinkUNet  

backbone.decoder.1.1.0.norm1.bn.bias - torch.Size([128]): 
The value is the same before and after calling `init_weights` of MinkUNet  

backbone.decoder.1.1.0.conv2.kernel - torch.Size([27, 128, 128]): 
The value is the same before and after calling `init_weights` of MinkUNet  

backbone.decoder.1.1.0.norm2.bn.weight - torch.Size([128]): 
The value is the same before and after calling `init_weights` of MinkUNet  

backbone.decoder.1.1.0.norm2.bn.bias - torch.Size([128]): 
The value is the same before and after calling `init_weights` of MinkUNet  

backbone.decoder.1.1.0.downsample.net.0.kernel - torch.Size([192, 128]): 
The value is the same before and after calling `init_weights` of MinkUNet  

backbone.decoder.1.1.0.downsample.net.1.bn.weight - torch.Size([128]): 
The value is the same before and after calling `init_weights` of MinkUNet  

backbone.decoder.1.1.0.downsample.net.1.bn.bias - torch.Size([128]): 
The value is the same before and after calling `init_weights` of MinkUNet  

backbone.decoder.1.1.1.conv1.kernel - torch.Size([27, 128, 128]): 
The value is the same before and after calling `init_weights` of MinkUNet  

backbone.decoder.1.1.1.norm1.bn.weight - torch.Size([128]): 
The value is the same before and after calling `init_weights` of MinkUNet  

backbone.decoder.1.1.1.norm1.bn.bias - torch.Size([128]): 
The value is the same before and after calling `init_weights` of MinkUNet  

backbone.decoder.1.1.1.conv2.kernel - torch.Size([27, 128, 128]): 
The value is the same before and after calling `init_weights` of MinkUNet  

backbone.decoder.1.1.1.norm2.bn.weight - torch.Size([128]): 
The value is the same before and after calling `init_weights` of MinkUNet  

backbone.decoder.1.1.1.norm2.bn.bias - torch.Size([128]): 
The value is the same before and after calling `init_weights` of MinkUNet  

backbone.decoder.2.0.net.0.kernel - torch.Size([8, 128, 96]): 
The value is the same before and after calling `init_weights` of MinkUNet  

backbone.decoder.2.0.net.1.bn.weight - torch.Size([96]): 
The value is the same before and after calling `init_weights` of MinkUNet  

backbone.decoder.2.0.net.1.bn.bias - torch.Size([96]): 
The value is the same before and after calling `init_weights` of MinkUNet  

backbone.decoder.2.1.0.conv1.kernel - torch.Size([27, 128, 96]): 
The value is the same before and after calling `init_weights` of MinkUNet  

backbone.decoder.2.1.0.norm1.bn.weight - torch.Size([96]): 
The value is the same before and after calling `init_weights` of MinkUNet  

backbone.decoder.2.1.0.norm1.bn.bias - torch.Size([96]): 
The value is the same before and after calling `init_weights` of MinkUNet  

backbone.decoder.2.1.0.conv2.kernel - torch.Size([27, 96, 96]): 
The value is the same before and after calling `init_weights` of MinkUNet  

backbone.decoder.2.1.0.norm2.bn.weight - torch.Size([96]): 
The value is the same before and after calling `init_weights` of MinkUNet  

backbone.decoder.2.1.0.norm2.bn.bias - torch.Size([96]): 
The value is the same before and after calling `init_weights` of MinkUNet  

backbone.decoder.2.1.0.downsample.net.0.kernel - torch.Size([128, 96]): 
The value is the same before and after calling `init_weights` of MinkUNet  

backbone.decoder.2.1.0.downsample.net.1.bn.weight - torch.Size([96]): 
The value is the same before and after calling `init_weights` of MinkUNet  

backbone.decoder.2.1.0.downsample.net.1.bn.bias - torch.Size([96]): 
The value is the same before and after calling `init_weights` of MinkUNet  

backbone.decoder.2.1.1.conv1.kernel - torch.Size([27, 96, 96]): 
The value is the same before and after calling `init_weights` of MinkUNet  

backbone.decoder.2.1.1.norm1.bn.weight - torch.Size([96]): 
The value is the same before and after calling `init_weights` of MinkUNet  

backbone.decoder.2.1.1.norm1.bn.bias - torch.Size([96]): 
The value is the same before and after calling `init_weights` of MinkUNet  

backbone.decoder.2.1.1.conv2.kernel - torch.Size([27, 96, 96]): 
The value is the same before and after calling `init_weights` of MinkUNet  

backbone.decoder.2.1.1.norm2.bn.weight - torch.Size([96]): 
The value is the same before and after calling `init_weights` of MinkUNet  

backbone.decoder.2.1.1.norm2.bn.bias - torch.Size([96]): 
The value is the same before and after calling `init_weights` of MinkUNet  

backbone.decoder.3.0.net.0.kernel - torch.Size([8, 96, 96]): 
The value is the same before and after calling `init_weights` of MinkUNet  

backbone.decoder.3.0.net.1.bn.weight - torch.Size([96]): 
The value is the same before and after calling `init_weights` of MinkUNet  

backbone.decoder.3.0.net.1.bn.bias - torch.Size([96]): 
The value is the same before and after calling `init_weights` of MinkUNet  

backbone.decoder.3.1.0.conv1.kernel - torch.Size([27, 128, 96]): 
The value is the same before and after calling `init_weights` of MinkUNet  

backbone.decoder.3.1.0.norm1.bn.weight - torch.Size([96]): 
The value is the same before and after calling `init_weights` of MinkUNet  

backbone.decoder.3.1.0.norm1.bn.bias - torch.Size([96]): 
The value is the same before and after calling `init_weights` of MinkUNet  

backbone.decoder.3.1.0.conv2.kernel - torch.Size([27, 96, 96]): 
The value is the same before and after calling `init_weights` of MinkUNet  

backbone.decoder.3.1.0.norm2.bn.weight - torch.Size([96]): 
The value is the same before and after calling `init_weights` of MinkUNet  

backbone.decoder.3.1.0.norm2.bn.bias - torch.Size([96]): 
The value is the same before and after calling `init_weights` of MinkUNet  

backbone.decoder.3.1.0.downsample.net.0.kernel - torch.Size([128, 96]): 
The value is the same before and after calling `init_weights` of MinkUNet  

backbone.decoder.3.1.0.downsample.net.1.bn.weight - torch.Size([96]): 
The value is the same before and after calling `init_weights` of MinkUNet  

backbone.decoder.3.1.0.downsample.net.1.bn.bias - torch.Size([96]): 
The value is the same before and after calling `init_weights` of MinkUNet  

backbone.decoder.3.1.1.conv1.kernel - torch.Size([27, 96, 96]): 
The value is the same before and after calling `init_weights` of MinkUNet  

backbone.decoder.3.1.1.norm1.bn.weight - torch.Size([96]): 
The value is the same before and after calling `init_weights` of MinkUNet  

backbone.decoder.3.1.1.norm1.bn.bias - torch.Size([96]): 
The value is the same before and after calling `init_weights` of MinkUNet  

backbone.decoder.3.1.1.conv2.kernel - torch.Size([27, 96, 96]): 
The value is the same before and after calling `init_weights` of MinkUNet  

backbone.decoder.3.1.1.norm2.bn.weight - torch.Size([96]): 
The value is the same before and after calling `init_weights` of MinkUNet  

backbone.decoder.3.1.1.norm2.bn.bias - torch.Size([96]): 
The value is the same before and after calling `init_weights` of MinkUNet  

decode_head.conv_seg.weight - torch.Size([2, 96]): 
Initialized by user-defined `init_weights` in MinkUNetHead  

decode_head.conv_seg.bias - torch.Size([2]): 
Initialized by user-defined `init_weights` in MinkUNetHead  
2026/06/19 02:58:36 - mmengine - WARNING - "FileClient" will be deprecated in future. Please use io functions in https://mmengine.readthedocs.io/en/latest/api/fileio.html#file-io
2026/06/19 02:58:36 - mmengine - WARNING - "HardDiskBackend" is the alias of "LocalBackend" and the former will be deprecated in future.
2026/06/19 02:58:36 - mmengine - INFO - Checkpoints will be saved to /public/DATA/sm/RACO-LPCC/mmdetection3d/work_dirs/minkunet_kitti_fov_box_seg_geometry.
2026/06/19 02:58:43 - mmengine - INFO - Epoch(train)  [1][  50/1671]  lr: 8.0000e-03  eta: 2:23:20  time: 0.1431  data_time: 0.0095  memory: 2252  grad_norm: 1.0959  loss: 0.6910  loss_sem_seg: 0.6910
2026/06/19 02:58:50 - mmengine - INFO - Epoch(train)  [1][ 100/1671]  lr: 8.0000e-03  eta: 2:17:42  time: 0.1321  data_time: 0.0032  memory: 2197  grad_norm: 0.7052  loss: 0.4553  loss_sem_seg: 0.4553
2026/06/19 02:58:56 - mmengine - INFO - Epoch(train)  [1][ 150/1671]  lr: 8.0000e-03  eta: 2:15:30  time: 0.1313  data_time: 0.0032  memory: 2157  grad_norm: 0.6600  loss: 0.4490  loss_sem_seg: 0.4490
2026/06/19 02:59:03 - mmengine - INFO - Epoch(train)  [1][ 200/1671]  lr: 8.0000e-03  eta: 2:14:45  time: 0.1330  data_time: 0.0031  memory: 2380  grad_norm: 0.6752  loss: 0.4363  loss_sem_seg: 0.4363
2026/06/19 02:59:09 - mmengine - INFO - Epoch(train)  [1][ 250/1671]  lr: 8.0000e-03  eta: 2:13:53  time: 0.1310  data_time: 0.0032  memory: 2247  grad_norm: 0.6102  loss: 0.4312  loss_sem_seg: 0.4312
2026/06/19 02:59:16 - mmengine - INFO - Epoch(train)  [1][ 300/1671]  lr: 8.0000e-03  eta: 2:13:47  time: 0.1342  data_time: 0.0032  memory: 2314  grad_norm: 0.5353  loss: 0.4150  loss_sem_seg: 0.4150
2026/06/19 02:59:23 - mmengine - INFO - Epoch(train)  [1][ 350/1671]  lr: 8.0000e-03  eta: 2:13:28  time: 0.1326  data_time: 0.0033  memory: 2288  grad_norm: 0.5071  loss: 0.3896  loss_sem_seg: 0.3896
2026/06/19 02:59:29 - mmengine - INFO - Epoch(train)  [1][ 400/1671]  lr: 8.0000e-03  eta: 2:13:04  time: 0.1317  data_time: 0.0032  memory: 2264  grad_norm: 0.5108  loss: 0.3896  loss_sem_seg: 0.3896
2026/06/19 02:59:36 - mmengine - INFO - Epoch(train)  [1][ 450/1671]  lr: 8.0000e-03  eta: 2:13:02  time: 0.1342  data_time: 0.0031  memory: 2255  grad_norm: 0.4417  loss: 0.3636  loss_sem_seg: 0.3636
2026/06/19 02:59:43 - mmengine - INFO - Epoch(train)  [1][ 500/1671]  lr: 8.0000e-03  eta: 2:13:08  time: 0.1359  data_time: 0.0034  memory: 2215  grad_norm: 0.4415  loss: 0.3640  loss_sem_seg: 0.3640
2026/06/19 02:59:49 - mmengine - INFO - Epoch(train)  [1][ 550/1671]  lr: 8.0000e-03  eta: 2:13:00  time: 0.1337  data_time: 0.0031  memory: 2228  grad_norm: 0.4497  loss: 0.3638  loss_sem_seg: 0.3638
2026/06/19 02:59:56 - mmengine - INFO - Epoch(train)  [1][ 600/1671]  lr: 8.0000e-03  eta: 2:13:02  time: 0.1357  data_time: 0.0038  memory: 2199  grad_norm: 0.3781  loss: 0.3675  loss_sem_seg: 0.3675
2026/06/19 03:00:03 - mmengine - INFO - Epoch(train)  [1][ 650/1671]  lr: 8.0000e-03  eta: 2:12:48  time: 0.1325  data_time: 0.0033  memory: 2274  grad_norm: 0.4465  loss: 0.3933  loss_sem_seg: 0.3933
2026/06/19 03:00:09 - mmengine - INFO - Epoch(train)  [1][ 700/1671]  lr: 8.0000e-03  eta: 2:12:36  time: 0.1326  data_time: 0.0031  memory: 2296  grad_norm: 0.4094  loss: 0.3603  loss_sem_seg: 0.3603
2026/06/19 03:00:16 - mmengine - INFO - Epoch(train)  [1][ 750/1671]  lr: 8.0000e-03  eta: 2:12:32  time: 0.1344  data_time: 0.0032  memory: 2298  grad_norm: 0.4085  loss: 0.3435  loss_sem_seg: 0.3435
2026/06/19 03:00:23 - mmengine - INFO - Epoch(train)  [1][ 800/1671]  lr: 8.0000e-03  eta: 2:12:31  time: 0.1354  data_time: 0.0032  memory: 2251  grad_norm: 0.4315  loss: 0.3967  loss_sem_seg: 0.3967
2026/06/19 03:00:30 - mmengine - INFO - Epoch(train)  [1][ 850/1671]  lr: 8.0000e-03  eta: 2:12:26  time: 0.1346  data_time: 0.0034  memory: 2226  grad_norm: 0.4334  loss: 0.3935  loss_sem_seg: 0.3935
2026/06/19 03:00:36 - mmengine - INFO - Epoch(train)  [1][ 900/1671]  lr: 8.0000e-03  eta: 2:12:17  time: 0.1334  data_time: 0.0031  memory: 2323  grad_norm: 0.4152  loss: 0.3575  loss_sem_seg: 0.3575
2026/06/19 03:00:43 - mmengine - INFO - Epoch(train)  [1][ 950/1671]  lr: 8.0000e-03  eta: 2:12:13  time: 0.1348  data_time: 0.0033  memory: 2281  grad_norm: 0.5393  loss: 0.4095  loss_sem_seg: 0.4095
2026/06/19 03:00:50 - mmengine - INFO - Exp name: minkunet34_w32_minkowski_geometry_kitti_box_seg_20260619_025828
2026/06/19 03:00:50 - mmengine - INFO - Epoch(train)  [1][1000/1671]  lr: 8.0000e-03  eta: 2:12:03  time: 0.1327  data_time: 0.0032  memory: 2238  grad_norm: 0.4296  loss: 0.3640  loss_sem_seg: 0.3640
2026/06/19 03:00:56 - mmengine - INFO - Epoch(train)  [1][1050/1671]  lr: 8.0000e-03  eta: 2:11:49  time: 0.1316  data_time: 0.0031  memory: 2275  grad_norm: 0.3847  loss: 0.3321  loss_sem_seg: 0.3321
2026/06/19 03:01:03 - mmengine - INFO - Epoch(train)  [1][1100/1671]  lr: 8.0000e-03  eta: 2:11:34  time: 0.1306  data_time: 0.0031  memory: 2265  grad_norm: 0.4760  loss: 0.3857  loss_sem_seg: 0.3857
2026/06/19 03:01:09 - mmengine - INFO - Epoch(train)  [1][1150/1671]  lr: 8.0000e-03  eta: 2:11:26  time: 0.1331  data_time: 0.0030  memory: 2222  grad_norm: 0.3040  loss: 0.3150  loss_sem_seg: 0.3150
2026/06/19 03:01:16 - mmengine - INFO - Epoch(train)  [1][1200/1671]  lr: 8.0000e-03  eta: 2:11:22  time: 0.1347  data_time: 0.0041  memory: 2223  grad_norm: 0.3981  loss: 0.3491  loss_sem_seg: 0.3491
2026/06/19 03:01:23 - mmengine - INFO - Epoch(train)  [1][1250/1671]  lr: 8.0000e-03  eta: 2:11:18  time: 0.1349  data_time: 0.0033  memory: 2289  grad_norm: 0.4824  loss: 0.4415  loss_sem_seg: 0.4415
2026/06/19 03:01:30 - mmengine - INFO - Epoch(train)  [1][1300/1671]  lr: 8.0000e-03  eta: 2:11:14  time: 0.1352  data_time: 0.0034  memory: 2224  grad_norm: 0.3339  loss: 0.3327  loss_sem_seg: 0.3327
2026/06/19 03:01:36 - mmengine - INFO - Epoch(train)  [1][1350/1671]  lr: 8.0000e-03  eta: 2:11:07  time: 0.1333  data_time: 0.0033  memory: 2225  grad_norm: 0.3297  loss: 0.3219  loss_sem_seg: 0.3219
2026/06/19 03:01:43 - mmengine - INFO - Epoch(train)  [1][1400/1671]  lr: 8.0000e-03  eta: 2:10:59  time: 0.1334  data_time: 0.0031  memory: 2169  grad_norm: 0.4450  loss: 0.3817  loss_sem_seg: 0.3817
2026/06/19 03:01:50 - mmengine - INFO - Epoch(train)  [1][1450/1671]  lr: 8.0000e-03  eta: 2:10:51  time: 0.1330  data_time: 0.0031  memory: 2317  grad_norm: 0.3502  loss: 0.3116  loss_sem_seg: 0.3116
2026/06/19 03:01:56 - mmengine - INFO - Epoch(train)  [1][1500/1671]  lr: 8.0000e-03  eta: 2:10:43  time: 0.1331  data_time: 0.0033  memory: 2317  grad_norm: 0.3127  loss: 0.3080  loss_sem_seg: 0.3080
2026/06/19 03:02:03 - mmengine - INFO - Epoch(train)  [1][1550/1671]  lr: 8.0000e-03  eta: 2:10:31  time: 0.1309  data_time: 0.0031  memory: 2285  grad_norm: 0.3944  loss: 0.3668  loss_sem_seg: 0.3668
2026/06/19 03:02:09 - mmengine - INFO - Epoch(train)  [1][1600/1671]  lr: 8.0000e-03  eta: 2:10:20  time: 0.1312  data_time: 0.0030  memory: 2278  grad_norm: 0.3823  loss: 0.3469  loss_sem_seg: 0.3469
2026/06/19 03:02:16 - mmengine - INFO - Epoch(train)  [1][1650/1671]  lr: 8.0000e-03  eta: 2:10:13  time: 0.1334  data_time: 0.0031  memory: 2229  grad_norm: 0.3247  loss: 0.3126  loss_sem_seg: 0.3126
2026/06/19 03:02:19 - mmengine - INFO - Exp name: minkunet34_w32_minkowski_geometry_kitti_box_seg_20260619_025828
2026/06/19 03:02:19 - mmengine - INFO - Saving checkpoint at 1 epochs
2026/06/19 03:02:22 - mmengine - INFO - Epoch(val)  [1][ 50/371]    eta: 0:00:10  time: 0.0327  data_time: 0.0062  memory: 2202  
2026/06/19 03:02:23 - mmengine - INFO - Epoch(val)  [1][100/371]    eta: 0:00:08  time: 0.0278  data_time: 0.0025  memory: 685  
2026/06/19 03:02:25 - mmengine - INFO - Epoch(val)  [1][150/371]    eta: 0:00:06  time: 0.0279  data_time: 0.0024  memory: 682  
2026/06/19 03:02:26 - mmengine - INFO - Epoch(val)  [1][200/371]    eta: 0:00:04  time: 0.0285  data_time: 0.0024  memory: 683  
2026/06/19 03:02:28 - mmengine - INFO - Epoch(val)  [1][250/371]    eta: 0:00:03  time: 0.0274  data_time: 0.0022  memory: 677  
2026/06/19 03:02:29 - mmengine - INFO - Epoch(val)  [1][300/371]    eta: 0:00:02  time: 0.0278  data_time: 0.0023  memory: 684  
2026/06/19 03:02:30 - mmengine - INFO - Epoch(val)  [1][350/371]    eta: 0:00:00  time: 0.0281  data_time: 0.0022  memory: 684  
2026/06/19 03:02:31 - mmengine - INFO - 
+---------+------------+------------+--------+--------+---------+
| classes | background | foreground | miou   | acc    | acc_cls |
+---------+------------+------------+--------+--------+---------+
| results | 0.9127     | 0.4058     | 0.6592 | 0.9176 | 0.9067  |
+---------+------------+------------+--------+--------+---------+
2026/06/19 03:02:31 - mmengine - INFO - Epoch(val) [1][371/371]    background: 0.9127  foreground: 0.4058  miou: 0.6592  acc: 0.9176  acc_cls: 0.9067  data_time: 0.0029  time: 0.0285
2026/06/19 03:02:32 - mmengine - INFO - The best checkpoint with 0.4058 foreground at 1 epoch is saved to best_foreground_epoch_1.pth.
2026/06/19 03:02:43 - mmengine - INFO - Epoch(train)  [2][  50/1671]  lr: 8.0000e-03  eta: 2:09:57  time: 0.1321  data_time: 0.0034  memory: 2183  grad_norm: 0.3343  loss: 0.3473  loss_sem_seg: 0.3473
2026/06/19 03:02:49 - mmengine - INFO - Epoch(train)  [2][ 100/1671]  lr: 8.0000e-03  eta: 2:09:47  time: 0.1312  data_time: 0.0032  memory: 2153  grad_norm: 0.3427  loss: 0.3242  loss_sem_seg: 0.3242
2026/06/19 03:02:56 - mmengine - INFO - Epoch(train)  [2][ 150/1671]  lr: 8.0000e-03  eta: 2:09:37  time: 0.1315  data_time: 0.0030  memory: 2286  grad_norm: 0.3920  loss: 0.3775  loss_sem_seg: 0.3775
2026/06/19 03:03:03 - mmengine - INFO - Epoch(train)  [2][ 200/1671]  lr: 8.0000e-03  eta: 2:09:26  time: 0.1304  data_time: 0.0035  memory: 2215  grad_norm: 0.4265  loss: 0.4083  loss_sem_seg: 0.4083
2026/06/19 03:03:09 - mmengine - INFO - Epoch(train)  [2][ 250/1671]  lr: 8.0000e-03  eta: 2:09:16  time: 0.1313  data_time: 0.0031  memory: 2228  grad_norm: 0.2669  loss: 0.3063  loss_sem_seg: 0.3063
2026/06/19 03:03:16 - mmengine - INFO - Epoch(train)  [2][ 300/1671]  lr: 8.0000e-03  eta: 2:09:07  time: 0.1316  data_time: 0.0031  memory: 2283  grad_norm: 0.3589  loss: 0.3331  loss_sem_seg: 0.3331
2026/06/19 03:03:20 - mmengine - INFO - Exp name: minkunet34_w32_minkowski_geometry_kitti_box_seg_20260619_025828
2026/06/19 03:03:22 - mmengine - INFO - Epoch(train)  [2][ 350/1671]  lr: 8.0000e-03  eta: 2:08:59  time: 0.1322  data_time: 0.0031  memory: 2208  grad_norm: 0.4170  loss: 0.3542  loss_sem_seg: 0.3542
2026/06/19 03:03:29 - mmengine - INFO - Epoch(train)  [2][ 400/1671]  lr: 8.0000e-03  eta: 2:08:52  time: 0.1327  data_time: 0.0032  memory: 2281  grad_norm: 0.3639  loss: 0.3252  loss_sem_seg: 0.3252
2026/06/19 03:03:36 - mmengine - INFO - Epoch(train)  [2][ 450/1671]  lr: 8.0000e-03  eta: 2:08:44  time: 0.1319  data_time: 0.0031  memory: 2253  grad_norm: 0.3485  loss: 0.3410  loss_sem_seg: 0.3410
2026/06/19 03:03:42 - mmengine - INFO - Epoch(train)  [2][ 500/1671]  lr: 8.0000e-03  eta: 2:08:39  time: 0.1346  data_time: 0.0032  memory: 2242  grad_norm: 0.3051  loss: 0.3000  loss_sem_seg: 0.3000
2026/06/19 03:03:49 - mmengine - INFO - Epoch(train)  [2][ 550/1671]  lr: 8.0000e-03  eta: 2:08:32  time: 0.1327  data_time: 0.0030  memory: 2295  grad_norm: 0.3155  loss: 0.2846  loss_sem_seg: 0.2846
2026/06/19 03:03:56 - mmengine - INFO - Epoch(train)  [2][ 600/1671]  lr: 8.0000e-03  eta: 2:08:29  time: 0.1359  data_time: 0.0031  memory: 2239  grad_norm: 0.3203  loss: 0.3197  loss_sem_seg: 0.3197
2026/06/19 03:04:02 - mmengine - INFO - Epoch(train)  [2][ 650/1671]  lr: 8.0000e-03  eta: 2:08:24  time: 0.1350  data_time: 0.0031  memory: 2249  grad_norm: 0.3349  loss: 0.3215  loss_sem_seg: 0.3215
2026/06/19 03:04:09 - mmengine - INFO - Epoch(train)  [2][ 700/1671]  lr: 8.0000e-03  eta: 2:08:18  time: 0.1335  data_time: 0.0036  memory: 2240  grad_norm: 0.3182  loss: 0.3143  loss_sem_seg: 0.3143
2026/06/19 03:04:15 - mmengine - INFO - Epoch(train)  [2][ 750/1671]  lr: 8.0000e-03  eta: 2:08:00  time: 0.1240  data_time: 0.0032  memory: 2236  grad_norm: 0.3070  loss: 0.3014  loss_sem_seg: 0.3014
2026/06/19 03:04:22 - mmengine - INFO - Epoch(train)  [2][ 800/1671]  lr: 8.0000e-03  eta: 2:07:55  time: 0.1339  data_time: 0.0032  memory: 2233  grad_norm: 0.2911  loss: 0.2856  loss_sem_seg: 0.2856
2026/06/19 03:04:29 - mmengine - INFO - Epoch(train)  [2][ 850/1671]  lr: 8.0000e-03  eta: 2:07:47  time: 0.1324  data_time: 0.0033  memory: 2215  grad_norm: 0.3547  loss: 0.3411  loss_sem_seg: 0.3411
2026/06/19 03:04:35 - mmengine - INFO - Epoch(train)  [2][ 900/1671]  lr: 8.0000e-03  eta: 2:07:41  time: 0.1336  data_time: 0.0031  memory: 2228  grad_norm: 0.2793  loss: 0.2823  loss_sem_seg: 0.2823
2026/06/19 03:04:42 - mmengine - INFO - Epoch(train)  [2][ 950/1671]  lr: 8.0000e-03  eta: 2:07:38  time: 0.1357  data_time: 0.0033  memory: 2310  grad_norm: 0.3164  loss: 0.3163  loss_sem_seg: 0.3163
2026/06/19 03:04:49 - mmengine - INFO - Epoch(train)  [2][1000/1671]  lr: 8.0000e-03  eta: 2:07:32  time: 0.1340  data_time: 0.0033  memory: 2224  grad_norm: 0.4032  loss: 0.3563  loss_sem_seg: 0.3563
2026/06/19 03:04:56 - mmengine - INFO - Epoch(train)  [2][1050/1671]  lr: 8.0000e-03  eta: 2:07:26  time: 0.1337  data_time: 0.0033  memory: 2267  grad_norm: 0.3477  loss: 0.3476  loss_sem_seg: 0.3476
2026/06/19 03:05:02 - mmengine - INFO - Epoch(train)  [2][1100/1671]  lr: 8.0000e-03  eta: 2:07:21  time: 0.1346  data_time: 0.0033  memory: 2184  grad_norm: 0.3237  loss: 0.2797  loss_sem_seg: 0.2797
2026/06/19 03:05:09 - mmengine - INFO - Epoch(train)  [2][1150/1671]  lr: 8.0000e-03  eta: 2:07:15  time: 0.1346  data_time: 0.0040  memory: 2186  grad_norm: 0.3255  loss: 0.3166  loss_sem_seg: 0.3166
2026/06/19 03:05:16 - mmengine - INFO - Epoch(train)  [2][1200/1671]  lr: 8.0000e-03  eta: 2:07:09  time: 0.1334  data_time: 0.0032  memory: 2318  grad_norm: 0.3822  loss: 0.3634  loss_sem_seg: 0.3634
2026/06/19 03:05:22 - mmengine - INFO - Epoch(train)  [2][1250/1671]  lr: 8.0000e-03  eta: 2:07:04  time: 0.1345  data_time: 0.0032  memory: 2247  grad_norm: 0.2897  loss: 0.2951  loss_sem_seg: 0.2951
2026/06/19 03:05:29 - mmengine - INFO - Epoch(train)  [2][1300/1671]  lr: 8.0000e-03  eta: 2:06:58  time: 0.1340  data_time: 0.0034  memory: 2251  grad_norm: 0.3435  loss: 0.3360  loss_sem_seg: 0.3360
2026/06/19 03:05:33 - mmengine - INFO - Exp name: minkunet34_w32_minkowski_geometry_kitti_box_seg_20260619_025828
2026/06/19 03:05:36 - mmengine - INFO - Epoch(train)  [2][1350/1671]  lr: 8.0000e-03  eta: 2:06:54  time: 0.1361  data_time: 0.0034  memory: 2266  grad_norm: 0.2720  loss: 0.2617  loss_sem_seg: 0.2617
2026/06/19 03:05:43 - mmengine - INFO - Epoch(train)  [2][1400/1671]  lr: 8.0000e-03  eta: 2:06:50  time: 0.1362  data_time: 0.0033  memory: 2156  grad_norm: 0.3090  loss: 0.3291  loss_sem_seg: 0.3291
2026/06/19 03:05:49 - mmengine - INFO - Epoch(train)  [2][1450/1671]  lr: 8.0000e-03  eta: 2:06:43  time: 0.1334  data_time: 0.0032  memory: 2340  grad_norm: 0.3332  loss: 0.3198  loss_sem_seg: 0.3198
2026/06/19 03:05:56 - mmengine - INFO - Epoch(train)  [2][1500/1671]  lr: 8.0000e-03  eta: 2:06:39  time: 0.1354  data_time: 0.0033  memory: 2280  grad_norm: 0.3042  loss: 0.2953  loss_sem_seg: 0.2953
2026/06/19 03:06:03 - mmengine - INFO - Epoch(train)  [2][1550/1671]  lr: 8.0000e-03  eta: 2:06:33  time: 0.1345  data_time: 0.0037  memory: 2282  grad_norm: 0.3295  loss: 0.3213  loss_sem_seg: 0.3213
2026/06/19 03:06:10 - mmengine - INFO - Epoch(train)  [2][1600/1671]  lr: 8.0000e-03  eta: 2:06:27  time: 0.1341  data_time: 0.0032  memory: 2317  grad_norm: 0.3355  loss: 0.3223  loss_sem_seg: 0.3223
2026/06/19 03:06:16 - mmengine - INFO - Epoch(train)  [2][1650/1671]  lr: 8.0000e-03  eta: 2:06:21  time: 0.1344  data_time: 0.0033  memory: 2222  grad_norm: 0.3075  loss: 0.2909  loss_sem_seg: 0.2909
2026/06/19 03:06:19 - mmengine - INFO - Exp name: minkunet34_w32_minkowski_geometry_kitti_box_seg_20260619_025828
2026/06/19 03:06:19 - mmengine - INFO - Saving checkpoint at 2 epochs
2026/06/19 03:06:22 - mmengine - INFO - Epoch(val)  [2][ 50/371]    eta: 0:00:09  time: 0.0287  data_time: 0.0028  memory: 2143  
2026/06/19 03:06:24 - mmengine - INFO - Epoch(val)  [2][100/371]    eta: 0:00:07  time: 0.0283  data_time: 0.0024  memory: 685  
2026/06/19 03:06:25 - mmengine - INFO - Epoch(val)  [2][150/371]    eta: 0:00:06  time: 0.0286  data_time: 0.0027  memory: 682  
2026/06/19 03:06:27 - mmengine - INFO - Epoch(val)  [2][200/371]    eta: 0:00:04  time: 0.0287  data_time: 0.0026  memory: 683  
2026/06/19 03:06:28 - mmengine - INFO - Epoch(val)  [2][250/371]    eta: 0:00:03  time: 0.0285  data_time: 0.0024  memory: 677  
2026/06/19 03:06:29 - mmengine - INFO - Epoch(val)  [2][300/371]    eta: 0:00:02  time: 0.0281  data_time: 0.0024  memory: 684  
2026/06/19 03:06:31 - mmengine - INFO - Epoch(val)  [2][350/371]    eta: 0:00:00  time: 0.0278  data_time: 0.0024  memory: 684  
2026/06/19 03:06:31 - mmengine - INFO - 
+---------+------------+------------+--------+--------+---------+
| classes | background | foreground | miou   | acc    | acc_cls |
+---------+------------+------------+--------+--------+---------+
| results | 0.9446     | 0.4933     | 0.7189 | 0.9474 | 0.8852  |
+---------+------------+------------+--------+--------+---------+
2026/06/19 03:06:31 - mmengine - INFO - Epoch(val) [2][371/371]    background: 0.9446  foreground: 0.4933  miou: 0.7189  acc: 0.9474  acc_cls: 0.8852  data_time: 0.0025  time: 0.0283
2026/06/19 03:06:31 - mmengine - INFO - The previous best checkpoint /public/DATA/sm/RACO-LPCC/mmdetection3d/work_dirs/minkunet_kitti_fov_box_seg_geometry/best_foreground_epoch_1.pth is removed
2026/06/19 03:06:32 - mmengine - INFO - The best checkpoint with 0.4933 foreground at 2 epoch is saved to best_foreground_epoch_2.pth.
2026/06/19 03:06:43 - mmengine - INFO - Epoch(train)  [3][  50/1671]  lr: 8.0000e-03  eta: 2:06:13  time: 0.1360  data_time: 0.0035  memory: 2237  grad_norm: 0.2810  loss: 0.2730  loss_sem_seg: 0.2730
2026/06/19 03:06:50 - mmengine - INFO - Epoch(train)  [3][ 100/1671]  lr: 8.0000e-03  eta: 2:06:05  time: 0.1326  data_time: 0.0032  memory: 2360  grad_norm: 0.2968  loss: 0.3031  loss_sem_seg: 0.3031
2026/06/19 03:06:57 - mmengine - INFO - Epoch(train)  [3][ 150/1671]  lr: 8.0000e-03  eta: 2:05:59  time: 0.1342  data_time: 0.0033  memory: 2210  grad_norm: 0.3893  loss: 0.3505  loss_sem_seg: 0.3505
2026/06/19 03:07:03 - mmengine - INFO - Epoch(train)  [3][ 200/1671]  lr: 8.0000e-03  eta: 2:05:54  time: 0.1353  data_time: 0.0033  memory: 2283  grad_norm: 0.2876  loss: 0.2933  loss_sem_seg: 0.2933
2026/06/19 03:07:10 - mmengine - INFO - Epoch(train)  [3][ 250/1671]  lr: 8.0000e-03  eta: 2:05:47  time: 0.1323  data_time: 0.0032  memory: 2241  grad_norm: 0.4311  loss: 0.3532  loss_sem_seg: 0.3532
2026/06/19 03:07:17 - mmengine - INFO - Epoch(train)  [3][ 300/1671]  lr: 8.0000e-03  eta: 2:05:40  time: 0.1335  data_time: 0.0031  memory: 2255  grad_norm: 0.3184  loss: 0.3111  loss_sem_seg: 0.3111
2026/06/19 03:07:23 - mmengine - INFO - Epoch(train)  [3][ 350/1671]  lr: 8.0000e-03  eta: 2:05:32  time: 0.1320  data_time: 0.0031  memory: 2272  grad_norm: 0.3246  loss: 0.3313  loss_sem_seg: 0.3313
2026/06/19 03:07:30 - mmengine - INFO - Epoch(train)  [3][ 400/1671]  lr: 8.0000e-03  eta: 2:05:27  time: 0.1350  data_time: 0.0032  memory: 2212  grad_norm: 0.3346  loss: 0.3301  loss_sem_seg: 0.3301
2026/06/19 03:07:37 - mmengine - INFO - Epoch(train)  [3][ 450/1671]  lr: 8.0000e-03  eta: 2:05:19  time: 0.1324  data_time: 0.0031  memory: 2314  grad_norm: 0.2947  loss: 0.2712  loss_sem_seg: 0.2712
2026/06/19 03:07:43 - mmengine - INFO - Epoch(train)  [3][ 500/1671]  lr: 8.0000e-03  eta: 2:05:14  time: 0.1348  data_time: 0.0032  memory: 2236  grad_norm: 0.2733  loss: 0.2818  loss_sem_seg: 0.2818
2026/06/19 03:07:50 - mmengine - INFO - Epoch(train)  [3][ 550/1671]  lr: 8.0000e-03  eta: 2:05:10  time: 0.1369  data_time: 0.0033  memory: 2215  grad_norm: 0.3191  loss: 0.3046  loss_sem_seg: 0.3046
2026/06/19 03:07:57 - mmengine - INFO - Epoch(train)  [3][ 600/1671]  lr: 8.0000e-03  eta: 2:05:06  time: 0.1379  data_time: 0.0035  memory: 2298  grad_norm: 0.3204  loss: 0.3147  loss_sem_seg: 0.3147
2026/06/19 03:08:04 - mmengine - INFO - Epoch(train)  [3][ 650/1671]  lr: 8.0000e-03  eta: 2:04:59  time: 0.1328  data_time: 0.0033  memory: 2269  grad_norm: 0.3112  loss: 0.3148  loss_sem_seg: 0.3148
2026/06/19 03:08:05 - mmengine - INFO - Exp name: minkunet34_w32_minkowski_geometry_kitti_box_seg_20260619_025828
2026/06/19 03:08:11 - mmengine - INFO - Epoch(train)  [3][ 700/1671]  lr: 8.0000e-03  eta: 2:04:53  time: 0.1350  data_time: 0.0034  memory: 2212  grad_norm: 0.3131  loss: 0.3129  loss_sem_seg: 0.3129
2026/06/19 03:08:17 - mmengine - INFO - Epoch(train)  [3][ 750/1671]  lr: 8.0000e-03  eta: 2:04:49  time: 0.1369  data_time: 0.0032  memory: 2227  grad_norm: 0.3361  loss: 0.3078  loss_sem_seg: 0.3078
2026/06/19 03:08:24 - mmengine - INFO - Epoch(train)  [3][ 800/1671]  lr: 8.0000e-03  eta: 2:04:43  time: 0.1351  data_time: 0.0032  memory: 2247  grad_norm: 0.3056  loss: 0.2881  loss_sem_seg: 0.2881
2026/06/19 03:08:31 - mmengine - INFO - Epoch(train)  [3][ 850/1671]  lr: 8.0000e-03  eta: 2:04:37  time: 0.1345  data_time: 0.0034  memory: 2231  grad_norm: 0.3143  loss: 0.3054  loss_sem_seg: 0.3054
2026/06/19 03:08:38 - mmengine - INFO - Epoch(train)  [3][ 900/1671]  lr: 8.0000e-03  eta: 2:04:30  time: 0.1334  data_time: 0.0031  memory: 2226  grad_norm: 0.3062  loss: 0.3033  loss_sem_seg: 0.3033
2026/06/19 03:08:44 - mmengine - INFO - Epoch(train)  [3][ 950/1671]  lr: 8.0000e-03  eta: 2:04:23  time: 0.1333  data_time: 0.0033  memory: 2185  grad_norm: 0.2368  loss: 0.2647  loss_sem_seg: 0.2647
2026/06/19 03:08:51 - mmengine - INFO - Epoch(train)  [3][1000/1671]  lr: 8.0000e-03  eta: 2:04:17  time: 0.1338  data_time: 0.0031  memory: 2351  grad_norm: 0.3257  loss: 0.3104  loss_sem_seg: 0.3104
2026/06/19 03:08:58 - mmengine - INFO - Epoch(train)  [3][1050/1671]  lr: 8.0000e-03  eta: 2:04:10  time: 0.1326  data_time: 0.0034  memory: 2105  grad_norm: 0.3201  loss: 0.3239  loss_sem_seg: 0.3239
2026/06/19 03:09:04 - mmengine - INFO - Epoch(train)  [3][1100/1671]  lr: 8.0000e-03  eta: 2:04:03  time: 0.1334  data_time: 0.0032  memory: 2286  grad_norm: 0.2776  loss: 0.3142  loss_sem_seg: 0.3142
2026/06/19 03:09:11 - mmengine - INFO - Epoch(train)  [3][1150/1671]  lr: 8.0000e-03  eta: 2:03:57  time: 0.1350  data_time: 0.0032  memory: 2353  grad_norm: 0.3155  loss: 0.3255  loss_sem_seg: 0.3255
2026/06/19 03:09:18 - mmengine - INFO - Epoch(train)  [3][1200/1671]  lr: 8.0000e-03  eta: 2:03:50  time: 0.1329  data_time: 0.0032  memory: 2185  grad_norm: 0.3089  loss: 0.3039  loss_sem_seg: 0.3039
2026/06/19 03:09:24 - mmengine - INFO - Epoch(train)  [3][1250/1671]  lr: 8.0000e-03  eta: 2:03:44  time: 0.1343  data_time: 0.0033  memory: 2204  grad_norm: 0.2533  loss: 0.2804  loss_sem_seg: 0.2804
2026/06/19 03:09:31 - mmengine - INFO - Epoch(train)  [3][1300/1671]  lr: 8.0000e-03  eta: 2:03:37  time: 0.1334  data_time: 0.0035  memory: 2304  grad_norm: 0.3126  loss: 0.2991  loss_sem_seg: 0.2991
2026/06/19 03:09:38 - mmengine - INFO - Epoch(train)  [3][1350/1671]  lr: 8.0000e-03  eta: 2:03:31  time: 0.1351  data_time: 0.0033  memory: 2266  grad_norm: 0.3019  loss: 0.2826  loss_sem_seg: 0.2826
2026/06/19 03:09:45 - mmengine - INFO - Epoch(train)  [3][1400/1671]  lr: 8.0000e-03  eta: 2:03:26  time: 0.1358  data_time: 0.0034  memory: 2200  grad_norm: 0.3011  loss: 0.3262  loss_sem_seg: 0.3262
2026/06/19 03:09:51 - mmengine - INFO - Epoch(train)  [3][1450/1671]  lr: 8.0000e-03  eta: 2:03:19  time: 0.1340  data_time: 0.0034  memory: 2297  grad_norm: 0.3887  loss: 0.3440  loss_sem_seg: 0.3440
2026/06/19 03:09:58 - mmengine - INFO - Epoch(train)  [3][1500/1671]  lr: 8.0000e-03  eta: 2:03:13  time: 0.1348  data_time: 0.0033  memory: 2296  grad_norm: 0.2909  loss: 0.3094  loss_sem_seg: 0.3094
2026/06/19 03:10:05 - mmengine - INFO - Epoch(train)  [3][1550/1671]  lr: 8.0000e-03  eta: 2:03:07  time: 0.1352  data_time: 0.0031  memory: 2284  grad_norm: 0.2789  loss: 0.2866  loss_sem_seg: 0.2866
2026/06/19 03:10:11 - mmengine - INFO - Epoch(train)  [3][1600/1671]  lr: 8.0000e-03  eta: 2:02:59  time: 0.1309  data_time: 0.0033  memory: 2247  grad_norm: 0.3068  loss: 0.2946  loss_sem_seg: 0.2946
2026/06/19 03:10:18 - mmengine - INFO - Epoch(train)  [3][1650/1671]  lr: 8.0000e-03  eta: 2:02:51  time: 0.1317  data_time: 0.0034  memory: 2299  grad_norm: 0.3032  loss: 0.2945  loss_sem_seg: 0.2945
2026/06/19 03:10:19 - mmengine - INFO - Exp name: minkunet34_w32_minkowski_geometry_kitti_box_seg_20260619_025828
2026/06/19 03:10:20 - mmengine - INFO - Exp name: minkunet34_w32_minkowski_geometry_kitti_box_seg_20260619_025828
2026/06/19 03:10:20 - mmengine - INFO - Saving checkpoint at 3 epochs
2026/06/19 03:10:23 - mmengine - INFO - Epoch(val)  [3][ 50/371]    eta: 0:00:08  time: 0.0274  data_time: 0.0024  memory: 2112  
2026/06/19 03:10:25 - mmengine - INFO - Epoch(val)  [3][100/371]    eta: 0:00:07  time: 0.0271  data_time: 0.0022  memory: 685  
2026/06/19 03:10:26 - mmengine - INFO - Epoch(val)  [3][150/371]    eta: 0:00:06  time: 0.0286  data_time: 0.0026  memory: 682  
2026/06/19 03:10:28 - mmengine - INFO - Epoch(val)  [3][200/371]    eta: 0:00:04  time: 0.0285  data_time: 0.0023  memory: 683  
2026/06/19 03:10:29 - mmengine - INFO - Epoch(val)  [3][250/371]    eta: 0:00:03  time: 0.0283  data_time: 0.0022  memory: 677  
2026/06/19 03:10:30 - mmengine - INFO - Epoch(val)  [3][300/371]    eta: 0:00:01  time: 0.0281  data_time: 0.0024  memory: 684  
2026/06/19 03:10:32 - mmengine - INFO - Epoch(val)  [3][350/371]    eta: 0:00:00  time: 0.0273  data_time: 0.0024  memory: 684  
2026/06/19 03:10:32 - mmengine - INFO - 
+---------+------------+------------+--------+--------+---------+
| classes | background | foreground | miou   | acc    | acc_cls |
+---------+------------+------------+--------+--------+---------+
| results | 0.9344     | 0.4699     | 0.7022 | 0.9380 | 0.9077  |
+---------+------------+------------+--------+--------+---------+
2026/06/19 03:10:32 - mmengine - INFO - Epoch(val) [3][371/371]    background: 0.9344  foreground: 0.4699  miou: 0.7022  acc: 0.9380  acc_cls: 0.9077  data_time: 0.0023  time: 0.0279
2026/06/19 03:10:39 - mmengine - INFO - Epoch(train)  [4][  50/1671]  lr: 8.0000e-03  eta: 2:02:37  time: 0.1297  data_time: 0.0033  memory: 2294  grad_norm: 0.2626  loss: 0.2638  loss_sem_seg: 0.2638
2026/06/19 03:10:46 - mmengine - INFO - Epoch(train)  [4][ 100/1671]  lr: 8.0000e-03  eta: 2:02:32  time: 0.1364  data_time: 0.0034  memory: 2243  grad_norm: 0.2575  loss: 0.3033  loss_sem_seg: 0.3033
2026/06/19 03:10:53 - mmengine - INFO - Epoch(train)  [4][ 150/1671]  lr: 8.0000e-03  eta: 2:02:26  time: 0.1344  data_time: 0.0031  memory: 2230  grad_norm: 0.2729  loss: 0.2893  loss_sem_seg: 0.2893
2026/06/19 03:10:59 - mmengine - INFO - Epoch(train)  [4][ 200/1671]  lr: 8.0000e-03  eta: 2:02:18  time: 0.1323  data_time: 0.0032  memory: 2187  grad_norm: 0.2572  loss: 0.3077  loss_sem_seg: 0.3077
2026/06/19 03:11:06 - mmengine - INFO - Epoch(train)  [4][ 250/1671]  lr: 8.0000e-03  eta: 2:02:11  time: 0.1332  data_time: 0.0032  memory: 2210  grad_norm: 0.3186  loss: 0.3070  loss_sem_seg: 0.3070
2026/06/19 03:11:12 - mmengine - INFO - Epoch(train)  [4][ 300/1671]  lr: 8.0000e-03  eta: 2:02:04  time: 0.1329  data_time: 0.0032  memory: 2232  grad_norm: 0.3438  loss: 0.3166  loss_sem_seg: 0.3166
2026/06/19 03:11:19 - mmengine - INFO - Epoch(train)  [4][ 350/1671]  lr: 8.0000e-03  eta: 2:01:58  time: 0.1350  data_time: 0.0034  memory: 2201  grad_norm: 0.2928  loss: 0.3045  loss_sem_seg: 0.3045
2026/06/19 03:11:26 - mmengine - INFO - Epoch(train)  [4][ 400/1671]  lr: 8.0000e-03  eta: 2:01:52  time: 0.1334  data_time: 0.0032  memory: 2283  grad_norm: 0.2917  loss: 0.3041  loss_sem_seg: 0.3041
2026/06/19 03:11:33 - mmengine - INFO - Epoch(train)  [4][ 450/1671]  lr: 8.0000e-03  eta: 2:01:46  time: 0.1368  data_time: 0.0034  memory: 2250  grad_norm: 0.2761  loss: 0.2996  loss_sem_seg: 0.2996
2026/06/19 03:11:39 - mmengine - INFO - Epoch(train)  [4][ 500/1671]  lr: 8.0000e-03  eta: 2:01:40  time: 0.1347  data_time: 0.0033  memory: 2174  grad_norm: 0.2694  loss: 0.3118  loss_sem_seg: 0.3118
2026/06/19 03:11:46 - mmengine - INFO - Epoch(train)  [4][ 550/1671]  lr: 8.0000e-03  eta: 2:01:34  time: 0.1342  data_time: 0.0032  memory: 2280  grad_norm: 0.2617  loss: 0.2750  loss_sem_seg: 0.2750
2026/06/19 03:11:53 - mmengine - INFO - Epoch(train)  [4][ 600/1671]  lr: 8.0000e-03  eta: 2:01:25  time: 0.1285  data_time: 0.0030  memory: 2234  grad_norm: 0.2595  loss: 0.2625  loss_sem_seg: 0.2625
2026/06/19 03:11:59 - mmengine - INFO - Epoch(train)  [4][ 650/1671]  lr: 8.0000e-03  eta: 2:01:19  time: 0.1351  data_time: 0.0039  memory: 2281  grad_norm: 0.3030  loss: 0.3149  loss_sem_seg: 0.3149
2026/06/19 03:12:06 - mmengine - INFO - Epoch(train)  [4][ 700/1671]  lr: 8.0000e-03  eta: 2:01:12  time: 0.1340  data_time: 0.0033  memory: 2372  grad_norm: 0.3063  loss: 0.3249  loss_sem_seg: 0.3249
2026/06/19 03:12:13 - mmengine - INFO - Epoch(train)  [4][ 750/1671]  lr: 8.0000e-03  eta: 2:01:06  time: 0.1348  data_time: 0.0031  memory: 2267  grad_norm: 0.2470  loss: 0.2727  loss_sem_seg: 0.2727
2026/06/19 03:12:20 - mmengine - INFO - Epoch(train)  [4][ 800/1671]  lr: 8.0000e-03  eta: 2:01:00  time: 0.1351  data_time: 0.0035  memory: 2276  grad_norm: 0.2351  loss: 0.2677  loss_sem_seg: 0.2677
2026/06/19 03:12:26 - mmengine - INFO - Epoch(train)  [4][ 850/1671]  lr: 8.0000e-03  eta: 2:00:54  time: 0.1347  data_time: 0.0033  memory: 2264  grad_norm: 0.2763  loss: 0.3031  loss_sem_seg: 0.3031
2026/06/19 03:12:33 - mmengine - INFO - Epoch(train)  [4][ 900/1671]  lr: 8.0000e-03  eta: 2:00:48  time: 0.1348  data_time: 0.0032  memory: 2316  grad_norm: 0.2504  loss: 0.2638  loss_sem_seg: 0.2638
2026/06/19 03:12:40 - mmengine - INFO - Epoch(train)  [4][ 950/1671]  lr: 8.0000e-03  eta: 2:00:42  time: 0.1351  data_time: 0.0032  memory: 2310  grad_norm: 0.2708  loss: 0.2841  loss_sem_seg: 0.2841
2026/06/19 03:12:45 - mmengine - INFO - Exp name: minkunet34_w32_minkowski_geometry_kitti_box_seg_20260619_025828
2026/06/19 03:12:46 - mmengine - INFO - Epoch(train)  [4][1000/1671]  lr: 8.0000e-03  eta: 2:00:36  time: 0.1343  data_time: 0.0032  memory: 2311  grad_norm: 0.3103  loss: 0.3162  loss_sem_seg: 0.3162
2026/06/19 03:12:53 - mmengine - INFO - Epoch(train)  [4][1050/1671]  lr: 8.0000e-03  eta: 2:00:29  time: 0.1343  data_time: 0.0032  memory: 2223  grad_norm: 0.2490  loss: 0.2786  loss_sem_seg: 0.2786
2026/06/19 03:13:00 - mmengine - INFO - Epoch(train)  [4][1100/1671]  lr: 8.0000e-03  eta: 2:00:21  time: 0.1306  data_time: 0.0033  memory: 2167  grad_norm: 0.2994  loss: 0.3117  loss_sem_seg: 0.3117
2026/06/19 03:13:06 - mmengine - INFO - Epoch(train)  [4][1150/1671]  lr: 8.0000e-03  eta: 2:00:14  time: 0.1331  data_time: 0.0032  memory: 2326  grad_norm: 0.2621  loss: 0.2929  loss_sem_seg: 0.2929
2026/06/19 03:13:13 - mmengine - INFO - Epoch(train)  [4][1200/1671]  lr: 8.0000e-03  eta: 2:00:08  time: 0.1347  data_time: 0.0031  memory: 2305  grad_norm: 0.3039  loss: 0.3010  loss_sem_seg: 0.3010
2026/06/19 03:13:20 - mmengine - INFO - Epoch(train)  [4][1250/1671]  lr: 8.0000e-03  eta: 2:00:01  time: 0.1339  data_time: 0.0034  memory: 2280  grad_norm: 0.3480  loss: 0.3257  loss_sem_seg: 0.3257
2026/06/19 03:13:27 - mmengine - INFO - Epoch(train)  [4][1300/1671]  lr: 8.0000e-03  eta: 1:59:55  time: 0.1352  data_time: 0.0034  memory: 2232  grad_norm: 0.2520  loss: 0.2757  loss_sem_seg: 0.2757
2026/06/19 03:13:33 - mmengine - INFO - Epoch(train)  [4][1350/1671]  lr: 8.0000e-03  eta: 1:59:48  time: 0.1326  data_time: 0.0033  memory: 2222  grad_norm: 0.3103  loss: 0.3112  loss_sem_seg: 0.3112
2026/06/19 03:13:40 - mmengine - INFO - Epoch(train)  [4][1400/1671]  lr: 8.0000e-03  eta: 1:59:41  time: 0.1336  data_time: 0.0036  memory: 2191  grad_norm: 0.2226  loss: 0.2659  loss_sem_seg: 0.2659
2026/06/19 03:13:47 - mmengine - INFO - Epoch(train)  [4][1450/1671]  lr: 8.0000e-03  eta: 1:59:35  time: 0.1338  data_time: 0.0031  memory: 2167  grad_norm: 0.3105  loss: 0.3141  loss_sem_seg: 0.3141
2026/06/19 03:13:53 - mmengine - INFO - Epoch(train)  [4][1500/1671]  lr: 8.0000e-03  eta: 1:59:29  time: 0.1351  data_time: 0.0032  memory: 2252  grad_norm: 0.3214  loss: 0.3159  loss_sem_seg: 0.3159
2026/06/19 03:14:00 - mmengine - INFO - Epoch(train)  [4][1550/1671]  lr: 8.0000e-03  eta: 1:59:22  time: 0.1326  data_time: 0.0032  memory: 2130  grad_norm: 0.2649  loss: 0.2958  loss_sem_seg: 0.2958
2026/06/19 03:14:07 - mmengine - INFO - Epoch(train)  [4][1600/1671]  lr: 8.0000e-03  eta: 1:59:15  time: 0.1338  data_time: 0.0032  memory: 2227  grad_norm: 0.2759  loss: 0.2865  loss_sem_seg: 0.2865
2026/06/19 03:14:13 - mmengine - INFO - Epoch(train)  [4][1650/1671]  lr: 8.0000e-03  eta: 1:59:09  time: 0.1348  data_time: 0.0032  memory: 2158  grad_norm: 0.2176  loss: 0.2534  loss_sem_seg: 0.2534
2026/06/19 03:14:16 - mmengine - INFO - Exp name: minkunet34_w32_minkowski_geometry_kitti_box_seg_20260619_025828
2026/06/19 03:14:16 - mmengine - INFO - Saving checkpoint at 4 epochs
2026/06/19 03:14:19 - mmengine - INFO - Epoch(val)  [4][ 50/371]    eta: 0:00:09  time: 0.0287  data_time: 0.0025  memory: 2286  
2026/06/19 03:14:20 - mmengine - INFO - Epoch(val)  [4][100/371]    eta: 0:00:07  time: 0.0282  data_time: 0.0025  memory: 685  
2026/06/19 03:14:22 - mmengine - INFO - Epoch(val)  [4][150/371]    eta: 0:00:06  time: 0.0282  data_time: 0.0024  memory: 682  
2026/06/19 03:14:23 - mmengine - INFO - Epoch(val)  [4][200/371]    eta: 0:00:04  time: 0.0274  data_time: 0.0024  memory: 683  
2026/06/19 03:14:25 - mmengine - INFO - Epoch(val)  [4][250/371]    eta: 0:00:03  time: 0.0278  data_time: 0.0025  memory: 677  
2026/06/19 03:14:26 - mmengine - INFO - Epoch(val)  [4][300/371]    eta: 0:00:01  time: 0.0285  data_time: 0.0026  memory: 684  
2026/06/19 03:14:27 - mmengine - INFO - Epoch(val)  [4][350/371]    eta: 0:00:00  time: 0.0279  data_time: 0.0025  memory: 684  
2026/06/19 03:14:28 - mmengine - INFO - 
+---------+------------+------------+--------+--------+---------+
| classes | background | foreground | miou   | acc    | acc_cls |
+---------+------------+------------+--------+--------+---------+
| results | 0.9164     | 0.4157     | 0.6660 | 0.9211 | 0.9079  |
+---------+------------+------------+--------+--------+---------+
2026/06/19 03:14:28 - mmengine - INFO - Epoch(val) [4][371/371]    background: 0.9164  foreground: 0.4157  miou: 0.6660  acc: 0.9211  acc_cls: 0.9079  data_time: 0.0025  time: 0.0281
2026/06/19 03:14:35 - mmengine - INFO - Epoch(train)  [5][  50/1671]  lr: 8.0000e-03  eta: 1:58:59  time: 0.1356  data_time: 0.0035  memory: 2223  grad_norm: 0.2735  loss: 0.2895  loss_sem_seg: 0.2895
2026/06/19 03:14:42 - mmengine - INFO - Epoch(train)  [5][ 100/1671]  lr: 8.0000e-03  eta: 1:58:52  time: 0.1327  data_time: 0.0032  memory: 2232  grad_norm: 0.2630  loss: 0.2570  loss_sem_seg: 0.2570
2026/06/19 03:14:48 - mmengine - INFO - Epoch(train)  [5][ 150/1671]  lr: 8.0000e-03  eta: 1:58:46  time: 0.1352  data_time: 0.0033  memory: 2291  grad_norm: 0.2591  loss: 0.2815  loss_sem_seg: 0.2815
2026/06/19 03:14:55 - mmengine - INFO - Epoch(train)  [5][ 200/1671]  lr: 8.0000e-03  eta: 1:58:40  time: 0.1349  data_time: 0.0033  memory: 2282  grad_norm: 0.2745  loss: 0.2925  loss_sem_seg: 0.2925
2026/06/19 03:15:02 - mmengine - INFO - Epoch(train)  [5][ 250/1671]  lr: 8.0000e-03  eta: 1:58:33  time: 0.1338  data_time: 0.0034  memory: 2225  grad_norm: 0.2639  loss: 0.2977  loss_sem_seg: 0.2977
2026/06/19 03:15:09 - mmengine - INFO - Epoch(train)  [5][ 300/1671]  lr: 8.0000e-03  eta: 1:58:28  time: 0.1371  data_time: 0.0037  memory: 2259  grad_norm: 0.2423  loss: 0.2640  loss_sem_seg: 0.2640
2026/06/19 03:15:11 - mmengine - INFO - Exp name: minkunet34_w32_minkowski_geometry_kitti_box_seg_20260619_025828
2026/06/19 03:15:15 - mmengine - INFO - Epoch(train)  [5][ 350/1671]  lr: 8.0000e-03  eta: 1:58:22  time: 0.1362  data_time: 0.0035  memory: 2233  grad_norm: 0.2579  loss: 0.2699  loss_sem_seg: 0.2699
2026/06/19 03:15:22 - mmengine - INFO - Epoch(train)  [5][ 400/1671]  lr: 8.0000e-03  eta: 1:58:16  time: 0.1333  data_time: 0.0033  memory: 2297  grad_norm: 0.3268  loss: 0.3199  loss_sem_seg: 0.3199
2026/06/19 03:15:29 - mmengine - INFO - Epoch(train)  [5][ 450/1671]  lr: 8.0000e-03  eta: 1:58:09  time: 0.1342  data_time: 0.0033  memory: 2189  grad_norm: 0.2765  loss: 0.2813  loss_sem_seg: 0.2813
2026/06/19 03:15:36 - mmengine - INFO - Epoch(train)  [5][ 500/1671]  lr: 8.0000e-03  eta: 1:58:03  time: 0.1352  data_time: 0.0032  memory: 2276  grad_norm: 0.2671  loss: 0.2945  loss_sem_seg: 0.2945
2026/06/19 03:15:42 - mmengine - INFO - Epoch(train)  [5][ 550/1671]  lr: 8.0000e-03  eta: 1:57:56  time: 0.1339  data_time: 0.0032  memory: 2289  grad_norm: 0.2888  loss: 0.2953  loss_sem_seg: 0.2953
2026/06/19 03:15:49 - mmengine - INFO - Epoch(train)  [5][ 600/1671]  lr: 8.0000e-03  eta: 1:57:49  time: 0.1310  data_time: 0.0032  memory: 2271  grad_norm: 0.2372  loss: 0.2523  loss_sem_seg: 0.2523
2026/06/19 03:15:55 - mmengine - INFO - Epoch(train)  [5][ 650/1671]  lr: 8.0000e-03  eta: 1:57:41  time: 0.1321  data_time: 0.0039  memory: 2247  grad_norm: 0.2583  loss: 0.2817  loss_sem_seg: 0.2817
2026/06/19 03:16:02 - mmengine - INFO - Epoch(train)  [5][ 700/1671]  lr: 8.0000e-03  eta: 1:57:35  time: 0.1336  data_time: 0.0033  memory: 2203  grad_norm: 0.2462  loss: 0.2724  loss_sem_seg: 0.2724
2026/06/19 03:16:09 - mmengine - INFO - Epoch(train)  [5][ 750/1671]  lr: 8.0000e-03  eta: 1:57:28  time: 0.1335  data_time: 0.0033  memory: 2240  grad_norm: 0.3113  loss: 0.3033  loss_sem_seg: 0.3033
2026/06/19 03:16:15 - mmengine - INFO - Epoch(train)  [5][ 800/1671]  lr: 8.0000e-03  eta: 1:57:20  time: 0.1314  data_time: 0.0032  memory: 2246  grad_norm: 0.2923  loss: 0.2953  loss_sem_seg: 0.2953
2026/06/19 03:16:22 - mmengine - INFO - Epoch(train)  [5][ 850/1671]  lr: 8.0000e-03  eta: 1:57:12  time: 0.1274  data_time: 0.0031  memory: 2207  grad_norm: 0.2910  loss: 0.2831  loss_sem_seg: 0.2831
2026/06/19 03:16:28 - mmengine - INFO - Epoch(train)  [5][ 900/1671]  lr: 8.0000e-03  eta: 1:57:04  time: 0.1308  data_time: 0.0032  memory: 2162  grad_norm: 0.3048  loss: 0.2914  loss_sem_seg: 0.2914
2026/06/19 03:16:35 - mmengine - INFO - Epoch(train)  [5][ 950/1671]  lr: 8.0000e-03  eta: 1:56:57  time: 0.1326  data_time: 0.0032  memory: 2258  grad_norm: 0.2674  loss: 0.2864  loss_sem_seg: 0.2864
2026/06/19 03:16:42 - mmengine - INFO - Epoch(train)  [5][1000/1671]  lr: 8.0000e-03  eta: 1:56:50  time: 0.1336  data_time: 0.0032  memory: 2289  grad_norm: 0.2718  loss: 0.2881  loss_sem_seg: 0.2881
2026/06/19 03:16:48 - mmengine - INFO - Epoch(train)  [5][1050/1671]  lr: 8.0000e-03  eta: 1:56:43  time: 0.1316  data_time: 0.0033  memory: 2232  grad_norm: 0.3955  loss: 0.3375  loss_sem_seg: 0.3375
2026/06/19 03:16:55 - mmengine - INFO - Epoch(train)  [5][1100/1671]  lr: 8.0000e-03  eta: 1:56:35  time: 0.1303  data_time: 0.0031  memory: 2249  grad_norm: 0.2538  loss: 0.2819  loss_sem_seg: 0.2819
2026/06/19 03:17:01 - mmengine - INFO - Epoch(train)  [5][1150/1671]  lr: 8.0000e-03  eta: 1:56:28  time: 0.1314  data_time: 0.0032  memory: 2242  grad_norm: 0.3178  loss: 0.2904  loss_sem_seg: 0.2904
2026/06/19 03:17:08 - mmengine - INFO - Epoch(train)  [5][1200/1671]  lr: 8.0000e-03  eta: 1:56:20  time: 0.1317  data_time: 0.0031  memory: 2356  grad_norm: 0.2512  loss: 0.2726  loss_sem_seg: 0.2726
2026/06/19 03:17:14 - mmengine - INFO - Epoch(train)  [5][1250/1671]  lr: 8.0000e-03  eta: 1:56:13  time: 0.1310  data_time: 0.0032  memory: 2231  grad_norm: 0.3098  loss: 0.3194  loss_sem_seg: 0.3194
2026/06/19 03:17:21 - mmengine - INFO - Epoch(train)  [5][1300/1671]  lr: 8.0000e-03  eta: 1:56:07  time: 0.1371  data_time: 0.0035  memory: 2219  grad_norm: 0.2027  loss: 0.2553  loss_sem_seg: 0.2553
2026/06/19 03:17:23 - mmengine - INFO - Exp name: minkunet34_w32_minkowski_geometry_kitti_box_seg_20260619_025828
2026/06/19 03:17:28 - mmengine - INFO - Epoch(train)  [5][1350/1671]  lr: 8.0000e-03  eta: 1:56:01  time: 0.1351  data_time: 0.0038  memory: 2217  grad_norm: 0.2393  loss: 0.2535  loss_sem_seg: 0.2535
2026/06/19 03:17:35 - mmengine - INFO - Epoch(train)  [5][1400/1671]  lr: 8.0000e-03  eta: 1:55:54  time: 0.1318  data_time: 0.0033  memory: 2316  grad_norm: 0.2671  loss: 0.3080  loss_sem_seg: 0.3080
2026/06/19 03:17:41 - mmengine - INFO - Epoch(train)  [5][1450/1671]  lr: 8.0000e-03  eta: 1:55:48  time: 0.1350  data_time: 0.0032  memory: 2277  grad_norm: 0.2460  loss: 0.2715  loss_sem_seg: 0.2715
2026/06/19 03:17:48 - mmengine - INFO - Epoch(train)  [5][1500/1671]  lr: 8.0000e-03  eta: 1:55:40  time: 0.1320  data_time: 0.0033  memory: 2287  grad_norm: 0.2875  loss: 0.2982  loss_sem_seg: 0.2982
2026/06/19 03:17:55 - mmengine - INFO - Epoch(train)  [5][1550/1671]  lr: 8.0000e-03  eta: 1:55:33  time: 0.1328  data_time: 0.0033  memory: 2203  grad_norm: 0.2807  loss: 0.3187  loss_sem_seg: 0.3187
2026/06/19 03:18:01 - mmengine - INFO - Epoch(train)  [5][1600/1671]  lr: 8.0000e-03  eta: 1:55:27  time: 0.1341  data_time: 0.0036  memory: 2257  grad_norm: 0.2856  loss: 0.3284  loss_sem_seg: 0.3284
2026/06/19 03:18:08 - mmengine - INFO - Epoch(train)  [5][1650/1671]  lr: 8.0000e-03  eta: 1:55:21  time: 0.1351  data_time: 0.0036  memory: 2297  grad_norm: 0.2791  loss: 0.2970  loss_sem_seg: 0.2970
2026/06/19 03:18:11 - mmengine - INFO - Exp name: minkunet34_w32_minkowski_geometry_kitti_box_seg_20260619_025828
2026/06/19 03:18:11 - mmengine - INFO - Saving checkpoint at 5 epochs
2026/06/19 03:18:14 - mmengine - INFO - Epoch(val)  [5][ 50/371]    eta: 0:00:09  time: 0.0298  data_time: 0.0026  memory: 2167  
2026/06/19 03:18:15 - mmengine - INFO - Epoch(val)  [5][100/371]    eta: 0:00:07  time: 0.0285  data_time: 0.0026  memory: 685  
2026/06/19 03:18:17 - mmengine - INFO - Epoch(val)  [5][150/371]    eta: 0:00:06  time: 0.0286  data_time: 0.0024  memory: 682  
2026/06/19 03:18:18 - mmengine - INFO - Epoch(val)  [5][200/371]    eta: 0:00:04  time: 0.0285  data_time: 0.0028  memory: 683  
2026/06/19 03:18:20 - mmengine - INFO - Epoch(val)  [5][250/371]    eta: 0:00:03  time: 0.0308  data_time: 0.0034  memory: 677  
2026/06/19 03:18:21 - mmengine - INFO - Epoch(val)  [5][300/371]    eta: 0:00:02  time: 0.0286  data_time: 0.0026  memory: 684  
2026/06/19 03:18:23 - mmengine - INFO - Epoch(val)  [5][350/371]    eta: 0:00:00  time: 0.0288  data_time: 0.0029  memory: 684  
2026/06/19 03:18:23 - mmengine - INFO - 
+---------+------------+------------+--------+--------+---------+
| classes | background | foreground | miou   | acc    | acc_cls |
+---------+------------+------------+--------+--------+---------+
| results | 0.9562     | 0.5283     | 0.7422 | 0.9583 | 0.8577  |
+---------+------------+------------+--------+--------+---------+
2026/06/19 03:18:23 - mmengine - INFO - Epoch(val) [5][371/371]    background: 0.9562  foreground: 0.5283  miou: 0.7422  acc: 0.9583  acc_cls: 0.8577  data_time: 0.0027  time: 0.0290
2026/06/19 03:18:23 - mmengine - INFO - The previous best checkpoint /public/DATA/sm/RACO-LPCC/mmdetection3d/work_dirs/minkunet_kitti_fov_box_seg_geometry/best_foreground_epoch_2.pth is removed
2026/06/19 03:18:24 - mmengine - INFO - The best checkpoint with 0.5283 foreground at 5 epoch is saved to best_foreground_epoch_5.pth.
2026/06/19 03:18:36 - mmengine - INFO - Epoch(train)  [6][  50/1671]  lr: 8.0000e-03  eta: 1:55:12  time: 0.1341  data_time: 0.0034  memory: 2305  grad_norm: 0.2573  loss: 0.2937  loss_sem_seg: 0.2937
2026/06/19 03:18:42 - mmengine - INFO - Epoch(train)  [6][ 100/1671]  lr: 8.0000e-03  eta: 1:55:05  time: 0.1331  data_time: 0.0034  memory: 2298  grad_norm: 0.2450  loss: 0.2540  loss_sem_seg: 0.2540
2026/06/19 03:18:49 - mmengine - INFO - Epoch(train)  [6][ 150/1671]  lr: 8.0000e-03  eta: 1:54:59  time: 0.1351  data_time: 0.0036  memory: 2192  grad_norm: 0.2525  loss: 0.2779  loss_sem_seg: 0.2779
2026/06/19 03:18:56 - mmengine - INFO - Epoch(train)  [6][ 200/1671]  lr: 8.0000e-03  eta: 1:54:52  time: 0.1332  data_time: 0.0035  memory: 2348  grad_norm: 0.2362  loss: 0.2525  loss_sem_seg: 0.2525
2026/06/19 03:19:02 - mmengine - INFO - Epoch(train)  [6][ 250/1671]  lr: 8.0000e-03  eta: 1:54:45  time: 0.1330  data_time: 0.0033  memory: 2185  grad_norm: 0.3143  loss: 0.3251  loss_sem_seg: 0.3251
2026/06/19 03:19:09 - mmengine - INFO - Epoch(train)  [6][ 300/1671]  lr: 8.0000e-03  eta: 1:54:39  time: 0.1345  data_time: 0.0032  memory: 2218  grad_norm: 0.2812  loss: 0.3146  loss_sem_seg: 0.3146
2026/06/19 03:19:16 - mmengine - INFO - Epoch(train)  [6][ 350/1671]  lr: 8.0000e-03  eta: 1:54:31  time: 0.1318  data_time: 0.0033  memory: 2190  grad_norm: 0.2819  loss: 0.2896  loss_sem_seg: 0.2896
2026/06/19 03:19:22 - mmengine - INFO - Epoch(train)  [6][ 400/1671]  lr: 8.0000e-03  eta: 1:54:24  time: 0.1319  data_time: 0.0032  memory: 2206  grad_norm: 0.3236  loss: 0.2999  loss_sem_seg: 0.2999
2026/06/19 03:19:29 - mmengine - INFO - Epoch(train)  [6][ 450/1671]  lr: 8.0000e-03  eta: 1:54:18  time: 0.1342  data_time: 0.0034  memory: 2220  grad_norm: 0.3057  loss: 0.3262  loss_sem_seg: 0.3262
2026/06/19 03:19:36 - mmengine - INFO - Epoch(train)  [6][ 500/1671]  lr: 8.0000e-03  eta: 1:54:11  time: 0.1334  data_time: 0.0033  memory: 2264  grad_norm: 0.2867  loss: 0.3027  loss_sem_seg: 0.3027
2026/06/19 03:19:42 - mmengine - INFO - Epoch(train)  [6][ 550/1671]  lr: 8.0000e-03  eta: 1:54:04  time: 0.1330  data_time: 0.0037  memory: 2234  grad_norm: 0.2914  loss: 0.2954  loss_sem_seg: 0.2954
2026/06/19 03:19:49 - mmengine - INFO - Epoch(train)  [6][ 600/1671]  lr: 8.0000e-03  eta: 1:53:57  time: 0.1309  data_time: 0.0034  memory: 2216  grad_norm: 0.2622  loss: 0.2901  loss_sem_seg: 0.2901
2026/06/19 03:19:55 - mmengine - INFO - Exp name: minkunet34_w32_minkowski_geometry_kitti_box_seg_20260619_025828
2026/06/19 03:19:56 - mmengine - INFO - Epoch(train)  [6][ 650/1671]  lr: 8.0000e-03  eta: 1:53:50  time: 0.1346  data_time: 0.0036  memory: 2247  grad_norm: 0.2587  loss: 0.2741  loss_sem_seg: 0.2741
2026/06/19 03:20:02 - mmengine - INFO - Epoch(train)  [6][ 700/1671]  lr: 8.0000e-03  eta: 1:53:44  time: 0.1354  data_time: 0.0033  memory: 2399  grad_norm: 0.2466  loss: 0.2934  loss_sem_seg: 0.2934
2026/06/19 03:20:09 - mmengine - INFO - Epoch(train)  [6][ 750/1671]  lr: 8.0000e-03  eta: 1:53:38  time: 0.1339  data_time: 0.0032  memory: 2246  grad_norm: 0.2900  loss: 0.2918  loss_sem_seg: 0.2918
2026/06/19 03:20:16 - mmengine - INFO - Epoch(train)  [6][ 800/1671]  lr: 8.0000e-03  eta: 1:53:31  time: 0.1324  data_time: 0.0032  memory: 2228  grad_norm: 0.2883  loss: 0.3097  loss_sem_seg: 0.3097
2026/06/19 03:20:22 - mmengine - INFO - Epoch(train)  [6][ 850/1671]  lr: 8.0000e-03  eta: 1:53:24  time: 0.1349  data_time: 0.0037  memory: 2232  grad_norm: 0.2609  loss: 0.2797  loss_sem_seg: 0.2797
2026/06/19 03:20:29 - mmengine - INFO - Epoch(train)  [6][ 900/1671]  lr: 8.0000e-03  eta: 1:53:17  time: 0.1331  data_time: 0.0035  memory: 2286  grad_norm: 0.2483  loss: 0.2721  loss_sem_seg: 0.2721
2026/06/19 03:20:36 - mmengine - INFO - Epoch(train)  [6][ 950/1671]  lr: 8.0000e-03  eta: 1:53:11  time: 0.1354  data_time: 0.0036  memory: 2275  grad_norm: 0.2630  loss: 0.2648  loss_sem_seg: 0.2648
2026/06/19 03:20:43 - mmengine - INFO - Epoch(train)  [6][1000/1671]  lr: 8.0000e-03  eta: 1:53:05  time: 0.1348  data_time: 0.0033  memory: 2297  grad_norm: 0.2408  loss: 0.2633  loss_sem_seg: 0.2633
2026/06/19 03:20:49 - mmengine - INFO - Epoch(train)  [6][1050/1671]  lr: 8.0000e-03  eta: 1:52:59  time: 0.1354  data_time: 0.0037  memory: 2284  grad_norm: 0.2073  loss: 0.2340  loss_sem_seg: 0.2340
2026/06/19 03:20:56 - mmengine - INFO - Epoch(train)  [6][1100/1671]  lr: 8.0000e-03  eta: 1:52:51  time: 0.1308  data_time: 0.0033  memory: 2276  grad_norm: 0.2685  loss: 0.3062  loss_sem_seg: 0.3062
2026/06/19 03:21:03 - mmengine - INFO - Epoch(train)  [6][1150/1671]  lr: 8.0000e-03  eta: 1:52:44  time: 0.1328  data_time: 0.0033  memory: 2321  grad_norm: 0.2583  loss: 0.2919  loss_sem_seg: 0.2919
2026/06/19 03:21:09 - mmengine - INFO - Epoch(train)  [6][1200/1671]  lr: 8.0000e-03  eta: 1:52:38  time: 0.1339  data_time: 0.0035  memory: 2228  grad_norm: 0.3164  loss: 0.3232  loss_sem_seg: 0.3232
2026/06/19 03:21:16 - mmengine - INFO - Epoch(train)  [6][1250/1671]  lr: 8.0000e-03  eta: 1:52:31  time: 0.1342  data_time: 0.0033  memory: 2235  grad_norm: 0.2907  loss: 0.3221  loss_sem_seg: 0.3221
2026/06/19 03:21:23 - mmengine - INFO - Epoch(train)  [6][1300/1671]  lr: 8.0000e-03  eta: 1:52:24  time: 0.1328  data_time: 0.0031  memory: 2285  grad_norm: 0.2480  loss: 0.2751  loss_sem_seg: 0.2751
2026/06/19 03:21:29 - mmengine - INFO - Epoch(train)  [6][1350/1671]  lr: 8.0000e-03  eta: 1:52:17  time: 0.1290  data_time: 0.0032  memory: 2279  grad_norm: 0.2640  loss: 0.2923  loss_sem_seg: 0.2923
2026/06/19 03:21:36 - mmengine - INFO - Epoch(train)  [6][1400/1671]  lr: 8.0000e-03  eta: 1:52:10  time: 0.1322  data_time: 0.0032  memory: 2303  grad_norm: 0.2712  loss: 0.2848  loss_sem_seg: 0.2848
2026/06/19 03:21:42 - mmengine - INFO - Epoch(train)  [6][1450/1671]  lr: 8.0000e-03  eta: 1:52:02  time: 0.1318  data_time: 0.0035  memory: 2251  grad_norm: 0.2446  loss: 0.2690  loss_sem_seg: 0.2690
2026/06/19 03:21:49 - mmengine - INFO - Epoch(train)  [6][1500/1671]  lr: 8.0000e-03  eta: 1:51:56  time: 0.1346  data_time: 0.0035  memory: 2258  grad_norm: 0.2844  loss: 0.2795  loss_sem_seg: 0.2795
2026/06/19 03:21:56 - mmengine - INFO - Epoch(train)  [6][1550/1671]  lr: 8.0000e-03  eta: 1:51:50  time: 0.1350  data_time: 0.0034  memory: 2313  grad_norm: 0.2455  loss: 0.2837  loss_sem_seg: 0.2837
2026/06/19 03:22:03 - mmengine - INFO - Epoch(train)  [6][1600/1671]  lr: 8.0000e-03  eta: 1:51:44  time: 0.1360  data_time: 0.0035  memory: 2223  grad_norm: 0.2592  loss: 0.2693  loss_sem_seg: 0.2693
2026/06/19 03:22:09 - mmengine - INFO - Exp name: minkunet34_w32_minkowski_geometry_kitti_box_seg_20260619_025828
2026/06/19 03:22:09 - mmengine - INFO - Epoch(train)  [6][1650/1671]  lr: 8.0000e-03  eta: 1:51:37  time: 0.1334  data_time: 0.0033  memory: 2231  grad_norm: 0.2509  loss: 0.2488  loss_sem_seg: 0.2488
2026/06/19 03:22:12 - mmengine - INFO - Exp name: minkunet34_w32_minkowski_geometry_kitti_box_seg_20260619_025828
2026/06/19 03:22:12 - mmengine - INFO - Saving checkpoint at 6 epochs
2026/06/19 03:22:15 - mmengine - INFO - Epoch(val)  [6][ 50/371]    eta: 0:00:09  time: 0.0289  data_time: 0.0026  memory: 2214  
2026/06/19 03:22:17 - mmengine - INFO - Epoch(val)  [6][100/371]    eta: 0:00:07  time: 0.0292  data_time: 0.0025  memory: 685  
2026/06/19 03:22:18 - mmengine - INFO - Epoch(val)  [6][150/371]    eta: 0:00:06  time: 0.0286  data_time: 0.0025  memory: 682  
2026/06/19 03:22:20 - mmengine - INFO - Epoch(val)  [6][200/371]    eta: 0:00:04  time: 0.0281  data_time: 0.0026  memory: 683  
2026/06/19 03:22:21 - mmengine - INFO - Epoch(val)  [6][250/371]    eta: 0:00:03  time: 0.0284  data_time: 0.0026  memory: 677  
2026/06/19 03:22:22 - mmengine - INFO - Epoch(val)  [6][300/371]    eta: 0:00:02  time: 0.0293  data_time: 0.0025  memory: 684  
2026/06/19 03:22:24 - mmengine - INFO - Epoch(val)  [6][350/371]    eta: 0:00:00  time: 0.0282  data_time: 0.0025  memory: 684  
2026/06/19 03:22:25 - mmengine - INFO - 
+---------+------------+------------+--------+--------+---------+
| classes | background | foreground | miou   | acc    | acc_cls |
+---------+------------+------------+--------+--------+---------+
| results | 0.9507     | 0.5235     | 0.7371 | 0.9532 | 0.8897  |
+---------+------------+------------+--------+--------+---------+
2026/06/19 03:22:25 - mmengine - INFO - Epoch(val) [6][371/371]    background: 0.9507  foreground: 0.5235  miou: 0.7371  acc: 0.9532  acc_cls: 0.8897  data_time: 0.0025  time: 0.0286
2026/06/19 03:22:31 - mmengine - INFO - Epoch(train)  [7][  50/1671]  lr: 8.0000e-03  eta: 1:51:28  time: 0.1356  data_time: 0.0035  memory: 2254  grad_norm: 0.2703  loss: 0.2649  loss_sem_seg: 0.2649
2026/06/19 03:22:38 - mmengine - INFO - Epoch(train)  [7][ 100/1671]  lr: 8.0000e-03  eta: 1:51:21  time: 0.1324  data_time: 0.0033  memory: 2264  grad_norm: 0.3033  loss: 0.2940  loss_sem_seg: 0.2940
2026/06/19 03:22:45 - mmengine - INFO - Epoch(train)  [7][ 150/1671]  lr: 8.0000e-03  eta: 1:51:14  time: 0.1336  data_time: 0.0033  memory: 2305  grad_norm: 0.2664  loss: 0.2617  loss_sem_seg: 0.2617
2026/06/19 03:22:51 - mmengine - INFO - Epoch(train)  [7][ 200/1671]  lr: 8.0000e-03  eta: 1:51:07  time: 0.1322  data_time: 0.0032  memory: 2209  grad_norm: 0.2781  loss: 0.2882  loss_sem_seg: 0.2882
2026/06/19 03:22:58 - mmengine - INFO - Epoch(train)  [7][ 250/1671]  lr: 8.0000e-03  eta: 1:50:59  time: 0.1285  data_time: 0.0032  memory: 2179  grad_norm: 0.2932  loss: 0.2972  loss_sem_seg: 0.2972
2026/06/19 03:23:04 - mmengine - INFO - Epoch(train)  [7][ 300/1671]  lr: 8.0000e-03  eta: 1:50:53  time: 0.1341  data_time: 0.0036  memory: 2312  grad_norm: 0.3045  loss: 0.3402  loss_sem_seg: 0.3402
2026/06/19 03:23:11 - mmengine - INFO - Epoch(train)  [7][ 350/1671]  lr: 8.0000e-03  eta: 1:50:46  time: 0.1331  data_time: 0.0032  memory: 2289  grad_norm: 0.2510  loss: 0.2729  loss_sem_seg: 0.2729
2026/06/19 03:23:18 - mmengine - INFO - Epoch(train)  [7][ 400/1671]  lr: 8.0000e-03  eta: 1:50:39  time: 0.1327  data_time: 0.0033  memory: 2199  grad_norm: 0.2824  loss: 0.2767  loss_sem_seg: 0.2767
2026/06/19 03:23:24 - mmengine - INFO - Epoch(train)  [7][ 450/1671]  lr: 8.0000e-03  eta: 1:50:31  time: 0.1291  data_time: 0.0034  memory: 2267  grad_norm: 0.2202  loss: 0.2781  loss_sem_seg: 0.2781
2026/06/19 03:23:31 - mmengine - INFO - Epoch(train)  [7][ 500/1671]  lr: 8.0000e-03  eta: 1:50:24  time: 0.1316  data_time: 0.0031  memory: 2299  grad_norm: 0.2767  loss: 0.3039  loss_sem_seg: 0.3039
2026/06/19 03:23:37 - mmengine - INFO - Epoch(train)  [7][ 550/1671]  lr: 8.0000e-03  eta: 1:50:17  time: 0.1312  data_time: 0.0032  memory: 2230  grad_norm: 0.2428  loss: 0.2730  loss_sem_seg: 0.2730
2026/06/19 03:23:44 - mmengine - INFO - Epoch(train)  [7][ 600/1671]  lr: 8.0000e-03  eta: 1:50:11  time: 0.1341  data_time: 0.0032  memory: 2337  grad_norm: 0.2651  loss: 0.2973  loss_sem_seg: 0.2973
2026/06/19 03:23:50 - mmengine - INFO - Epoch(train)  [7][ 650/1671]  lr: 8.0000e-03  eta: 1:50:02  time: 0.1271  data_time: 0.0030  memory: 2342  grad_norm: 0.2712  loss: 0.2822  loss_sem_seg: 0.2822
2026/06/19 03:23:57 - mmengine - INFO - Epoch(train)  [7][ 700/1671]  lr: 8.0000e-03  eta: 1:49:56  time: 0.1343  data_time: 0.0034  memory: 2233  grad_norm: 0.2765  loss: 0.2931  loss_sem_seg: 0.2931
2026/06/19 03:24:04 - mmengine - INFO - Epoch(train)  [7][ 750/1671]  lr: 8.0000e-03  eta: 1:49:49  time: 0.1335  data_time: 0.0033  memory: 2319  grad_norm: 0.2306  loss: 0.2571  loss_sem_seg: 0.2571
2026/06/19 03:24:10 - mmengine - INFO - Epoch(train)  [7][ 800/1671]  lr: 8.0000e-03  eta: 1:49:42  time: 0.1324  data_time: 0.0034  memory: 2299  grad_norm: 0.2394  loss: 0.2649  loss_sem_seg: 0.2649
2026/06/19 03:24:17 - mmengine - INFO - Epoch(train)  [7][ 850/1671]  lr: 8.0000e-03  eta: 1:49:35  time: 0.1313  data_time: 0.0034  memory: 2192  grad_norm: 0.2900  loss: 0.3113  loss_sem_seg: 0.3113
2026/06/19 03:24:23 - mmengine - INFO - Epoch(train)  [7][ 900/1671]  lr: 8.0000e-03  eta: 1:49:28  time: 0.1321  data_time: 0.0033  memory: 2232  grad_norm: 0.3071  loss: 0.2992  loss_sem_seg: 0.2992
2026/06/19 03:24:30 - mmengine - INFO - Epoch(train)  [7][ 950/1671]  lr: 8.0000e-03  eta: 1:49:21  time: 0.1301  data_time: 0.0035  memory: 2288  grad_norm: 0.3154  loss: 0.3219  loss_sem_seg: 0.3219
2026/06/19 03:24:33 - mmengine - INFO - Exp name: minkunet34_w32_minkowski_geometry_kitti_box_seg_20260619_025828
2026/06/19 03:24:37 - mmengine - INFO - Epoch(train)  [7][1000/1671]  lr: 8.0000e-03  eta: 1:49:14  time: 0.1317  data_time: 0.0033  memory: 2238  grad_norm: 0.2405  loss: 0.2665  loss_sem_seg: 0.2665
2026/06/19 03:24:43 - mmengine - INFO - Epoch(train)  [7][1050/1671]  lr: 8.0000e-03  eta: 1:49:08  time: 0.1356  data_time: 0.0033  memory: 2309  grad_norm: 0.2468  loss: 0.2520  loss_sem_seg: 0.2520
2026/06/19 03:24:50 - mmengine - INFO - Epoch(train)  [7][1100/1671]  lr: 8.0000e-03  eta: 1:49:01  time: 0.1324  data_time: 0.0034  memory: 2421  grad_norm: 0.2662  loss: 0.2879  loss_sem_seg: 0.2879
2026/06/19 03:24:57 - mmengine - INFO - Epoch(train)  [7][1150/1671]  lr: 8.0000e-03  eta: 1:48:54  time: 0.1344  data_time: 0.0034  memory: 2237  grad_norm: 0.2226  loss: 0.2464  loss_sem_seg: 0.2464
2026/06/19 03:25:03 - mmengine - INFO - Epoch(train)  [7][1200/1671]  lr: 8.0000e-03  eta: 1:48:47  time: 0.1315  data_time: 0.0032  memory: 2182  grad_norm: 0.1972  loss: 0.2335  loss_sem_seg: 0.2335
2026/06/19 03:25:10 - mmengine - INFO - Epoch(train)  [7][1250/1671]  lr: 8.0000e-03  eta: 1:48:40  time: 0.1333  data_time: 0.0033  memory: 2288  grad_norm: 0.2380  loss: 0.2614  loss_sem_seg: 0.2614
2026/06/19 03:25:17 - mmengine - INFO - Epoch(train)  [7][1300/1671]  lr: 8.0000e-03  eta: 1:48:33  time: 0.1313  data_time: 0.0034  memory: 2178  grad_norm: 0.2340  loss: 0.2723  loss_sem_seg: 0.2723
2026/06/19 03:25:23 - mmengine - INFO - Epoch(train)  [7][1350/1671]  lr: 8.0000e-03  eta: 1:48:26  time: 0.1315  data_time: 0.0033  memory: 2291  grad_norm: 0.3298  loss: 0.3108  loss_sem_seg: 0.3108
2026/06/19 03:25:30 - mmengine - INFO - Epoch(train)  [7][1400/1671]  lr: 8.0000e-03  eta: 1:48:19  time: 0.1330  data_time: 0.0033  memory: 2225  grad_norm: 0.2675  loss: 0.2749  loss_sem_seg: 0.2749
2026/06/19 03:25:36 - mmengine - INFO - Epoch(train)  [7][1450/1671]  lr: 8.0000e-03  eta: 1:48:13  time: 0.1336  data_time: 0.0034  memory: 2231  grad_norm: 0.2350  loss: 0.2588  loss_sem_seg: 0.2588
2026/06/19 03:25:43 - mmengine - INFO - Epoch(train)  [7][1500/1671]  lr: 8.0000e-03  eta: 1:48:06  time: 0.1330  data_time: 0.0031  memory: 2244  grad_norm: 0.2213  loss: 0.2646  loss_sem_seg: 0.2646
2026/06/19 03:25:50 - mmengine - INFO - Epoch(train)  [7][1550/1671]  lr: 8.0000e-03  eta: 1:47:59  time: 0.1324  data_time: 0.0035  memory: 2233  grad_norm: 0.2756  loss: 0.2777  loss_sem_seg: 0.2777
2026/06/19 03:25:56 - mmengine - INFO - Epoch(train)  [7][1600/1671]  lr: 8.0000e-03  eta: 1:47:52  time: 0.1314  data_time: 0.0031  memory: 2307  grad_norm: 0.2897  loss: 0.2887  loss_sem_seg: 0.2887
2026/06/19 03:26:03 - mmengine - INFO - Epoch(train)  [7][1650/1671]  lr: 8.0000e-03  eta: 1:47:45  time: 0.1311  data_time: 0.0036  memory: 2213  grad_norm: 0.2661  loss: 0.2607  loss_sem_seg: 0.2607
2026/06/19 03:26:06 - mmengine - INFO - Exp name: minkunet34_w32_minkowski_geometry_kitti_box_seg_20260619_025828
2026/06/19 03:26:06 - mmengine - INFO - Saving checkpoint at 7 epochs
2026/06/19 03:26:09 - mmengine - INFO - Epoch(val)  [7][ 50/371]    eta: 0:00:09  time: 0.0287  data_time: 0.0026  memory: 2291  
2026/06/19 03:26:10 - mmengine - INFO - Epoch(val)  [7][100/371]    eta: 0:00:07  time: 0.0288  data_time: 0.0025  memory: 685  
2026/06/19 03:26:12 - mmengine - INFO - Epoch(val)  [7][150/371]    eta: 0:00:06  time: 0.0278  data_time: 0.0024  memory: 682  
2026/06/19 03:26:13 - mmengine - INFO - Epoch(val)  [7][200/371]    eta: 0:00:04  time: 0.0277  data_time: 0.0024  memory: 683  
2026/06/19 03:26:14 - mmengine - INFO - Epoch(val)  [7][250/371]    eta: 0:00:03  time: 0.0279  data_time: 0.0028  memory: 677  
2026/06/19 03:26:16 - mmengine - INFO - Epoch(val)  [7][300/371]    eta: 0:00:01  time: 0.0279  data_time: 0.0026  memory: 684  
2026/06/19 03:26:17 - mmengine - INFO - Epoch(val)  [7][350/371]    eta: 0:00:00  time: 0.0278  data_time: 0.0025  memory: 684  
2026/06/19 03:26:18 - mmengine - INFO - 
+---------+------------+------------+--------+--------+---------+
| classes | background | foreground | miou   | acc    | acc_cls |
+---------+------------+------------+--------+--------+---------+
| results | 0.9576     | 0.5338     | 0.7457 | 0.9596 | 0.8554  |
+---------+------------+------------+--------+--------+---------+
2026/06/19 03:26:18 - mmengine - INFO - Epoch(val) [7][371/371]    background: 0.9576  foreground: 0.5338  miou: 0.7457  acc: 0.9596  acc_cls: 0.8554  data_time: 0.0025  time: 0.0280
2026/06/19 03:26:18 - mmengine - INFO - The previous best checkpoint /public/DATA/sm/RACO-LPCC/mmdetection3d/work_dirs/minkunet_kitti_fov_box_seg_geometry/best_foreground_epoch_5.pth is removed
2026/06/19 03:26:19 - mmengine - INFO - The best checkpoint with 0.5338 foreground at 7 epoch is saved to best_foreground_epoch_7.pth.
2026/06/19 03:26:30 - mmengine - INFO - Epoch(train)  [8][  50/1671]  lr: 8.0000e-03  eta: 1:47:35  time: 0.1331  data_time: 0.0038  memory: 2269  grad_norm: 0.2942  loss: 0.2737  loss_sem_seg: 0.2737
2026/06/19 03:26:37 - mmengine - INFO - Epoch(train)  [8][ 100/1671]  lr: 8.0000e-03  eta: 1:47:28  time: 0.1323  data_time: 0.0033  memory: 2214  grad_norm: 0.2555  loss: 0.2768  loss_sem_seg: 0.2768
2026/06/19 03:26:43 - mmengine - INFO - Epoch(train)  [8][ 150/1671]  lr: 8.0000e-03  eta: 1:47:21  time: 0.1313  data_time: 0.0035  memory: 2229  grad_norm: 0.2327  loss: 0.2484  loss_sem_seg: 0.2484
2026/06/19 03:26:50 - mmengine - INFO - Epoch(train)  [8][ 200/1671]  lr: 8.0000e-03  eta: 1:47:14  time: 0.1317  data_time: 0.0034  memory: 2279  grad_norm: 0.2360  loss: 0.2562  loss_sem_seg: 0.2562
2026/06/19 03:26:56 - mmengine - INFO - Epoch(train)  [8][ 250/1671]  lr: 8.0000e-03  eta: 1:47:07  time: 0.1310  data_time: 0.0033  memory: 2239  grad_norm: 0.2651  loss: 0.2682  loss_sem_seg: 0.2682
2026/06/19 03:27:03 - mmengine - INFO - Epoch(train)  [8][ 300/1671]  lr: 8.0000e-03  eta: 1:47:00  time: 0.1332  data_time: 0.0033  memory: 2235  grad_norm: 0.2345  loss: 0.2435  loss_sem_seg: 0.2435
2026/06/19 03:27:03 - mmengine - INFO - Exp name: minkunet34_w32_minkowski_geometry_kitti_box_seg_20260619_025828
2026/06/19 03:27:09 - mmengine - INFO - Epoch(train)  [8][ 350/1671]  lr: 8.0000e-03  eta: 1:46:53  time: 0.1288  data_time: 0.0036  memory: 2217  grad_norm: 0.2826  loss: 0.2797  loss_sem_seg: 0.2797
2026/06/19 03:27:16 - mmengine - INFO - Epoch(train)  [8][ 400/1671]  lr: 8.0000e-03  eta: 1:46:46  time: 0.1348  data_time: 0.0033  memory: 2241  grad_norm: 0.2828  loss: 0.2760  loss_sem_seg: 0.2760
2026/06/19 03:27:23 - mmengine - INFO - Epoch(train)  [8][ 450/1671]  lr: 8.0000e-03  eta: 1:46:39  time: 0.1305  data_time: 0.0033  memory: 2211  grad_norm: 0.2626  loss: 0.2735  loss_sem_seg: 0.2735
2026/06/19 03:27:29 - mmengine - INFO - Epoch(train)  [8][ 500/1671]  lr: 8.0000e-03  eta: 1:46:32  time: 0.1309  data_time: 0.0032  memory: 2230  grad_norm: 0.2754  loss: 0.2960  loss_sem_seg: 0.2960
2026/06/19 03:27:36 - mmengine - INFO - Epoch(train)  [8][ 550/1671]  lr: 8.0000e-03  eta: 1:46:25  time: 0.1304  data_time: 0.0033  memory: 2266  grad_norm: 0.2151  loss: 0.2586  loss_sem_seg: 0.2586
2026/06/19 03:27:42 - mmengine - INFO - Epoch(train)  [8][ 600/1671]  lr: 8.0000e-03  eta: 1:46:18  time: 0.1318  data_time: 0.0032  memory: 2261  grad_norm: 0.2221  loss: 0.2291  loss_sem_seg: 0.2291
2026/06/19 03:27:49 - mmengine - INFO - Epoch(train)  [8][ 650/1671]  lr: 8.0000e-03  eta: 1:46:11  time: 0.1313  data_time: 0.0031  memory: 2269  grad_norm: 0.2615  loss: 0.2538  loss_sem_seg: 0.2538
2026/06/19 03:27:56 - mmengine - INFO - Epoch(train)  [8][ 700/1671]  lr: 8.0000e-03  eta: 1:46:04  time: 0.1338  data_time: 0.0032  memory: 2319  grad_norm: 0.2382  loss: 0.2643  loss_sem_seg: 0.2643
2026/06/19 03:28:02 - mmengine - INFO - Epoch(train)  [8][ 750/1671]  lr: 8.0000e-03  eta: 1:45:57  time: 0.1323  data_time: 0.0034  memory: 2241  grad_norm: 0.2156  loss: 0.2648  loss_sem_seg: 0.2648
2026/06/19 03:28:09 - mmengine - INFO - Epoch(train)  [8][ 800/1671]  lr: 8.0000e-03  eta: 1:45:51  time: 0.1365  data_time: 0.0033  memory: 2367  grad_norm: 0.2494  loss: 0.2653  loss_sem_seg: 0.2653
2026/06/19 03:28:16 - mmengine - INFO - Epoch(train)  [8][ 850/1671]  lr: 8.0000e-03  eta: 1:45:44  time: 0.1320  data_time: 0.0032  memory: 2187  grad_norm: 0.2789  loss: 0.2830  loss_sem_seg: 0.2830
2026/06/19 03:28:22 - mmengine - INFO - Epoch(train)  [8][ 900/1671]  lr: 8.0000e-03  eta: 1:45:38  time: 0.1329  data_time: 0.0034  memory: 2247  grad_norm: 0.2695  loss: 0.2847  loss_sem_seg: 0.2847
2026/06/19 03:28:29 - mmengine - INFO - Epoch(train)  [8][ 950/1671]  lr: 8.0000e-03  eta: 1:45:30  time: 0.1292  data_time: 0.0033  memory: 2189  grad_norm: 0.3051  loss: 0.2948  loss_sem_seg: 0.2948
2026/06/19 03:28:35 - mmengine - INFO - Epoch(train)  [8][1000/1671]  lr: 8.0000e-03  eta: 1:45:23  time: 0.1298  data_time: 0.0033  memory: 2195  grad_norm: 0.2482  loss: 0.2586  loss_sem_seg: 0.2586
2026/06/19 03:28:42 - mmengine - INFO - Epoch(train)  [8][1050/1671]  lr: 8.0000e-03  eta: 1:45:17  time: 0.1344  data_time: 0.0034  memory: 2333  grad_norm: 0.2815  loss: 0.2690  loss_sem_seg: 0.2690
2026/06/19 03:28:49 - mmengine - INFO - Epoch(train)  [8][1100/1671]  lr: 8.0000e-03  eta: 1:45:10  time: 0.1331  data_time: 0.0034  memory: 2241  grad_norm: 0.2886  loss: 0.2775  loss_sem_seg: 0.2775
2026/06/19 03:28:55 - mmengine - INFO - Epoch(train)  [8][1150/1671]  lr: 8.0000e-03  eta: 1:45:03  time: 0.1327  data_time: 0.0032  memory: 2288  grad_norm: 0.3055  loss: 0.3254  loss_sem_seg: 0.3254
2026/06/19 03:29:02 - mmengine - INFO - Epoch(train)  [8][1200/1671]  lr: 8.0000e-03  eta: 1:44:56  time: 0.1315  data_time: 0.0033  memory: 2173  grad_norm: 0.2690  loss: 0.2978  loss_sem_seg: 0.2978
2026/06/19 03:29:08 - mmengine - INFO - Epoch(train)  [8][1250/1671]  lr: 8.0000e-03  eta: 1:44:49  time: 0.1312  data_time: 0.0035  memory: 2294  grad_norm: 0.2018  loss: 0.2402  loss_sem_seg: 0.2402
2026/06/19 03:29:15 - mmengine - INFO - Epoch(train)  [8][1300/1671]  lr: 8.0000e-03  eta: 1:44:43  time: 0.1347  data_time: 0.0039  memory: 2304  grad_norm: 0.2845  loss: 0.2903  loss_sem_seg: 0.2903
2026/06/19 03:29:16 - mmengine - INFO - Exp name: minkunet34_w32_minkowski_geometry_kitti_box_seg_20260619_025828
2026/06/19 03:29:22 - mmengine - INFO - Epoch(train)  [8][1350/1671]  lr: 8.0000e-03  eta: 1:44:36  time: 0.1324  data_time: 0.0034  memory: 2231  grad_norm: 0.2603  loss: 0.2632  loss_sem_seg: 0.2632
2026/06/19 03:29:29 - mmengine - INFO - Epoch(train)  [8][1400/1671]  lr: 8.0000e-03  eta: 1:44:30  time: 0.1347  data_time: 0.0034  memory: 2306  grad_norm: 0.2196  loss: 0.2599  loss_sem_seg: 0.2599
2026/06/19 03:29:35 - mmengine - INFO - Epoch(train)  [8][1450/1671]  lr: 8.0000e-03  eta: 1:44:23  time: 0.1325  data_time: 0.0031  memory: 2364  grad_norm: 0.2528  loss: 0.2785  loss_sem_seg: 0.2785
2026/06/19 03:29:42 - mmengine - INFO - Epoch(train)  [8][1500/1671]  lr: 8.0000e-03  eta: 1:44:16  time: 0.1341  data_time: 0.0036  memory: 2279  grad_norm: 0.2539  loss: 0.2733  loss_sem_seg: 0.2733
2026/06/19 03:29:49 - mmengine - INFO - Epoch(train)  [8][1550/1671]  lr: 8.0000e-03  eta: 1:44:10  time: 0.1332  data_time: 0.0032  memory: 2284  grad_norm: 0.2592  loss: 0.2494  loss_sem_seg: 0.2494
2026/06/19 03:29:55 - mmengine - INFO - Epoch(train)  [8][1600/1671]  lr: 8.0000e-03  eta: 1:44:03  time: 0.1349  data_time: 0.0034  memory: 2284  grad_norm: 0.2355  loss: 0.2689  loss_sem_seg: 0.2689
2026/06/19 03:30:02 - mmengine - INFO - Epoch(train)  [8][1650/1671]  lr: 8.0000e-03  eta: 1:43:57  time: 0.1337  data_time: 0.0034  memory: 2245  grad_norm: 0.2413  loss: 0.2612  loss_sem_seg: 0.2612
2026/06/19 03:30:05 - mmengine - INFO - Exp name: minkunet34_w32_minkowski_geometry_kitti_box_seg_20260619_025828
2026/06/19 03:30:05 - mmengine - INFO - Saving checkpoint at 8 epochs
2026/06/19 03:30:08 - mmengine - INFO - Epoch(val)  [8][ 50/371]    eta: 0:00:09  time: 0.0284  data_time: 0.0026  memory: 2223  
2026/06/19 03:30:09 - mmengine - INFO - Epoch(val)  [8][100/371]    eta: 0:00:07  time: 0.0279  data_time: 0.0025  memory: 685  
2026/06/19 03:30:11 - mmengine - INFO - Epoch(val)  [8][150/371]    eta: 0:00:06  time: 0.0288  data_time: 0.0027  memory: 682  
2026/06/19 03:30:12 - mmengine - INFO - Epoch(val)  [8][200/371]    eta: 0:00:04  time: 0.0279  data_time: 0.0026  memory: 683  
2026/06/19 03:30:14 - mmengine - INFO - Epoch(val)  [8][250/371]    eta: 0:00:03  time: 0.0286  data_time: 0.0025  memory: 677  
2026/06/19 03:30:15 - mmengine - INFO - Epoch(val)  [8][300/371]    eta: 0:00:02  time: 0.0287  data_time: 0.0024  memory: 684  
2026/06/19 03:30:17 - mmengine - INFO - Epoch(val)  [8][350/371]    eta: 0:00:00  time: 0.0283  data_time: 0.0029  memory: 684  
2026/06/19 03:30:17 - mmengine - INFO - 
+---------+------------+------------+--------+--------+---------+
| classes | background | foreground | miou   | acc    | acc_cls |
+---------+------------+------------+--------+--------+---------+
| results | 0.9069     | 0.3862     | 0.6465 | 0.9120 | 0.8971  |
+---------+------------+------------+--------+--------+---------+
2026/06/19 03:30:17 - mmengine - INFO - Epoch(val) [8][371/371]    background: 0.9069  foreground: 0.3862  miou: 0.6465  acc: 0.9120  acc_cls: 0.8971  data_time: 0.0026  time: 0.0283
2026/06/19 03:30:24 - mmengine - INFO - Epoch(train)  [9][  50/1671]  lr: 8.0000e-03  eta: 1:43:47  time: 0.1337  data_time: 0.0039  memory: 2256  grad_norm: 0.2357  loss: 0.2606  loss_sem_seg: 0.2606
2026/06/19 03:30:30 - mmengine - INFO - Epoch(train)  [9][ 100/1671]  lr: 8.0000e-03  eta: 1:43:40  time: 0.1318  data_time: 0.0034  memory: 2230  grad_norm: 0.2277  loss: 0.2449  loss_sem_seg: 0.2449
2026/06/19 03:30:37 - mmengine - INFO - Epoch(train)  [9][ 150/1671]  lr: 8.0000e-03  eta: 1:43:33  time: 0.1318  data_time: 0.0031  memory: 2219  grad_norm: 0.2678  loss: 0.2676  loss_sem_seg: 0.2676
2026/06/19 03:30:44 - mmengine - INFO - Epoch(train)  [9][ 200/1671]  lr: 8.0000e-03  eta: 1:43:27  time: 0.1322  data_time: 0.0033  memory: 2251  grad_norm: 0.2486  loss: 0.2568  loss_sem_seg: 0.2568
2026/06/19 03:30:50 - mmengine - INFO - Epoch(train)  [9][ 250/1671]  lr: 8.0000e-03  eta: 1:43:20  time: 0.1329  data_time: 0.0035  memory: 2258  grad_norm: 0.2502  loss: 0.2704  loss_sem_seg: 0.2704
2026/06/19 03:30:57 - mmengine - INFO - Epoch(train)  [9][ 300/1671]  lr: 8.0000e-03  eta: 1:43:13  time: 0.1297  data_time: 0.0034  memory: 2313  grad_norm: 0.2979  loss: 0.2886  loss_sem_seg: 0.2886
2026/06/19 03:31:03 - mmengine - INFO - Epoch(train)  [9][ 350/1671]  lr: 8.0000e-03  eta: 1:43:06  time: 0.1329  data_time: 0.0034  memory: 2216  grad_norm: 0.2327  loss: 0.2615  loss_sem_seg: 0.2615
2026/06/19 03:31:10 - mmengine - INFO - Epoch(train)  [9][ 400/1671]  lr: 8.0000e-03  eta: 1:42:59  time: 0.1310  data_time: 0.0033  memory: 2263  grad_norm: 0.2477  loss: 0.2519  loss_sem_seg: 0.2519
2026/06/19 03:31:17 - mmengine - INFO - Epoch(train)  [9][ 450/1671]  lr: 8.0000e-03  eta: 1:42:52  time: 0.1317  data_time: 0.0033  memory: 2194  grad_norm: 0.2664  loss: 0.2970  loss_sem_seg: 0.2970
2026/06/19 03:31:23 - mmengine - INFO - Epoch(train)  [9][ 500/1671]  lr: 8.0000e-03  eta: 1:42:45  time: 0.1325  data_time: 0.0033  memory: 2267  grad_norm: 0.2680  loss: 0.2866  loss_sem_seg: 0.2866
2026/06/19 03:31:30 - mmengine - INFO - Epoch(train)  [9][ 550/1671]  lr: 8.0000e-03  eta: 1:42:38  time: 0.1323  data_time: 0.0035  memory: 2210  grad_norm: 0.2715  loss: 0.2695  loss_sem_seg: 0.2695
2026/06/19 03:31:37 - mmengine - INFO - Epoch(train)  [9][ 600/1671]  lr: 8.0000e-03  eta: 1:42:32  time: 0.1368  data_time: 0.0035  memory: 2225  grad_norm: 0.2403  loss: 0.2670  loss_sem_seg: 0.2670
2026/06/19 03:31:41 - mmengine - INFO - Exp name: minkunet34_w32_minkowski_geometry_kitti_box_seg_20260619_025828
2026/06/19 03:31:43 - mmengine - INFO - Epoch(train)  [9][ 650/1671]  lr: 8.0000e-03  eta: 1:42:25  time: 0.1307  data_time: 0.0032  memory: 2289  grad_norm: 0.2711  loss: 0.2711  loss_sem_seg: 0.2711
2026/06/19 03:31:50 - mmengine - INFO - Epoch(train)  [9][ 700/1671]  lr: 8.0000e-03  eta: 1:42:19  time: 0.1358  data_time: 0.0033  memory: 2192  grad_norm: 0.2807  loss: 0.2748  loss_sem_seg: 0.2748
2026/06/19 03:31:57 - mmengine - INFO - Epoch(train)  [9][ 750/1671]  lr: 8.0000e-03  eta: 1:42:12  time: 0.1332  data_time: 0.0032  memory: 2266  grad_norm: 0.2638  loss: 0.2909  loss_sem_seg: 0.2909
2026/06/19 03:32:03 - mmengine - INFO - Epoch(train)  [9][ 800/1671]  lr: 8.0000e-03  eta: 1:42:06  time: 0.1352  data_time: 0.0034  memory: 2393  grad_norm: 0.2821  loss: 0.2709  loss_sem_seg: 0.2709
2026/06/19 03:32:10 - mmengine - INFO - Epoch(train)  [9][ 850/1671]  lr: 8.0000e-03  eta: 1:41:59  time: 0.1333  data_time: 0.0036  memory: 2245  grad_norm: 0.2584  loss: 0.2649  loss_sem_seg: 0.2649
2026/06/19 03:32:17 - mmengine - INFO - Epoch(train)  [9][ 900/1671]  lr: 8.0000e-03  eta: 1:41:52  time: 0.1314  data_time: 0.0032  memory: 2313  grad_norm: 0.2471  loss: 0.2453  loss_sem_seg: 0.2453
2026/06/19 03:32:23 - mmengine - INFO - Epoch(train)  [9][ 950/1671]  lr: 8.0000e-03  eta: 1:41:46  time: 0.1359  data_time: 0.0033  memory: 2286  grad_norm: 0.2362  loss: 0.2480  loss_sem_seg: 0.2480
2026/06/19 03:32:30 - mmengine - INFO - Epoch(train)  [9][1000/1671]  lr: 8.0000e-03  eta: 1:41:39  time: 0.1322  data_time: 0.0033  memory: 2219  grad_norm: 0.2620  loss: 0.2674  loss_sem_seg: 0.2674
2026/06/19 03:32:37 - mmengine - INFO - Epoch(train)  [9][1050/1671]  lr: 8.0000e-03  eta: 1:41:33  time: 0.1340  data_time: 0.0034  memory: 2289  grad_norm: 0.2453  loss: 0.2418  loss_sem_seg: 0.2418
2026/06/19 03:32:44 - mmengine - INFO - Epoch(train)  [9][1100/1671]  lr: 8.0000e-03  eta: 1:41:27  time: 0.1359  data_time: 0.0033  memory: 2296  grad_norm: 0.2600  loss: 0.2849  loss_sem_seg: 0.2849
2026/06/19 03:32:50 - mmengine - INFO - Epoch(train)  [9][1150/1671]  lr: 8.0000e-03  eta: 1:41:20  time: 0.1329  data_time: 0.0035  memory: 2371  grad_norm: 0.3792  loss: 0.3354  loss_sem_seg: 0.3354
2026/06/19 03:32:57 - mmengine - INFO - Epoch(train)  [9][1200/1671]  lr: 8.0000e-03  eta: 1:41:13  time: 0.1328  data_time: 0.0032  memory: 2166  grad_norm: 0.2958  loss: 0.3006  loss_sem_seg: 0.3006
2026/06/19 03:33:04 - mmengine - INFO - Epoch(train)  [9][1250/1671]  lr: 8.0000e-03  eta: 1:41:07  time: 0.1353  data_time: 0.0034  memory: 2221  grad_norm: 0.2371  loss: 0.2624  loss_sem_seg: 0.2624
2026/06/19 03:33:10 - mmengine - INFO - Epoch(train)  [9][1300/1671]  lr: 8.0000e-03  eta: 1:41:00  time: 0.1306  data_time: 0.0035  memory: 2276  grad_norm: 0.2795  loss: 0.2755  loss_sem_seg: 0.2755
2026/06/19 03:33:17 - mmengine - INFO - Epoch(train)  [9][1350/1671]  lr: 8.0000e-03  eta: 1:40:53  time: 0.1317  data_time: 0.0033  memory: 2196  grad_norm: 0.2293  loss: 0.2611  loss_sem_seg: 0.2611
2026/06/19 03:33:23 - mmengine - INFO - Epoch(train)  [9][1400/1671]  lr: 8.0000e-03  eta: 1:40:46  time: 0.1332  data_time: 0.0036  memory: 2287  grad_norm: 0.2219  loss: 0.2279  loss_sem_seg: 0.2279
2026/06/19 03:33:30 - mmengine - INFO - Epoch(train)  [9][1450/1671]  lr: 8.0000e-03  eta: 1:40:40  time: 0.1346  data_time: 0.0035  memory: 2345  grad_norm: 0.2781  loss: 0.2886  loss_sem_seg: 0.2886
2026/06/19 03:33:37 - mmengine - INFO - Epoch(train)  [9][1500/1671]  lr: 8.0000e-03  eta: 1:40:33  time: 0.1344  data_time: 0.0032  memory: 2324  grad_norm: 0.2288  loss: 0.2621  loss_sem_seg: 0.2621
2026/06/19 03:33:44 - mmengine - INFO - Epoch(train)  [9][1550/1671]  lr: 8.0000e-03  eta: 1:40:26  time: 0.1328  data_time: 0.0032  memory: 2194  grad_norm: 0.2547  loss: 0.2819  loss_sem_seg: 0.2819
2026/06/19 03:33:50 - mmengine - INFO - Epoch(train)  [9][1600/1671]  lr: 8.0000e-03  eta: 1:40:20  time: 0.1331  data_time: 0.0032  memory: 2217  grad_norm: 0.2716  loss: 0.2887  loss_sem_seg: 0.2887
2026/06/19 03:33:54 - mmengine - INFO - Exp name: minkunet34_w32_minkowski_geometry_kitti_box_seg_20260619_025828
2026/06/19 03:33:57 - mmengine - INFO - Epoch(train)  [9][1650/1671]  lr: 8.0000e-03  eta: 1:40:13  time: 0.1327  data_time: 0.0033  memory: 2299  grad_norm: 0.3161  loss: 0.3162  loss_sem_seg: 0.3162
2026/06/19 03:34:00 - mmengine - INFO - Exp name: minkunet34_w32_minkowski_geometry_kitti_box_seg_20260619_025828
2026/06/19 03:34:00 - mmengine - INFO - Saving checkpoint at 9 epochs
2026/06/19 03:34:03 - mmengine - INFO - Epoch(val)  [9][ 50/371]    eta: 0:00:09  time: 0.0290  data_time: 0.0025  memory: 2139  
2026/06/19 03:34:04 - mmengine - INFO - Epoch(val)  [9][100/371]    eta: 0:00:07  time: 0.0281  data_time: 0.0025  memory: 685  
2026/06/19 03:34:06 - mmengine - INFO - Epoch(val)  [9][150/371]    eta: 0:00:06  time: 0.0296  data_time: 0.0026  memory: 682  
2026/06/19 03:34:07 - mmengine - INFO - Epoch(val)  [9][200/371]    eta: 0:00:04  time: 0.0285  data_time: 0.0026  memory: 683  
2026/06/19 03:34:08 - mmengine - INFO - Epoch(val)  [9][250/371]    eta: 0:00:03  time: 0.0279  data_time: 0.0027  memory: 677  
2026/06/19 03:34:10 - mmengine - INFO - Epoch(val)  [9][300/371]    eta: 0:00:02  time: 0.0287  data_time: 0.0026  memory: 684  
2026/06/19 03:34:11 - mmengine - INFO - Epoch(val)  [9][350/371]    eta: 0:00:00  time: 0.0294  data_time: 0.0027  memory: 684  
2026/06/19 03:34:12 - mmengine - INFO - 
+---------+------------+------------+--------+--------+---------+
| classes | background | foreground | miou   | acc    | acc_cls |
+---------+------------+------------+--------+--------+---------+
| results | 0.9235     | 0.4411     | 0.6823 | 0.9279 | 0.9172  |
+---------+------------+------------+--------+--------+---------+
2026/06/19 03:34:12 - mmengine - INFO - Epoch(val) [9][371/371]    background: 0.9235  foreground: 0.4411  miou: 0.6823  acc: 0.9279  acc_cls: 0.9172  data_time: 0.0026  time: 0.0289
2026/06/19 03:34:19 - mmengine - INFO - Epoch(train) [10][  50/1671]  lr: 8.0000e-03  eta: 1:40:03  time: 0.1332  data_time: 0.0035  memory: 2215  grad_norm: 0.2638  loss: 0.2637  loss_sem_seg: 0.2637
2026/06/19 03:34:25 - mmengine - INFO - Epoch(train) [10][ 100/1671]  lr: 8.0000e-03  eta: 1:39:57  time: 0.1326  data_time: 0.0033  memory: 2273  grad_norm: 0.2453  loss: 0.2622  loss_sem_seg: 0.2622
2026/06/19 03:34:32 - mmengine - INFO - Epoch(train) [10][ 150/1671]  lr: 8.0000e-03  eta: 1:39:50  time: 0.1310  data_time: 0.0034  memory: 2277  grad_norm: 0.2666  loss: 0.2454  loss_sem_seg: 0.2454
2026/06/19 03:34:39 - mmengine - INFO - Epoch(train) [10][ 200/1671]  lr: 8.0000e-03  eta: 1:39:43  time: 0.1326  data_time: 0.0033  memory: 2223  grad_norm: 0.2644  loss: 0.2578  loss_sem_seg: 0.2578
2026/06/19 03:34:45 - mmengine - INFO - Epoch(train) [10][ 250/1671]  lr: 8.0000e-03  eta: 1:39:36  time: 0.1327  data_time: 0.0032  memory: 2201  grad_norm: 0.2436  loss: 0.2763  loss_sem_seg: 0.2763
2026/06/19 03:34:52 - mmengine - INFO - Epoch(train) [10][ 300/1671]  lr: 8.0000e-03  eta: 1:39:30  time: 0.1353  data_time: 0.0034  memory: 2201  grad_norm: 0.2453  loss: 0.2603  loss_sem_seg: 0.2603
2026/06/19 03:34:59 - mmengine - INFO - Epoch(train) [10][ 350/1671]  lr: 8.0000e-03  eta: 1:39:23  time: 0.1330  data_time: 0.0033  memory: 2271  grad_norm: 0.2527  loss: 0.2708  loss_sem_seg: 0.2708
2026/06/19 03:35:05 - mmengine - INFO - Epoch(train) [10][ 400/1671]  lr: 8.0000e-03  eta: 1:39:16  time: 0.1324  data_time: 0.0034  memory: 2226  grad_norm: 0.2627  loss: 0.2710  loss_sem_seg: 0.2710
2026/06/19 03:35:12 - mmengine - INFO - Epoch(train) [10][ 450/1671]  lr: 8.0000e-03  eta: 1:39:10  time: 0.1360  data_time: 0.0033  memory: 2253  grad_norm: 0.2642  loss: 0.2727  loss_sem_seg: 0.2727
2026/06/19 03:35:19 - mmengine - INFO - Epoch(train) [10][ 500/1671]  lr: 8.0000e-03  eta: 1:39:04  time: 0.1361  data_time: 0.0033  memory: 2326  grad_norm: 0.2337  loss: 0.2486  loss_sem_seg: 0.2486
2026/06/19 03:35:26 - mmengine - INFO - Epoch(train) [10][ 550/1671]  lr: 8.0000e-03  eta: 1:38:57  time: 0.1346  data_time: 0.0035  memory: 2291  grad_norm: 0.2240  loss: 0.2526  loss_sem_seg: 0.2526
2026/06/19 03:35:32 - mmengine - INFO - Epoch(train) [10][ 600/1671]  lr: 8.0000e-03  eta: 1:38:51  time: 0.1318  data_time: 0.0033  memory: 2274  grad_norm: 0.2458  loss: 0.2510  loss_sem_seg: 0.2510
2026/06/19 03:35:39 - mmengine - INFO - Epoch(train) [10][ 650/1671]  lr: 8.0000e-03  eta: 1:38:44  time: 0.1338  data_time: 0.0034  memory: 2196  grad_norm: 0.2706  loss: 0.2785  loss_sem_seg: 0.2785
2026/06/19 03:35:46 - mmengine - INFO - Epoch(train) [10][ 700/1671]  lr: 8.0000e-03  eta: 1:38:37  time: 0.1331  data_time: 0.0035  memory: 2260  grad_norm: 0.2189  loss: 0.2500  loss_sem_seg: 0.2500
2026/06/19 03:35:52 - mmengine - INFO - Epoch(train) [10][ 750/1671]  lr: 8.0000e-03  eta: 1:38:31  time: 0.1336  data_time: 0.0032  memory: 2223  grad_norm: 0.3170  loss: 0.2839  loss_sem_seg: 0.2839
2026/06/19 03:35:59 - mmengine - INFO - Epoch(train) [10][ 800/1671]  lr: 8.0000e-03  eta: 1:38:24  time: 0.1317  data_time: 0.0034  memory: 2273  grad_norm: 0.2880  loss: 0.2988  loss_sem_seg: 0.2988
2026/06/19 03:36:05 - mmengine - INFO - Epoch(train) [10][ 850/1671]  lr: 8.0000e-03  eta: 1:38:17  time: 0.1302  data_time: 0.0036  memory: 2276  grad_norm: 0.2252  loss: 0.2595  loss_sem_seg: 0.2595
2026/06/19 03:36:12 - mmengine - INFO - Epoch(train) [10][ 900/1671]  lr: 8.0000e-03  eta: 1:38:10  time: 0.1311  data_time: 0.0032  memory: 2288  grad_norm: 0.2518  loss: 0.2554  loss_sem_seg: 0.2554
2026/06/19 03:36:19 - mmengine - INFO - Epoch(train) [10][ 950/1671]  lr: 8.0000e-03  eta: 1:38:03  time: 0.1335  data_time: 0.0032  memory: 2304  grad_norm: 0.1968  loss: 0.2202  loss_sem_seg: 0.2202
2026/06/19 03:36:20 - mmengine - INFO - Exp name: minkunet34_w32_minkowski_geometry_kitti_box_seg_20260619_025828
2026/06/19 03:36:25 - mmengine - INFO - Epoch(train) [10][1000/1671]  lr: 8.0000e-03  eta: 1:37:57  time: 0.1336  data_time: 0.0033  memory: 2351  grad_norm: 0.2514  loss: 0.2781  loss_sem_seg: 0.2781
2026/06/19 03:36:32 - mmengine - INFO - Epoch(train) [10][1050/1671]  lr: 8.0000e-03  eta: 1:37:50  time: 0.1333  data_time: 0.0034  memory: 2224  grad_norm: 0.2576  loss: 0.2657  loss_sem_seg: 0.2657
2026/06/19 03:36:39 - mmengine - INFO - Epoch(train) [10][1100/1671]  lr: 8.0000e-03  eta: 1:37:43  time: 0.1314  data_time: 0.0033  memory: 2246  grad_norm: 0.2726  loss: 0.2739  loss_sem_seg: 0.2739
2026/06/19 03:36:45 - mmengine - INFO - Epoch(train) [10][1150/1671]  lr: 8.0000e-03  eta: 1:37:36  time: 0.1319  data_time: 0.0035  memory: 2267  grad_norm: 0.2664  loss: 0.2852  loss_sem_seg: 0.2852
2026/06/19 03:36:52 - mmengine - INFO - Epoch(train) [10][1200/1671]  lr: 8.0000e-03  eta: 1:37:29  time: 0.1318  data_time: 0.0034  memory: 2271  grad_norm: 0.2586  loss: 0.2661  loss_sem_seg: 0.2661
2026/06/19 03:36:58 - mmengine - INFO - Epoch(train) [10][1250/1671]  lr: 8.0000e-03  eta: 1:37:23  time: 0.1331  data_time: 0.0032  memory: 2239  grad_norm: 0.2746  loss: 0.2720  loss_sem_seg: 0.2720
2026/06/19 03:37:05 - mmengine - INFO - Epoch(train) [10][1300/1671]  lr: 8.0000e-03  eta: 1:37:16  time: 0.1338  data_time: 0.0032  memory: 2211  grad_norm: 0.2637  loss: 0.2751  loss_sem_seg: 0.2751
2026/06/19 03:37:12 - mmengine - INFO - Epoch(train) [10][1350/1671]  lr: 8.0000e-03  eta: 1:37:09  time: 0.1321  data_time: 0.0035  memory: 2232  grad_norm: 0.2221  loss: 0.2637  loss_sem_seg: 0.2637
2026/06/19 03:37:18 - mmengine - INFO - Epoch(train) [10][1400/1671]  lr: 8.0000e-03  eta: 1:37:02  time: 0.1313  data_time: 0.0035  memory: 2163  grad_norm: 0.2438  loss: 0.2718  loss_sem_seg: 0.2718
2026/06/19 03:37:25 - mmengine - INFO - Epoch(train) [10][1450/1671]  lr: 8.0000e-03  eta: 1:36:56  time: 0.1330  data_time: 0.0034  memory: 2229  grad_norm: 0.2825  loss: 0.2819  loss_sem_seg: 0.2819
2026/06/19 03:37:32 - mmengine - INFO - Epoch(train) [10][1500/1671]  lr: 8.0000e-03  eta: 1:36:49  time: 0.1326  data_time: 0.0034  memory: 2240  grad_norm: 0.1966  loss: 0.2426  loss_sem_seg: 0.2426
2026/06/19 03:37:38 - mmengine - INFO - Epoch(train) [10][1550/1671]  lr: 8.0000e-03  eta: 1:36:42  time: 0.1322  data_time: 0.0032  memory: 2216  grad_norm: 0.2512  loss: 0.2552  loss_sem_seg: 0.2552
2026/06/19 03:37:45 - mmengine - INFO - Epoch(train) [10][1600/1671]  lr: 8.0000e-03  eta: 1:36:36  time: 0.1359  data_time: 0.0036  memory: 2301  grad_norm: 0.3012  loss: 0.2941  loss_sem_seg: 0.2941
2026/06/19 03:37:52 - mmengine - INFO - Epoch(train) [10][1650/1671]  lr: 8.0000e-03  eta: 1:36:29  time: 0.1319  data_time: 0.0033  memory: 2260  grad_norm: 0.2482  loss: 0.2679  loss_sem_seg: 0.2679
2026/06/19 03:37:54 - mmengine - INFO - Exp name: minkunet34_w32_minkowski_geometry_kitti_box_seg_20260619_025828
2026/06/19 03:37:54 - mmengine - INFO - Saving checkpoint at 10 epochs
2026/06/19 03:37:58 - mmengine - INFO - Epoch(val) [10][ 50/371]    eta: 0:00:09  time: 0.0288  data_time: 0.0030  memory: 2322  
2026/06/19 03:37:59 - mmengine - INFO - Epoch(val) [10][100/371]    eta: 0:00:07  time: 0.0287  data_time: 0.0026  memory: 685  
2026/06/19 03:38:00 - mmengine - INFO - Epoch(val) [10][150/371]    eta: 0:00:06  time: 0.0278  data_time: 0.0025  memory: 682  
2026/06/19 03:38:02 - mmengine - INFO - Epoch(val) [10][200/371]    eta: 0:00:04  time: 0.0283  data_time: 0.0026  memory: 683  
2026/06/19 03:38:03 - mmengine - INFO - Epoch(val) [10][250/371]    eta: 0:00:03  time: 0.0291  data_time: 0.0028  memory: 677  
2026/06/19 03:38:05 - mmengine - INFO - Epoch(val) [10][300/371]    eta: 0:00:02  time: 0.0279  data_time: 0.0025  memory: 684  
2026/06/19 03:38:06 - mmengine - INFO - Epoch(val) [10][350/371]    eta: 0:00:00  time: 0.0280  data_time: 0.0024  memory: 684  
2026/06/19 03:38:07 - mmengine - INFO - 
+---------+------------+------------+--------+--------+---------+
| classes | background | foreground | miou   | acc    | acc_cls |
+---------+------------+------------+--------+--------+---------+
| results | 0.9625     | 0.5496     | 0.7560 | 0.9641 | 0.8392  |
+---------+------------+------------+--------+--------+---------+
2026/06/19 03:38:07 - mmengine - INFO - Epoch(val) [10][371/371]    background: 0.9625  foreground: 0.5496  miou: 0.7560  acc: 0.9641  acc_cls: 0.8392  data_time: 0.0026  time: 0.0284
2026/06/19 03:38:07 - mmengine - INFO - The previous best checkpoint /public/DATA/sm/RACO-LPCC/mmdetection3d/work_dirs/minkunet_kitti_fov_box_seg_geometry/best_foreground_epoch_7.pth is removed
2026/06/19 03:38:08 - mmengine - INFO - The best checkpoint with 0.5496 foreground at 10 epoch is saved to best_foreground_epoch_10.pth.
2026/06/19 03:38:18 - mmengine - INFO - Epoch(train) [11][  50/1671]  lr: 8.0000e-03  eta: 1:36:20  time: 0.1338  data_time: 0.0038  memory: 2234  grad_norm: 0.2229  loss: 0.2427  loss_sem_seg: 0.2427
2026/06/19 03:38:24 - mmengine - INFO - Epoch(train) [11][ 100/1671]  lr: 8.0000e-03  eta: 1:36:13  time: 0.1356  data_time: 0.0037  memory: 2239  grad_norm: 0.2323  loss: 0.2508  loss_sem_seg: 0.2508
2026/06/19 03:38:31 - mmengine - INFO - Epoch(train) [11][ 150/1671]  lr: 8.0000e-03  eta: 1:36:07  time: 0.1333  data_time: 0.0036  memory: 2221  grad_norm: 0.2743  loss: 0.2398  loss_sem_seg: 0.2398
2026/06/19 03:38:38 - mmengine - INFO - Epoch(train) [11][ 200/1671]  lr: 8.0000e-03  eta: 1:36:00  time: 0.1358  data_time: 0.0034  memory: 2204  grad_norm: 0.2457  loss: 0.2493  loss_sem_seg: 0.2493
2026/06/19 03:38:45 - mmengine - INFO - Epoch(train) [11][ 250/1671]  lr: 8.0000e-03  eta: 1:35:54  time: 0.1351  data_time: 0.0034  memory: 2221  grad_norm: 0.3066  loss: 0.2794  loss_sem_seg: 0.2794
2026/06/19 03:38:50 - mmengine - INFO - Exp name: minkunet34_w32_minkowski_geometry_kitti_box_seg_20260619_025828
2026/06/19 03:38:51 - mmengine - INFO - Epoch(train) [11][ 300/1671]  lr: 8.0000e-03  eta: 1:35:47  time: 0.1330  data_time: 0.0035  memory: 2251  grad_norm: 0.2640  loss: 0.2670  loss_sem_seg: 0.2670
2026/06/19 03:38:58 - mmengine - INFO - Epoch(train) [11][ 350/1671]  lr: 8.0000e-03  eta: 1:35:41  time: 0.1348  data_time: 0.0034  memory: 2307  grad_norm: 0.2945  loss: 0.2814  loss_sem_seg: 0.2814
2026/06/19 03:39:05 - mmengine - INFO - Epoch(train) [11][ 400/1671]  lr: 8.0000e-03  eta: 1:35:34  time: 0.1332  data_time: 0.0032  memory: 2244  grad_norm: 0.2358  loss: 0.2781  loss_sem_seg: 0.2781
2026/06/19 03:39:11 - mmengine - INFO - Epoch(train) [11][ 450/1671]  lr: 8.0000e-03  eta: 1:35:27  time: 0.1324  data_time: 0.0032  memory: 2264  grad_norm: 0.3436  loss: 0.2989  loss_sem_seg: 0.2989
2026/06/19 03:39:18 - mmengine - INFO - Epoch(train) [11][ 500/1671]  lr: 8.0000e-03  eta: 1:35:21  time: 0.1328  data_time: 0.0036  memory: 2166  grad_norm: 0.2662  loss: 0.2623  loss_sem_seg: 0.2623
2026/06/19 03:39:24 - mmengine - INFO - Epoch(train) [11][ 550/1671]  lr: 8.0000e-03  eta: 1:35:14  time: 0.1308  data_time: 0.0032  memory: 2265  grad_norm: 0.2767  loss: 0.2725  loss_sem_seg: 0.2725
2026/06/19 03:39:31 - mmengine - INFO - Epoch(train) [11][ 600/1671]  lr: 8.0000e-03  eta: 1:35:07  time: 0.1323  data_time: 0.0033  memory: 2315  grad_norm: 0.2530  loss: 0.2648  loss_sem_seg: 0.2648
2026/06/19 03:39:38 - mmengine - INFO - Epoch(train) [11][ 650/1671]  lr: 8.0000e-03  eta: 1:35:01  time: 0.1376  data_time: 0.0041  memory: 2201  grad_norm: 0.2522  loss: 0.2616  loss_sem_seg: 0.2616
2026/06/19 03:39:45 - mmengine - INFO - Epoch(train) [11][ 700/1671]  lr: 8.0000e-03  eta: 1:34:54  time: 0.1353  data_time: 0.0034  memory: 2249  grad_norm: 0.2447  loss: 0.2670  loss_sem_seg: 0.2670
2026/06/19 03:39:51 - mmengine - INFO - Epoch(train) [11][ 750/1671]  lr: 8.0000e-03  eta: 1:34:48  time: 0.1332  data_time: 0.0034  memory: 2338  grad_norm: 0.2645  loss: 0.2445  loss_sem_seg: 0.2445
2026/06/19 03:39:58 - mmengine - INFO - Epoch(train) [11][ 800/1671]  lr: 8.0000e-03  eta: 1:34:41  time: 0.1356  data_time: 0.0033  memory: 2243  grad_norm: 0.2177  loss: 0.2428  loss_sem_seg: 0.2428
2026/06/19 03:40:05 - mmengine - INFO - Epoch(train) [11][ 850/1671]  lr: 8.0000e-03  eta: 1:34:35  time: 0.1342  data_time: 0.0036  memory: 2237  grad_norm: 0.2439  loss: 0.2575  loss_sem_seg: 0.2575
2026/06/19 03:40:12 - mmengine - INFO - Epoch(train) [11][ 900/1671]  lr: 8.0000e-03  eta: 1:34:28  time: 0.1336  data_time: 0.0033  memory: 2264  grad_norm: 0.3047  loss: 0.3127  loss_sem_seg: 0.3127
2026/06/19 03:40:18 - mmengine - INFO - Epoch(train) [11][ 950/1671]  lr: 8.0000e-03  eta: 1:34:22  time: 0.1365  data_time: 0.0034  memory: 2212  grad_norm: 0.2534  loss: 0.2829  loss_sem_seg: 0.2829
2026/06/19 03:40:25 - mmengine - INFO - Epoch(train) [11][1000/1671]  lr: 8.0000e-03  eta: 1:34:15  time: 0.1356  data_time: 0.0034  memory: 2177  grad_norm: 0.2554  loss: 0.2674  loss_sem_seg: 0.2674
2026/06/19 03:40:32 - mmengine - INFO - Epoch(train) [11][1050/1671]  lr: 8.0000e-03  eta: 1:34:09  time: 0.1338  data_time: 0.0033  memory: 2221  grad_norm: 0.2465  loss: 0.2849  loss_sem_seg: 0.2849
2026/06/19 03:40:39 - mmengine - INFO - Epoch(train) [11][1100/1671]  lr: 8.0000e-03  eta: 1:34:02  time: 0.1352  data_time: 0.0035  memory: 2322  grad_norm: 0.2178  loss: 0.2513  loss_sem_seg: 0.2513
2026/06/19 03:40:45 - mmengine - INFO - Epoch(train) [11][1150/1671]  lr: 8.0000e-03  eta: 1:33:56  time: 0.1337  data_time: 0.0034  memory: 2168  grad_norm: 0.2291  loss: 0.2569  loss_sem_seg: 0.2569
2026/06/19 03:40:52 - mmengine - INFO - Epoch(train) [11][1200/1671]  lr: 8.0000e-03  eta: 1:33:49  time: 0.1351  data_time: 0.0036  memory: 2326  grad_norm: 0.2465  loss: 0.2417  loss_sem_seg: 0.2417
2026/06/19 03:40:59 - mmengine - INFO - Epoch(train) [11][1250/1671]  lr: 8.0000e-03  eta: 1:33:43  time: 0.1360  data_time: 0.0035  memory: 2306  grad_norm: 0.2867  loss: 0.2765  loss_sem_seg: 0.2765
2026/06/19 03:41:04 - mmengine - INFO - Exp name: minkunet34_w32_minkowski_geometry_kitti_box_seg_20260619_025828
2026/06/19 03:41:06 - mmengine - INFO - Epoch(train) [11][1300/1671]  lr: 8.0000e-03  eta: 1:33:36  time: 0.1334  data_time: 0.0037  memory: 2287  grad_norm: 0.2505  loss: 0.2869  loss_sem_seg: 0.2869
2026/06/19 03:41:12 - mmengine - INFO - Epoch(train) [11][1350/1671]  lr: 8.0000e-03  eta: 1:33:30  time: 0.1335  data_time: 0.0033  memory: 2287  grad_norm: 0.2317  loss: 0.2587  loss_sem_seg: 0.2587
2026/06/19 03:41:19 - mmengine - INFO - Epoch(train) [11][1400/1671]  lr: 8.0000e-03  eta: 1:33:23  time: 0.1360  data_time: 0.0039  memory: 2213  grad_norm: 0.2512  loss: 0.2744  loss_sem_seg: 0.2744
2026/06/19 03:41:26 - mmengine - INFO - Epoch(train) [11][1450/1671]  lr: 8.0000e-03  eta: 1:33:17  time: 0.1338  data_time: 0.0032  memory: 2295  grad_norm: 0.2362  loss: 0.2705  loss_sem_seg: 0.2705
2026/06/19 03:41:33 - mmengine - INFO - Epoch(train) [11][1500/1671]  lr: 8.0000e-03  eta: 1:33:10  time: 0.1351  data_time: 0.0036  memory: 2259  grad_norm: 0.2682  loss: 0.2732  loss_sem_seg: 0.2732
2026/06/19 03:41:39 - mmengine - INFO - Epoch(train) [11][1550/1671]  lr: 8.0000e-03  eta: 1:33:04  time: 0.1342  data_time: 0.0037  memory: 2139  grad_norm: 0.2620  loss: 0.2742  loss_sem_seg: 0.2742
2026/06/19 03:41:46 - mmengine - INFO - Epoch(train) [11][1600/1671]  lr: 8.0000e-03  eta: 1:32:57  time: 0.1351  data_time: 0.0035  memory: 2189  grad_norm: 0.2400  loss: 0.2601  loss_sem_seg: 0.2601
2026/06/19 03:41:53 - mmengine - INFO - Epoch(train) [11][1650/1671]  lr: 8.0000e-03  eta: 1:32:51  time: 0.1338  data_time: 0.0033  memory: 2226  grad_norm: 0.2480  loss: 0.2766  loss_sem_seg: 0.2766
2026/06/19 03:41:56 - mmengine - INFO - Exp name: minkunet34_w32_minkowski_geometry_kitti_box_seg_20260619_025828
2026/06/19 03:41:56 - mmengine - INFO - Saving checkpoint at 11 epochs
2026/06/19 03:41:59 - mmengine - INFO - Epoch(val) [11][ 50/371]    eta: 0:00:09  time: 0.0298  data_time: 0.0027  memory: 2159  
2026/06/19 03:42:00 - mmengine - INFO - Epoch(val) [11][100/371]    eta: 0:00:07  time: 0.0282  data_time: 0.0024  memory: 685  
2026/06/19 03:42:02 - mmengine - INFO - Epoch(val) [11][150/371]    eta: 0:00:06  time: 0.0293  data_time: 0.0025  memory: 682  
2026/06/19 03:42:03 - mmengine - INFO - Epoch(val) [11][200/371]    eta: 0:00:04  time: 0.0286  data_time: 0.0023  memory: 683  
2026/06/19 03:42:05 - mmengine - INFO - Epoch(val) [11][250/371]    eta: 0:00:03  time: 0.0285  data_time: 0.0024  memory: 677  
2026/06/19 03:42:06 - mmengine - INFO - Epoch(val) [11][300/371]    eta: 0:00:02  time: 0.0296  data_time: 0.0030  memory: 684  
2026/06/19 03:42:08 - mmengine - INFO - Epoch(val) [11][350/371]    eta: 0:00:00  time: 0.0277  data_time: 0.0025  memory: 684  
2026/06/19 03:42:08 - mmengine - INFO - 
+---------+------------+------------+--------+--------+---------+
| classes | background | foreground | miou   | acc    | acc_cls |
+---------+------------+------------+--------+--------+---------+
| results | 0.9061     | 0.3928     | 0.6494 | 0.9114 | 0.9111  |
+---------+------------+------------+--------+--------+---------+
2026/06/19 03:42:08 - mmengine - INFO - Epoch(val) [11][371/371]    background: 0.9061  foreground: 0.3928  miou: 0.6494  acc: 0.9114  acc_cls: 0.9111  data_time: 0.0025  time: 0.0287
2026/06/19 03:42:15 - mmengine - INFO - Epoch(train) [12][  50/1671]  lr: 8.0000e-03  eta: 1:32:42  time: 0.1357  data_time: 0.0037  memory: 2197  grad_norm: 0.2667  loss: 0.2643  loss_sem_seg: 0.2643
2026/06/19 03:42:22 - mmengine - INFO - Epoch(train) [12][ 100/1671]  lr: 8.0000e-03  eta: 1:32:35  time: 0.1341  data_time: 0.0036  memory: 2267  grad_norm: 0.2504  loss: 0.2427  loss_sem_seg: 0.2427
2026/06/19 03:42:28 - mmengine - INFO - Epoch(train) [12][ 150/1671]  lr: 8.0000e-03  eta: 1:32:28  time: 0.1306  data_time: 0.0033  memory: 2260  grad_norm: 0.2142  loss: 0.2538  loss_sem_seg: 0.2538
2026/06/19 03:42:35 - mmengine - INFO - Epoch(train) [12][ 200/1671]  lr: 8.0000e-03  eta: 1:32:21  time: 0.1326  data_time: 0.0033  memory: 2175  grad_norm: 0.2464  loss: 0.2770  loss_sem_seg: 0.2770
2026/06/19 03:42:42 - mmengine - INFO - Epoch(train) [12][ 250/1671]  lr: 8.0000e-03  eta: 1:32:15  time: 0.1339  data_time: 0.0034  memory: 2264  grad_norm: 0.2377  loss: 0.2659  loss_sem_seg: 0.2659
2026/06/19 03:42:48 - mmengine - INFO - Epoch(train) [12][ 300/1671]  lr: 8.0000e-03  eta: 1:32:08  time: 0.1340  data_time: 0.0037  memory: 2256  grad_norm: 0.3065  loss: 0.3012  loss_sem_seg: 0.3012
2026/06/19 03:42:55 - mmengine - INFO - Epoch(train) [12][ 350/1671]  lr: 8.0000e-03  eta: 1:32:02  time: 0.1345  data_time: 0.0034  memory: 2242  grad_norm: 0.2635  loss: 0.2910  loss_sem_seg: 0.2910
2026/06/19 03:43:02 - mmengine - INFO - Epoch(train) [12][ 400/1671]  lr: 8.0000e-03  eta: 1:31:55  time: 0.1347  data_time: 0.0033  memory: 2227  grad_norm: 0.2314  loss: 0.2542  loss_sem_seg: 0.2542
2026/06/19 03:43:09 - mmengine - INFO - Epoch(train) [12][ 450/1671]  lr: 8.0000e-03  eta: 1:31:49  time: 0.1352  data_time: 0.0034  memory: 2234  grad_norm: 0.2623  loss: 0.2739  loss_sem_seg: 0.2739
2026/06/19 03:43:15 - mmengine - INFO - Epoch(train) [12][ 500/1671]  lr: 8.0000e-03  eta: 1:31:42  time: 0.1320  data_time: 0.0034  memory: 2176  grad_norm: 0.2505  loss: 0.2921  loss_sem_seg: 0.2921
2026/06/19 03:43:22 - mmengine - INFO - Epoch(train) [12][ 550/1671]  lr: 8.0000e-03  eta: 1:31:35  time: 0.1344  data_time: 0.0033  memory: 2246  grad_norm: 0.2514  loss: 0.2659  loss_sem_seg: 0.2659
2026/06/19 03:43:29 - mmengine - INFO - Epoch(train) [12][ 600/1671]  lr: 8.0000e-03  eta: 1:31:29  time: 0.1345  data_time: 0.0034  memory: 2339  grad_norm: 0.2154  loss: 0.2163  loss_sem_seg: 0.2163
2026/06/19 03:43:31 - mmengine - INFO - Exp name: minkunet34_w32_minkowski_geometry_kitti_box_seg_20260619_025828
2026/06/19 03:43:35 - mmengine - INFO - Epoch(train) [12][ 650/1671]  lr: 8.0000e-03  eta: 1:31:22  time: 0.1322  data_time: 0.0035  memory: 2221  grad_norm: 0.2477  loss: 0.2355  loss_sem_seg: 0.2355
2026/06/19 03:43:42 - mmengine - INFO - Epoch(train) [12][ 700/1671]  lr: 8.0000e-03  eta: 1:31:15  time: 0.1343  data_time: 0.0034  memory: 2259  grad_norm: 0.2399  loss: 0.2586  loss_sem_seg: 0.2586
2026/06/19 03:43:49 - mmengine - INFO - Epoch(train) [12][ 750/1671]  lr: 8.0000e-03  eta: 1:31:09  time: 0.1320  data_time: 0.0035  memory: 2191  grad_norm: 0.2029  loss: 0.2468  loss_sem_seg: 0.2468
2026/06/19 03:43:55 - mmengine - INFO - Epoch(train) [12][ 800/1671]  lr: 8.0000e-03  eta: 1:31:02  time: 0.1335  data_time: 0.0033  memory: 2346  grad_norm: 0.2260  loss: 0.2584  loss_sem_seg: 0.2584
2026/06/19 03:44:02 - mmengine - INFO - Epoch(train) [12][ 850/1671]  lr: 8.0000e-03  eta: 1:30:55  time: 0.1327  data_time: 0.0032  memory: 2309  grad_norm: 0.3171  loss: 0.3249  loss_sem_seg: 0.3249
2026/06/19 03:44:08 - mmengine - INFO - Epoch(train) [12][ 900/1671]  lr: 8.0000e-03  eta: 1:30:48  time: 0.1325  data_time: 0.0032  memory: 2258  grad_norm: 0.2243  loss: 0.2443  loss_sem_seg: 0.2443
2026/06/19 03:44:15 - mmengine - INFO - Epoch(train) [12][ 950/1671]  lr: 8.0000e-03  eta: 1:30:42  time: 0.1317  data_time: 0.0034  memory: 2277  grad_norm: 0.2473  loss: 0.2887  loss_sem_seg: 0.2887
2026/06/19 03:44:22 - mmengine - INFO - Epoch(train) [12][1000/1671]  lr: 8.0000e-03  eta: 1:30:35  time: 0.1342  data_time: 0.0037  memory: 2299  grad_norm: 0.2222  loss: 0.2360  loss_sem_seg: 0.2360
2026/06/19 03:44:28 - mmengine - INFO - Epoch(train) [12][1050/1671]  lr: 8.0000e-03  eta: 1:30:28  time: 0.1341  data_time: 0.0035  memory: 2290  grad_norm: 0.2791  loss: 0.2625  loss_sem_seg: 0.2625
2026/06/19 03:44:35 - mmengine - INFO - Epoch(train) [12][1100/1671]  lr: 8.0000e-03  eta: 1:30:22  time: 0.1341  data_time: 0.0035  memory: 2160  grad_norm: 0.2788  loss: 0.2729  loss_sem_seg: 0.2729
2026/06/19 03:44:42 - mmengine - INFO - Epoch(train) [12][1150/1671]  lr: 8.0000e-03  eta: 1:30:16  time: 0.1381  data_time: 0.0036  memory: 2259  grad_norm: 0.2323  loss: 0.2567  loss_sem_seg: 0.2567
2026/06/19 03:44:49 - mmengine - INFO - Epoch(train) [12][1200/1671]  lr: 8.0000e-03  eta: 1:30:09  time: 0.1330  data_time: 0.0035  memory: 2278  grad_norm: 0.2513  loss: 0.2742  loss_sem_seg: 0.2742
2026/06/19 03:44:56 - mmengine - INFO - Epoch(train) [12][1250/1671]  lr: 8.0000e-03  eta: 1:30:03  time: 0.1377  data_time: 0.0034  memory: 2216  grad_norm: 0.2355  loss: 0.2607  loss_sem_seg: 0.2607
2026/06/19 03:45:02 - mmengine - INFO - Epoch(train) [12][1300/1671]  lr: 8.0000e-03  eta: 1:29:56  time: 0.1354  data_time: 0.0035  memory: 2209  grad_norm: 0.2439  loss: 0.2717  loss_sem_seg: 0.2717
2026/06/19 03:45:09 - mmengine - INFO - Epoch(train) [12][1350/1671]  lr: 8.0000e-03  eta: 1:29:50  time: 0.1332  data_time: 0.0035  memory: 2255  grad_norm: 0.2378  loss: 0.2457  loss_sem_seg: 0.2457
2026/06/19 03:45:16 - mmengine - INFO - Epoch(train) [12][1400/1671]  lr: 8.0000e-03  eta: 1:29:43  time: 0.1334  data_time: 0.0033  memory: 2201  grad_norm: 0.2493  loss: 0.2547  loss_sem_seg: 0.2547
2026/06/19 03:45:22 - mmengine - INFO - Epoch(train) [12][1450/1671]  lr: 8.0000e-03  eta: 1:29:36  time: 0.1349  data_time: 0.0034  memory: 2284  grad_norm: 0.1625  loss: 0.2034  loss_sem_seg: 0.2034
2026/06/19 03:45:29 - mmengine - INFO - Epoch(train) [12][1500/1671]  lr: 8.0000e-03  eta: 1:29:30  time: 0.1321  data_time: 0.0038  memory: 2292  grad_norm: 0.3337  loss: 0.3111  loss_sem_seg: 0.3111
2026/06/19 03:45:36 - mmengine - INFO - Epoch(train) [12][1550/1671]  lr: 8.0000e-03  eta: 1:29:23  time: 0.1348  data_time: 0.0034  memory: 2208  grad_norm: 0.2830  loss: 0.2909  loss_sem_seg: 0.2909
2026/06/19 03:45:42 - mmengine - INFO - Epoch(train) [12][1600/1671]  lr: 8.0000e-03  eta: 1:29:16  time: 0.1329  data_time: 0.0034  memory: 2260  grad_norm: 0.2453  loss: 0.2527  loss_sem_seg: 0.2527
2026/06/19 03:45:45 - mmengine - INFO - Exp name: minkunet34_w32_minkowski_geometry_kitti_box_seg_20260619_025828
2026/06/19 03:45:49 - mmengine - INFO - Epoch(train) [12][1650/1671]  lr: 8.0000e-03  eta: 1:29:10  time: 0.1335  data_time: 0.0032  memory: 2225  grad_norm: 0.3107  loss: 0.2933  loss_sem_seg: 0.2933
2026/06/19 03:45:52 - mmengine - INFO - Exp name: minkunet34_w32_minkowski_geometry_kitti_box_seg_20260619_025828
2026/06/19 03:45:52 - mmengine - INFO - Saving checkpoint at 12 epochs
2026/06/19 03:45:55 - mmengine - INFO - Epoch(val) [12][ 50/371]    eta: 0:00:09  time: 0.0293  data_time: 0.0030  memory: 2308  
2026/06/19 03:45:57 - mmengine - INFO - Epoch(val) [12][100/371]    eta: 0:00:07  time: 0.0283  data_time: 0.0027  memory: 685  
2026/06/19 03:45:58 - mmengine - INFO - Epoch(val) [12][150/371]    eta: 0:00:06  time: 0.0285  data_time: 0.0025  memory: 682  
2026/06/19 03:46:00 - mmengine - INFO - Epoch(val) [12][200/371]    eta: 0:00:04  time: 0.0279  data_time: 0.0024  memory: 683  
2026/06/19 03:46:01 - mmengine - INFO - Epoch(val) [12][250/371]    eta: 0:00:03  time: 0.0277  data_time: 0.0024  memory: 677  
2026/06/19 03:46:02 - mmengine - INFO - Epoch(val) [12][300/371]    eta: 0:00:02  time: 0.0282  data_time: 0.0025  memory: 684  
2026/06/19 03:46:04 - mmengine - INFO - Epoch(val) [12][350/371]    eta: 0:00:00  time: 0.0278  data_time: 0.0024  memory: 684  
2026/06/19 03:46:04 - mmengine - INFO - 
+---------+------------+------------+--------+--------+---------+
| classes | background | foreground | miou   | acc    | acc_cls |
+---------+------------+------------+--------+--------+---------+
| results | 0.9514     | 0.4952     | 0.7233 | 0.9536 | 0.8465  |
+---------+------------+------------+--------+--------+---------+
2026/06/19 03:46:04 - mmengine - INFO - Epoch(val) [12][371/371]    background: 0.9514  foreground: 0.4952  miou: 0.7233  acc: 0.9536  acc_cls: 0.8465  data_time: 0.0025  time: 0.0282
2026/06/19 03:46:11 - mmengine - INFO - Epoch(train) [13][  50/1671]  lr: 8.0000e-03  eta: 1:29:00  time: 0.1340  data_time: 0.0039  memory: 2237  grad_norm: 0.2302  loss: 0.2631  loss_sem_seg: 0.2631
2026/06/19 03:46:18 - mmengine - INFO - Epoch(train) [13][ 100/1671]  lr: 8.0000e-03  eta: 1:28:54  time: 0.1341  data_time: 0.0035  memory: 2326  grad_norm: 0.2740  loss: 0.2821  loss_sem_seg: 0.2821
2026/06/19 03:46:25 - mmengine - INFO - Epoch(train) [13][ 150/1671]  lr: 8.0000e-03  eta: 1:28:47  time: 0.1333  data_time: 0.0032  memory: 2228  grad_norm: 0.2489  loss: 0.2657  loss_sem_seg: 0.2657
2026/06/19 03:46:31 - mmengine - INFO - Epoch(train) [13][ 200/1671]  lr: 8.0000e-03  eta: 1:28:40  time: 0.1294  data_time: 0.0037  memory: 2206  grad_norm: 0.2377  loss: 0.2588  loss_sem_seg: 0.2588
2026/06/19 03:46:38 - mmengine - INFO - Epoch(train) [13][ 250/1671]  lr: 8.0000e-03  eta: 1:28:33  time: 0.1349  data_time: 0.0034  memory: 2244  grad_norm: 0.2647  loss: 0.2680  loss_sem_seg: 0.2680
2026/06/19 03:46:44 - mmengine - INFO - Epoch(train) [13][ 300/1671]  lr: 8.0000e-03  eta: 1:28:27  time: 0.1342  data_time: 0.0033  memory: 2224  grad_norm: 0.2028  loss: 0.2272  loss_sem_seg: 0.2272
2026/06/19 03:46:51 - mmengine - INFO - Epoch(train) [13][ 350/1671]  lr: 8.0000e-03  eta: 1:28:20  time: 0.1339  data_time: 0.0034  memory: 2183  grad_norm: 0.2419  loss: 0.2790  loss_sem_seg: 0.2790
2026/06/19 03:46:58 - mmengine - INFO - Epoch(train) [13][ 400/1671]  lr: 8.0000e-03  eta: 1:28:14  time: 0.1333  data_time: 0.0035  memory: 2244  grad_norm: 0.2490  loss: 0.2329  loss_sem_seg: 0.2329
2026/06/19 03:47:05 - mmengine - INFO - Epoch(train) [13][ 450/1671]  lr: 8.0000e-03  eta: 1:28:07  time: 0.1352  data_time: 0.0032  memory: 2256  grad_norm: 0.2274  loss: 0.2403  loss_sem_seg: 0.2403
2026/06/19 03:47:11 - mmengine - INFO - Epoch(train) [13][ 500/1671]  lr: 8.0000e-03  eta: 1:28:01  time: 0.1361  data_time: 0.0037  memory: 2206  grad_norm: 0.2596  loss: 0.2583  loss_sem_seg: 0.2583
2026/06/19 03:47:18 - mmengine - INFO - Epoch(train) [13][ 550/1671]  lr: 8.0000e-03  eta: 1:27:54  time: 0.1337  data_time: 0.0034  memory: 2166  grad_norm: 0.2108  loss: 0.2421  loss_sem_seg: 0.2421
2026/06/19 03:47:25 - mmengine - INFO - Epoch(train) [13][ 600/1671]  lr: 8.0000e-03  eta: 1:27:48  time: 0.1345  data_time: 0.0033  memory: 2240  grad_norm: 0.2968  loss: 0.2666  loss_sem_seg: 0.2666
2026/06/19 03:47:32 - mmengine - INFO - Epoch(train) [13][ 650/1671]  lr: 8.0000e-03  eta: 1:27:41  time: 0.1336  data_time: 0.0033  memory: 2283  grad_norm: 0.2406  loss: 0.2599  loss_sem_seg: 0.2599
2026/06/19 03:47:38 - mmengine - INFO - Epoch(train) [13][ 700/1671]  lr: 8.0000e-03  eta: 1:27:34  time: 0.1338  data_time: 0.0033  memory: 2288  grad_norm: 0.2231  loss: 0.2477  loss_sem_seg: 0.2477
2026/06/19 03:47:45 - mmengine - INFO - Epoch(train) [13][ 750/1671]  lr: 8.0000e-03  eta: 1:27:28  time: 0.1366  data_time: 0.0033  memory: 2330  grad_norm: 0.2505  loss: 0.2348  loss_sem_seg: 0.2348
2026/06/19 03:47:52 - mmengine - INFO - Epoch(train) [13][ 800/1671]  lr: 8.0000e-03  eta: 1:27:22  time: 0.1361  data_time: 0.0040  memory: 2258  grad_norm: 0.3332  loss: 0.3393  loss_sem_seg: 0.3393
2026/06/19 03:47:59 - mmengine - INFO - Epoch(train) [13][ 850/1671]  lr: 8.0000e-03  eta: 1:27:15  time: 0.1349  data_time: 0.0035  memory: 2235  grad_norm: 0.2408  loss: 0.2706  loss_sem_seg: 0.2706
2026/06/19 03:48:05 - mmengine - INFO - Epoch(train) [13][ 900/1671]  lr: 8.0000e-03  eta: 1:27:09  time: 0.1372  data_time: 0.0035  memory: 2230  grad_norm: 0.2470  loss: 0.2525  loss_sem_seg: 0.2525
2026/06/19 03:48:12 - mmengine - INFO - Exp name: minkunet34_w32_minkowski_geometry_kitti_box_seg_20260619_025828
2026/06/19 03:48:12 - mmengine - INFO - Epoch(train) [13][ 950/1671]  lr: 8.0000e-03  eta: 1:27:02  time: 0.1356  data_time: 0.0037  memory: 2219  grad_norm: 0.3032  loss: 0.2856  loss_sem_seg: 0.2856
2026/06/19 03:48:19 - mmengine - INFO - Epoch(train) [13][1000/1671]  lr: 8.0000e-03  eta: 1:26:56  time: 0.1357  data_time: 0.0036  memory: 2280  grad_norm: 0.2712  loss: 0.2788  loss_sem_seg: 0.2788
2026/06/19 03:48:26 - mmengine - INFO - Epoch(train) [13][1050/1671]  lr: 8.0000e-03  eta: 1:26:49  time: 0.1360  data_time: 0.0038  memory: 2177  grad_norm: 0.2507  loss: 0.2822  loss_sem_seg: 0.2822
2026/06/19 03:48:33 - mmengine - INFO - Epoch(train) [13][1100/1671]  lr: 8.0000e-03  eta: 1:26:43  time: 0.1338  data_time: 0.0034  memory: 2308  grad_norm: 0.2631  loss: 0.2604  loss_sem_seg: 0.2604
2026/06/19 03:48:39 - mmengine - INFO - Epoch(train) [13][1150/1671]  lr: 8.0000e-03  eta: 1:26:36  time: 0.1364  data_time: 0.0034  memory: 2245  grad_norm: 0.2943  loss: 0.2771  loss_sem_seg: 0.2771
2026/06/19 03:48:46 - mmengine - INFO - Epoch(train) [13][1200/1671]  lr: 8.0000e-03  eta: 1:26:30  time: 0.1328  data_time: 0.0034  memory: 2299  grad_norm: 0.2300  loss: 0.2885  loss_sem_seg: 0.2885
2026/06/19 03:48:53 - mmengine - INFO - Epoch(train) [13][1250/1671]  lr: 8.0000e-03  eta: 1:26:23  time: 0.1345  data_time: 0.0034  memory: 2290  grad_norm: 0.2473  loss: 0.2538  loss_sem_seg: 0.2538
2026/06/19 03:48:59 - mmengine - INFO - Epoch(train) [13][1300/1671]  lr: 8.0000e-03  eta: 1:26:16  time: 0.1340  data_time: 0.0039  memory: 2289  grad_norm: 0.2155  loss: 0.2561  loss_sem_seg: 0.2561
2026/06/19 03:49:06 - mmengine - INFO - Epoch(train) [13][1350/1671]  lr: 8.0000e-03  eta: 1:26:10  time: 0.1353  data_time: 0.0034  memory: 2245  grad_norm: 0.2399  loss: 0.2404  loss_sem_seg: 0.2404
2026/06/19 03:49:13 - mmengine - INFO - Epoch(train) [13][1400/1671]  lr: 8.0000e-03  eta: 1:26:03  time: 0.1328  data_time: 0.0034  memory: 2261  grad_norm: 0.2182  loss: 0.2334  loss_sem_seg: 0.2334
2026/06/19 03:49:19 - mmengine - INFO - Epoch(train) [13][1450/1671]  lr: 8.0000e-03  eta: 1:25:56  time: 0.1332  data_time: 0.0031  memory: 2261  grad_norm: 0.2624  loss: 0.2742  loss_sem_seg: 0.2742
2026/06/19 03:49:26 - mmengine - INFO - Epoch(train) [13][1500/1671]  lr: 8.0000e-03  eta: 1:25:50  time: 0.1353  data_time: 0.0034  memory: 2272  grad_norm: 0.2433  loss: 0.2774  loss_sem_seg: 0.2774
2026/06/19 03:49:33 - mmengine - INFO - Epoch(train) [13][1550/1671]  lr: 8.0000e-03  eta: 1:25:43  time: 0.1322  data_time: 0.0034  memory: 2199  grad_norm: 0.2243  loss: 0.2344  loss_sem_seg: 0.2344
2026/06/19 03:49:40 - mmengine - INFO - Epoch(train) [13][1600/1671]  lr: 8.0000e-03  eta: 1:25:37  time: 0.1356  data_time: 0.0034  memory: 2253  grad_norm: 0.2421  loss: 0.2629  loss_sem_seg: 0.2629
2026/06/19 03:49:46 - mmengine - INFO - Epoch(train) [13][1650/1671]  lr: 8.0000e-03  eta: 1:25:30  time: 0.1325  data_time: 0.0034  memory: 2204  grad_norm: 0.3114  loss: 0.2992  loss_sem_seg: 0.2992
2026/06/19 03:49:49 - mmengine - INFO - Exp name: minkunet34_w32_minkowski_geometry_kitti_box_seg_20260619_025828
2026/06/19 03:49:49 - mmengine - INFO - Saving checkpoint at 13 epochs
2026/06/19 03:49:52 - mmengine - INFO - Epoch(val) [13][ 50/371]    eta: 0:00:09  time: 0.0299  data_time: 0.0035  memory: 2185  
2026/06/19 03:49:54 - mmengine - INFO - Epoch(val) [13][100/371]    eta: 0:00:07  time: 0.0278  data_time: 0.0024  memory: 685  
2026/06/19 03:49:55 - mmengine - INFO - Epoch(val) [13][150/371]    eta: 0:00:06  time: 0.0285  data_time: 0.0026  memory: 682  
2026/06/19 03:49:57 - mmengine - INFO - Epoch(val) [13][200/371]    eta: 0:00:04  time: 0.0279  data_time: 0.0023  memory: 683  
2026/06/19 03:49:58 - mmengine - INFO - Epoch(val) [13][250/371]    eta: 0:00:03  time: 0.0279  data_time: 0.0023  memory: 677  
2026/06/19 03:49:59 - mmengine - INFO - Epoch(val) [13][300/371]    eta: 0:00:02  time: 0.0277  data_time: 0.0024  memory: 684  
2026/06/19 03:50:01 - mmengine - INFO - Epoch(val) [13][350/371]    eta: 0:00:00  time: 0.0278  data_time: 0.0024  memory: 684  
2026/06/19 03:50:01 - mmengine - INFO - 
+---------+------------+------------+--------+--------+---------+
| classes | background | foreground | miou   | acc    | acc_cls |
+---------+------------+------------+--------+--------+---------+
| results | 0.9573     | 0.5516     | 0.7545 | 0.9594 | 0.8821  |
+---------+------------+------------+--------+--------+---------+
2026/06/19 03:50:01 - mmengine - INFO - Epoch(val) [13][371/371]    background: 0.9573  foreground: 0.5516  miou: 0.7545  acc: 0.9594  acc_cls: 0.8821  data_time: 0.0026  time: 0.0282
2026/06/19 03:50:01 - mmengine - INFO - The previous best checkpoint /public/DATA/sm/RACO-LPCC/mmdetection3d/work_dirs/minkunet_kitti_fov_box_seg_geometry/best_foreground_epoch_10.pth is removed
2026/06/19 03:50:02 - mmengine - INFO - The best checkpoint with 0.5516 foreground at 13 epoch is saved to best_foreground_epoch_13.pth.
2026/06/19 03:50:14 - mmengine - INFO - Epoch(train) [14][  50/1671]  lr: 8.0000e-03  eta: 1:25:21  time: 0.1356  data_time: 0.0037  memory: 2235  grad_norm: 0.2078  loss: 0.2367  loss_sem_seg: 0.2367
2026/06/19 03:50:20 - mmengine - INFO - Epoch(train) [14][ 100/1671]  lr: 8.0000e-03  eta: 1:25:14  time: 0.1346  data_time: 0.0033  memory: 2238  grad_norm: 0.2623  loss: 0.2689  loss_sem_seg: 0.2689
2026/06/19 03:50:27 - mmengine - INFO - Epoch(train) [14][ 150/1671]  lr: 8.0000e-03  eta: 1:25:08  time: 0.1343  data_time: 0.0033  memory: 2207  grad_norm: 0.2263  loss: 0.2195  loss_sem_seg: 0.2195
2026/06/19 03:50:34 - mmengine - INFO - Epoch(train) [14][ 200/1671]  lr: 8.0000e-03  eta: 1:25:01  time: 0.1335  data_time: 0.0034  memory: 2284  grad_norm: 0.2677  loss: 0.2839  loss_sem_seg: 0.2839
2026/06/19 03:50:40 - mmengine - INFO - Epoch(train) [14][ 250/1671]  lr: 8.0000e-03  eta: 1:24:54  time: 0.1307  data_time: 0.0033  memory: 2231  grad_norm: 0.2298  loss: 0.2426  loss_sem_seg: 0.2426
2026/06/19 03:50:44 - mmengine - INFO - Exp name: minkunet34_w32_minkowski_geometry_kitti_box_seg_20260619_025828
2026/06/19 03:50:47 - mmengine - INFO - Epoch(train) [14][ 300/1671]  lr: 8.0000e-03  eta: 1:24:47  time: 0.1333  data_time: 0.0032  memory: 2250  grad_norm: 0.2500  loss: 0.2772  loss_sem_seg: 0.2772
2026/06/19 03:50:54 - mmengine - INFO - Epoch(train) [14][ 350/1671]  lr: 8.0000e-03  eta: 1:24:40  time: 0.1306  data_time: 0.0031  memory: 2223  grad_norm: 0.2890  loss: 0.3071  loss_sem_seg: 0.3071
2026/06/19 03:51:00 - mmengine - INFO - Epoch(train) [14][ 400/1671]  lr: 8.0000e-03  eta: 1:24:34  time: 0.1342  data_time: 0.0036  memory: 2293  grad_norm: 0.2883  loss: 0.3069  loss_sem_seg: 0.3069
2026/06/19 03:51:07 - mmengine - INFO - Epoch(train) [14][ 450/1671]  lr: 8.0000e-03  eta: 1:24:27  time: 0.1320  data_time: 0.0032  memory: 2270  grad_norm: 0.2671  loss: 0.2943  loss_sem_seg: 0.2943
2026/06/19 03:51:13 - mmengine - INFO - Epoch(train) [14][ 500/1671]  lr: 8.0000e-03  eta: 1:24:20  time: 0.1330  data_time: 0.0035  memory: 2166  grad_norm: 0.2204  loss: 0.2518  loss_sem_seg: 0.2518
2026/06/19 03:51:20 - mmengine - INFO - Epoch(train) [14][ 550/1671]  lr: 8.0000e-03  eta: 1:24:13  time: 0.1313  data_time: 0.0034  memory: 2215  grad_norm: 0.2848  loss: 0.2965  loss_sem_seg: 0.2965
2026/06/19 03:51:27 - mmengine - INFO - Epoch(train) [14][ 600/1671]  lr: 8.0000e-03  eta: 1:24:06  time: 0.1303  data_time: 0.0034  memory: 2225  grad_norm: 0.2392  loss: 0.2634  loss_sem_seg: 0.2634
2026/06/19 03:51:33 - mmengine - INFO - Epoch(train) [14][ 650/1671]  lr: 8.0000e-03  eta: 1:24:00  time: 0.1307  data_time: 0.0031  memory: 2187  grad_norm: 0.2683  loss: 0.2676  loss_sem_seg: 0.2676
2026/06/19 03:51:40 - mmengine - INFO - Epoch(train) [14][ 700/1671]  lr: 8.0000e-03  eta: 1:23:53  time: 0.1353  data_time: 0.0036  memory: 2310  grad_norm: 0.2222  loss: 0.2384  loss_sem_seg: 0.2384
2026/06/19 03:51:47 - mmengine - INFO - Epoch(train) [14][ 750/1671]  lr: 8.0000e-03  eta: 1:23:47  time: 0.1364  data_time: 0.0035  memory: 2220  grad_norm: 0.2345  loss: 0.2292  loss_sem_seg: 0.2292
2026/06/19 03:51:53 - mmengine - INFO - Epoch(train) [14][ 800/1671]  lr: 8.0000e-03  eta: 1:23:40  time: 0.1356  data_time: 0.0037  memory: 2278  grad_norm: 0.2238  loss: 0.2287  loss_sem_seg: 0.2287
2026/06/19 03:52:00 - mmengine - INFO - Epoch(train) [14][ 850/1671]  lr: 8.0000e-03  eta: 1:23:33  time: 0.1317  data_time: 0.0033  memory: 2310  grad_norm: 0.2631  loss: 0.2879  loss_sem_seg: 0.2879
2026/06/19 03:52:07 - mmengine - INFO - Epoch(train) [14][ 900/1671]  lr: 8.0000e-03  eta: 1:23:27  time: 0.1374  data_time: 0.0034  memory: 2202  grad_norm: 0.2897  loss: 0.2817  loss_sem_seg: 0.2817
2026/06/19 03:52:14 - mmengine - INFO - Epoch(train) [14][ 950/1671]  lr: 8.0000e-03  eta: 1:23:20  time: 0.1332  data_time: 0.0036  memory: 2219  grad_norm: 0.2592  loss: 0.2749  loss_sem_seg: 0.2749
2026/06/19 03:52:20 - mmengine - INFO - Epoch(train) [14][1000/1671]  lr: 8.0000e-03  eta: 1:23:14  time: 0.1335  data_time: 0.0031  memory: 2224  grad_norm: 0.2491  loss: 0.2518  loss_sem_seg: 0.2518
2026/06/19 03:52:27 - mmengine - INFO - Epoch(train) [14][1050/1671]  lr: 8.0000e-03  eta: 1:23:07  time: 0.1347  data_time: 0.0037  memory: 2257  grad_norm: 0.2312  loss: 0.2364  loss_sem_seg: 0.2364
2026/06/19 03:52:34 - mmengine - INFO - Epoch(train) [14][1100/1671]  lr: 8.0000e-03  eta: 1:23:00  time: 0.1342  data_time: 0.0034  memory: 2244  grad_norm: 0.2803  loss: 0.2770  loss_sem_seg: 0.2770
2026/06/19 03:52:40 - mmengine - INFO - Epoch(train) [14][1150/1671]  lr: 8.0000e-03  eta: 1:22:54  time: 0.1334  data_time: 0.0032  memory: 2159  grad_norm: 0.2720  loss: 0.2812  loss_sem_seg: 0.2812
2026/06/19 03:52:47 - mmengine - INFO - Epoch(train) [14][1200/1671]  lr: 8.0000e-03  eta: 1:22:47  time: 0.1322  data_time: 0.0033  memory: 2210  grad_norm: 0.2576  loss: 0.2680  loss_sem_seg: 0.2680
2026/06/19 03:52:54 - mmengine - INFO - Epoch(train) [14][1250/1671]  lr: 8.0000e-03  eta: 1:22:40  time: 0.1333  data_time: 0.0033  memory: 2285  grad_norm: 0.2553  loss: 0.2642  loss_sem_seg: 0.2642
2026/06/19 03:52:57 - mmengine - INFO - Exp name: minkunet34_w32_minkowski_geometry_kitti_box_seg_20260619_025828
2026/06/19 03:53:00 - mmengine - INFO - Epoch(train) [14][1300/1671]  lr: 8.0000e-03  eta: 1:22:34  time: 0.1330  data_time: 0.0033  memory: 2190  grad_norm: 0.2219  loss: 0.2607  loss_sem_seg: 0.2607
2026/06/19 03:53:07 - mmengine - INFO - Epoch(train) [14][1350/1671]  lr: 8.0000e-03  eta: 1:22:27  time: 0.1356  data_time: 0.0032  memory: 2282  grad_norm: 0.2076  loss: 0.2351  loss_sem_seg: 0.2351
2026/06/19 03:53:14 - mmengine - INFO - Epoch(train) [14][1400/1671]  lr: 8.0000e-03  eta: 1:22:20  time: 0.1321  data_time: 0.0032  memory: 2170  grad_norm: 0.2179  loss: 0.2567  loss_sem_seg: 0.2567
2026/06/19 03:53:20 - mmengine - INFO - Epoch(train) [14][1450/1671]  lr: 8.0000e-03  eta: 1:22:14  time: 0.1326  data_time: 0.0033  memory: 2216  grad_norm: 0.2733  loss: 0.2770  loss_sem_seg: 0.2770
2026/06/19 03:53:27 - mmengine - INFO - Epoch(train) [14][1500/1671]  lr: 8.0000e-03  eta: 1:22:07  time: 0.1342  data_time: 0.0032  memory: 2315  grad_norm: 0.2844  loss: 0.2488  loss_sem_seg: 0.2488
2026/06/19 03:53:34 - mmengine - INFO - Epoch(train) [14][1550/1671]  lr: 8.0000e-03  eta: 1:22:00  time: 0.1325  data_time: 0.0033  memory: 2220  grad_norm: 0.2572  loss: 0.2664  loss_sem_seg: 0.2664
2026/06/19 03:53:40 - mmengine - INFO - Epoch(train) [14][1600/1671]  lr: 8.0000e-03  eta: 1:21:54  time: 0.1334  data_time: 0.0038  memory: 2208  grad_norm: 0.2574  loss: 0.2482  loss_sem_seg: 0.2482
2026/06/19 03:53:47 - mmengine - INFO - Epoch(train) [14][1650/1671]  lr: 8.0000e-03  eta: 1:21:47  time: 0.1339  data_time: 0.0035  memory: 2200  grad_norm: 0.2377  loss: 0.2795  loss_sem_seg: 0.2795
2026/06/19 03:53:50 - mmengine - INFO - Exp name: minkunet34_w32_minkowski_geometry_kitti_box_seg_20260619_025828
2026/06/19 03:53:50 - mmengine - INFO - Saving checkpoint at 14 epochs
2026/06/19 03:53:53 - mmengine - INFO - Epoch(val) [14][ 50/371]    eta: 0:00:09  time: 0.0290  data_time: 0.0030  memory: 2331  
2026/06/19 03:53:54 - mmengine - INFO - Epoch(val) [14][100/371]    eta: 0:00:07  time: 0.0281  data_time: 0.0024  memory: 685  
2026/06/19 03:53:56 - mmengine - INFO - Epoch(val) [14][150/371]    eta: 0:00:06  time: 0.0286  data_time: 0.0025  memory: 682  
2026/06/19 03:53:57 - mmengine - INFO - Epoch(val) [14][200/371]    eta: 0:00:04  time: 0.0282  data_time: 0.0028  memory: 683  
2026/06/19 03:53:59 - mmengine - INFO - Epoch(val) [14][250/371]    eta: 0:00:03  time: 0.0275  data_time: 0.0024  memory: 677  
2026/06/19 03:54:00 - mmengine - INFO - Epoch(val) [14][300/371]    eta: 0:00:02  time: 0.0281  data_time: 0.0025  memory: 684  
2026/06/19 03:54:01 - mmengine - INFO - Epoch(val) [14][350/371]    eta: 0:00:00  time: 0.0270  data_time: 0.0023  memory: 684  
2026/06/19 03:54:02 - mmengine - INFO - 
+---------+------------+------------+--------+--------+---------+
| classes | background | foreground | miou   | acc    | acc_cls |
+---------+------------+------------+--------+--------+---------+
| results | 0.9474     | 0.5232     | 0.7353 | 0.9503 | 0.9116  |
+---------+------------+------------+--------+--------+---------+
2026/06/19 03:54:02 - mmengine - INFO - Epoch(val) [14][371/371]    background: 0.9474  foreground: 0.5232  miou: 0.7353  acc: 0.9503  acc_cls: 0.9116  data_time: 0.0026  time: 0.0280
2026/06/19 03:54:09 - mmengine - INFO - Epoch(train) [15][  50/1671]  lr: 8.0000e-03  eta: 1:21:38  time: 0.1357  data_time: 0.0038  memory: 2217  grad_norm: 0.2380  loss: 0.2331  loss_sem_seg: 0.2331
2026/06/19 03:54:15 - mmengine - INFO - Epoch(train) [15][ 100/1671]  lr: 8.0000e-03  eta: 1:21:31  time: 0.1332  data_time: 0.0035  memory: 2184  grad_norm: 0.2969  loss: 0.2736  loss_sem_seg: 0.2736
2026/06/19 03:54:22 - mmengine - INFO - Epoch(train) [15][ 150/1671]  lr: 8.0000e-03  eta: 1:21:24  time: 0.1350  data_time: 0.0034  memory: 2223  grad_norm: 0.2736  loss: 0.2901  loss_sem_seg: 0.2901
2026/06/19 03:54:29 - mmengine - INFO - Epoch(train) [15][ 200/1671]  lr: 8.0000e-03  eta: 1:21:18  time: 0.1330  data_time: 0.0034  memory: 2271  grad_norm: 0.2006  loss: 0.2455  loss_sem_seg: 0.2455
2026/06/19 03:54:35 - mmengine - INFO - Epoch(train) [15][ 250/1671]  lr: 8.0000e-03  eta: 1:21:11  time: 0.1313  data_time: 0.0032  memory: 2255  grad_norm: 0.3201  loss: 0.2974  loss_sem_seg: 0.2974
2026/06/19 03:54:42 - mmengine - INFO - Epoch(train) [15][ 300/1671]  lr: 8.0000e-03  eta: 1:21:04  time: 0.1367  data_time: 0.0036  memory: 2270  grad_norm: 0.2738  loss: 0.2892  loss_sem_seg: 0.2892
2026/06/19 03:54:49 - mmengine - INFO - Epoch(train) [15][ 350/1671]  lr: 8.0000e-03  eta: 1:20:58  time: 0.1329  data_time: 0.0032  memory: 2203  grad_norm: 0.2609  loss: 0.2719  loss_sem_seg: 0.2719
2026/06/19 03:54:56 - mmengine - INFO - Epoch(train) [15][ 400/1671]  lr: 8.0000e-03  eta: 1:20:51  time: 0.1330  data_time: 0.0032  memory: 2202  grad_norm: 0.2383  loss: 0.2625  loss_sem_seg: 0.2625
2026/06/19 03:55:02 - mmengine - INFO - Epoch(train) [15][ 450/1671]  lr: 8.0000e-03  eta: 1:20:44  time: 0.1301  data_time: 0.0033  memory: 2222  grad_norm: 0.2482  loss: 0.2569  loss_sem_seg: 0.2569
2026/06/19 03:55:09 - mmengine - INFO - Epoch(train) [15][ 500/1671]  lr: 8.0000e-03  eta: 1:20:37  time: 0.1319  data_time: 0.0033  memory: 2334  grad_norm: 0.2778  loss: 0.3048  loss_sem_seg: 0.3048
2026/06/19 03:55:15 - mmengine - INFO - Epoch(train) [15][ 550/1671]  lr: 8.0000e-03  eta: 1:20:31  time: 0.1321  data_time: 0.0034  memory: 2233  grad_norm: 0.2824  loss: 0.2732  loss_sem_seg: 0.2732
2026/06/19 03:55:22 - mmengine - INFO - Epoch(train) [15][ 600/1671]  lr: 8.0000e-03  eta: 1:20:24  time: 0.1353  data_time: 0.0043  memory: 2192  grad_norm: 0.2424  loss: 0.2846  loss_sem_seg: 0.2846
2026/06/19 03:55:23 - mmengine - INFO - Exp name: minkunet34_w32_minkowski_geometry_kitti_box_seg_20260619_025828
2026/06/19 03:55:29 - mmengine - INFO - Epoch(train) [15][ 650/1671]  lr: 8.0000e-03  eta: 1:20:17  time: 0.1337  data_time: 0.0033  memory: 2306  grad_norm: 0.2688  loss: 0.2516  loss_sem_seg: 0.2516
2026/06/19 03:55:35 - mmengine - INFO - Epoch(train) [15][ 700/1671]  lr: 8.0000e-03  eta: 1:20:11  time: 0.1326  data_time: 0.0034  memory: 2286  grad_norm: 0.2672  loss: 0.2550  loss_sem_seg: 0.2550
2026/06/19 03:55:42 - mmengine - INFO - Epoch(train) [15][ 750/1671]  lr: 8.0000e-03  eta: 1:20:04  time: 0.1344  data_time: 0.0032  memory: 2260  grad_norm: 0.2517  loss: 0.2571  loss_sem_seg: 0.2571
2026/06/19 03:55:49 - mmengine - INFO - Epoch(train) [15][ 800/1671]  lr: 8.0000e-03  eta: 1:19:57  time: 0.1314  data_time: 0.0032  memory: 2248  grad_norm: 0.2570  loss: 0.2646  loss_sem_seg: 0.2646
2026/06/19 03:55:55 - mmengine - INFO - Epoch(train) [15][ 850/1671]  lr: 8.0000e-03  eta: 1:19:50  time: 0.1313  data_time: 0.0035  memory: 2254  grad_norm: 0.2380  loss: 0.2389  loss_sem_seg: 0.2389
2026/06/19 03:56:02 - mmengine - INFO - Epoch(train) [15][ 900/1671]  lr: 8.0000e-03  eta: 1:19:44  time: 0.1333  data_time: 0.0034  memory: 2251  grad_norm: 0.2439  loss: 0.2392  loss_sem_seg: 0.2392
2026/06/19 03:56:09 - mmengine - INFO - Epoch(train) [15][ 950/1671]  lr: 8.0000e-03  eta: 1:19:37  time: 0.1321  data_time: 0.0033  memory: 2226  grad_norm: 0.2173  loss: 0.2426  loss_sem_seg: 0.2426
2026/06/19 03:56:15 - mmengine - INFO - Epoch(train) [15][1000/1671]  lr: 8.0000e-03  eta: 1:19:30  time: 0.1339  data_time: 0.0031  memory: 2163  grad_norm: 0.2045  loss: 0.2390  loss_sem_seg: 0.2390
2026/06/19 03:56:22 - mmengine - INFO - Epoch(train) [15][1050/1671]  lr: 8.0000e-03  eta: 1:19:24  time: 0.1326  data_time: 0.0034  memory: 2239  grad_norm: 0.2369  loss: 0.2471  loss_sem_seg: 0.2471
2026/06/19 03:56:29 - mmengine - INFO - Epoch(train) [15][1100/1671]  lr: 8.0000e-03  eta: 1:19:17  time: 0.1345  data_time: 0.0034  memory: 2314  grad_norm: 0.2319  loss: 0.2559  loss_sem_seg: 0.2559
2026/06/19 03:56:35 - mmengine - INFO - Epoch(train) [15][1150/1671]  lr: 8.0000e-03  eta: 1:19:10  time: 0.1330  data_time: 0.0034  memory: 2224  grad_norm: 0.3118  loss: 0.2710  loss_sem_seg: 0.2710
2026/06/19 03:56:42 - mmengine - INFO - Epoch(train) [15][1200/1671]  lr: 8.0000e-03  eta: 1:19:04  time: 0.1345  data_time: 0.0035  memory: 2207  grad_norm: 0.2277  loss: 0.2653  loss_sem_seg: 0.2653
2026/06/19 03:56:49 - mmengine - INFO - Epoch(train) [15][1250/1671]  lr: 8.0000e-03  eta: 1:18:57  time: 0.1352  data_time: 0.0036  memory: 2234  grad_norm: 0.2048  loss: 0.2135  loss_sem_seg: 0.2135
2026/06/19 03:56:55 - mmengine - INFO - Epoch(train) [15][1300/1671]  lr: 8.0000e-03  eta: 1:18:51  time: 0.1351  data_time: 0.0034  memory: 2285  grad_norm: 0.3066  loss: 0.2944  loss_sem_seg: 0.2944
2026/06/19 03:57:02 - mmengine - INFO - Epoch(train) [15][1350/1671]  lr: 8.0000e-03  eta: 1:18:44  time: 0.1326  data_time: 0.0032  memory: 2200  grad_norm: 0.2622  loss: 0.2725  loss_sem_seg: 0.2725
2026/06/19 03:57:09 - mmengine - INFO - Epoch(train) [15][1400/1671]  lr: 8.0000e-03  eta: 1:18:37  time: 0.1346  data_time: 0.0032  memory: 2218  grad_norm: 0.1974  loss: 0.2262  loss_sem_seg: 0.2262
2026/06/19 03:57:16 - mmengine - INFO - Epoch(train) [15][1450/1671]  lr: 8.0000e-03  eta: 1:18:31  time: 0.1341  data_time: 0.0033  memory: 2235  grad_norm: 0.2548  loss: 0.2445  loss_sem_seg: 0.2445
2026/06/19 03:57:22 - mmengine - INFO - Epoch(train) [15][1500/1671]  lr: 8.0000e-03  eta: 1:18:24  time: 0.1307  data_time: 0.0032  memory: 2300  grad_norm: 0.2481  loss: 0.2533  loss_sem_seg: 0.2533
2026/06/19 03:57:29 - mmengine - INFO - Epoch(train) [15][1550/1671]  lr: 8.0000e-03  eta: 1:18:17  time: 0.1340  data_time: 0.0032  memory: 2188  grad_norm: 0.2971  loss: 0.2728  loss_sem_seg: 0.2728
2026/06/19 03:57:35 - mmengine - INFO - Epoch(train) [15][1600/1671]  lr: 8.0000e-03  eta: 1:18:10  time: 0.1283  data_time: 0.0031  memory: 2204  grad_norm: 0.2366  loss: 0.2751  loss_sem_seg: 0.2751
2026/06/19 03:57:36 - mmengine - INFO - Exp name: minkunet34_w32_minkowski_geometry_kitti_box_seg_20260619_025828
2026/06/19 03:57:42 - mmengine - INFO - Epoch(train) [15][1650/1671]  lr: 8.0000e-03  eta: 1:18:03  time: 0.1330  data_time: 0.0034  memory: 2250  grad_norm: 0.2683  loss: 0.2766  loss_sem_seg: 0.2766
2026/06/19 03:57:45 - mmengine - INFO - Exp name: minkunet34_w32_minkowski_geometry_kitti_box_seg_20260619_025828
2026/06/19 03:57:45 - mmengine - INFO - Saving checkpoint at 15 epochs
2026/06/19 03:57:48 - mmengine - INFO - Epoch(val) [15][ 50/371]    eta: 0:00:09  time: 0.0288  data_time: 0.0027  memory: 2194  
2026/06/19 03:57:49 - mmengine - INFO - Epoch(val) [15][100/371]    eta: 0:00:07  time: 0.0282  data_time: 0.0025  memory: 685  
2026/06/19 03:57:50 - mmengine - INFO - Epoch(val) [15][150/371]    eta: 0:00:06  time: 0.0280  data_time: 0.0024  memory: 682  
2026/06/19 03:57:52 - mmengine - INFO - Epoch(val) [15][200/371]    eta: 0:00:04  time: 0.0279  data_time: 0.0026  memory: 683  
2026/06/19 03:57:53 - mmengine - INFO - Epoch(val) [15][250/371]    eta: 0:00:03  time: 0.0284  data_time: 0.0024  memory: 677  
2026/06/19 03:57:55 - mmengine - INFO - Epoch(val) [15][300/371]    eta: 0:00:02  time: 0.0283  data_time: 0.0026  memory: 684  
2026/06/19 03:57:56 - mmengine - INFO - Epoch(val) [15][350/371]    eta: 0:00:00  time: 0.0276  data_time: 0.0023  memory: 684  
2026/06/19 03:57:57 - mmengine - INFO - 
+---------+------------+------------+--------+--------+---------+
| classes | background | foreground | miou   | acc    | acc_cls |
+---------+------------+------------+--------+--------+---------+
| results | 0.9580     | 0.4923     | 0.7251 | 0.9596 | 0.8024  |
+---------+------------+------------+--------+--------+---------+
2026/06/19 03:57:57 - mmengine - INFO - Epoch(val) [15][371/371]    background: 0.9580  foreground: 0.4923  miou: 0.7251  acc: 0.9596  acc_cls: 0.8024  data_time: 0.0025  time: 0.0281
2026/06/19 03:58:03 - mmengine - INFO - Epoch(train) [16][  50/1671]  lr: 8.0000e-03  eta: 1:17:54  time: 0.1346  data_time: 0.0038  memory: 2219  grad_norm: 0.2234  loss: 0.2502  loss_sem_seg: 0.2502
2026/06/19 03:58:10 - mmengine - INFO - Epoch(train) [16][ 100/1671]  lr: 8.0000e-03  eta: 1:17:48  time: 0.1382  data_time: 0.0036  memory: 2243  grad_norm: 0.2797  loss: 0.2653  loss_sem_seg: 0.2653
2026/06/19 03:58:17 - mmengine - INFO - Epoch(train) [16][ 150/1671]  lr: 8.0000e-03  eta: 1:17:41  time: 0.1326  data_time: 0.0032  memory: 2221  grad_norm: 0.2350  loss: 0.2610  loss_sem_seg: 0.2610
2026/06/19 03:58:24 - mmengine - INFO - Epoch(train) [16][ 200/1671]  lr: 8.0000e-03  eta: 1:17:34  time: 0.1327  data_time: 0.0032  memory: 2295  grad_norm: 0.2312  loss: 0.2507  loss_sem_seg: 0.2507
2026/06/19 03:58:30 - mmengine - INFO - Epoch(train) [16][ 250/1671]  lr: 8.0000e-03  eta: 1:17:28  time: 0.1346  data_time: 0.0039  memory: 2346  grad_norm: 0.2205  loss: 0.2366  loss_sem_seg: 0.2366
2026/06/19 03:58:37 - mmengine - INFO - Epoch(train) [16][ 300/1671]  lr: 8.0000e-03  eta: 1:17:21  time: 0.1327  data_time: 0.0033  memory: 2233  grad_norm: 0.2862  loss: 0.2885  loss_sem_seg: 0.2885
2026/06/19 03:58:44 - mmengine - INFO - Epoch(train) [16][ 350/1671]  lr: 8.0000e-03  eta: 1:17:14  time: 0.1330  data_time: 0.0035  memory: 2281  grad_norm: 0.2042  loss: 0.2096  loss_sem_seg: 0.2096
2026/06/19 03:58:50 - mmengine - INFO - Epoch(train) [16][ 400/1671]  lr: 8.0000e-03  eta: 1:17:08  time: 0.1368  data_time: 0.0036  memory: 2283  grad_norm: 0.2414  loss: 0.2658  loss_sem_seg: 0.2658
2026/06/19 03:58:57 - mmengine - INFO - Epoch(train) [16][ 450/1671]  lr: 8.0000e-03  eta: 1:17:01  time: 0.1343  data_time: 0.0036  memory: 2150  grad_norm: 0.2673  loss: 0.2623  loss_sem_seg: 0.2623
2026/06/19 03:59:04 - mmengine - INFO - Epoch(train) [16][ 500/1671]  lr: 8.0000e-03  eta: 1:16:54  time: 0.1306  data_time: 0.0034  memory: 2272  grad_norm: 0.2420  loss: 0.2538  loss_sem_seg: 0.2538
2026/06/19 03:59:10 - mmengine - INFO - Epoch(train) [16][ 550/1671]  lr: 8.0000e-03  eta: 1:16:48  time: 0.1324  data_time: 0.0032  memory: 2220  grad_norm: 0.2489  loss: 0.2721  loss_sem_seg: 0.2721
2026/06/19 03:59:17 - mmengine - INFO - Epoch(train) [16][ 600/1671]  lr: 8.0000e-03  eta: 1:16:41  time: 0.1341  data_time: 0.0034  memory: 2198  grad_norm: 0.2399  loss: 0.2607  loss_sem_seg: 0.2607
2026/06/19 03:59:24 - mmengine - INFO - Epoch(train) [16][ 650/1671]  lr: 8.0000e-03  eta: 1:16:34  time: 0.1325  data_time: 0.0033  memory: 2182  grad_norm: 0.2514  loss: 0.2621  loss_sem_seg: 0.2621
2026/06/19 03:59:30 - mmengine - INFO - Epoch(train) [16][ 700/1671]  lr: 8.0000e-03  eta: 1:16:28  time: 0.1347  data_time: 0.0032  memory: 2236  grad_norm: 0.2891  loss: 0.2834  loss_sem_seg: 0.2834
2026/06/19 03:59:37 - mmengine - INFO - Epoch(train) [16][ 750/1671]  lr: 8.0000e-03  eta: 1:16:21  time: 0.1335  data_time: 0.0034  memory: 2302  grad_norm: 0.2389  loss: 0.2400  loss_sem_seg: 0.2400
2026/06/19 03:59:44 - mmengine - INFO - Epoch(train) [16][ 800/1671]  lr: 8.0000e-03  eta: 1:16:14  time: 0.1346  data_time: 0.0034  memory: 2278  grad_norm: 0.2372  loss: 0.2548  loss_sem_seg: 0.2548
2026/06/19 03:59:50 - mmengine - INFO - Epoch(train) [16][ 850/1671]  lr: 8.0000e-03  eta: 1:16:08  time: 0.1345  data_time: 0.0034  memory: 2219  grad_norm: 0.2317  loss: 0.2666  loss_sem_seg: 0.2666
2026/06/19 03:59:57 - mmengine - INFO - Epoch(train) [16][ 900/1671]  lr: 8.0000e-03  eta: 1:16:01  time: 0.1353  data_time: 0.0035  memory: 2297  grad_norm: 0.2283  loss: 0.2580  loss_sem_seg: 0.2580
2026/06/19 04:00:02 - mmengine - INFO - Exp name: minkunet34_w32_minkowski_geometry_kitti_box_seg_20260619_025828
2026/06/19 04:00:04 - mmengine - INFO - Epoch(train) [16][ 950/1671]  lr: 8.0000e-03  eta: 1:15:55  time: 0.1342  data_time: 0.0035  memory: 2302  grad_norm: 0.2557  loss: 0.2683  loss_sem_seg: 0.2683
2026/06/19 04:00:11 - mmengine - INFO - Epoch(train) [16][1000/1671]  lr: 8.0000e-03  eta: 1:15:48  time: 0.1332  data_time: 0.0034  memory: 2224  grad_norm: 0.2889  loss: 0.2845  loss_sem_seg: 0.2845
2026/06/19 04:00:17 - mmengine - INFO - Epoch(train) [16][1050/1671]  lr: 8.0000e-03  eta: 1:15:41  time: 0.1366  data_time: 0.0035  memory: 2369  grad_norm: 0.2565  loss: 0.2523  loss_sem_seg: 0.2523
2026/06/19 04:00:24 - mmengine - INFO - Epoch(train) [16][1100/1671]  lr: 8.0000e-03  eta: 1:15:35  time: 0.1355  data_time: 0.0037  memory: 2363  grad_norm: 0.2025  loss: 0.2118  loss_sem_seg: 0.2118
2026/06/19 04:00:31 - mmengine - INFO - Epoch(train) [16][1150/1671]  lr: 8.0000e-03  eta: 1:15:28  time: 0.1330  data_time: 0.0032  memory: 2252  grad_norm: 0.2007  loss: 0.2305  loss_sem_seg: 0.2305
2026/06/19 04:00:37 - mmengine - INFO - Epoch(train) [16][1200/1671]  lr: 8.0000e-03  eta: 1:15:21  time: 0.1309  data_time: 0.0031  memory: 2181  grad_norm: 0.2494  loss: 0.2697  loss_sem_seg: 0.2697
2026/06/19 04:00:44 - mmengine - INFO - Epoch(train) [16][1250/1671]  lr: 8.0000e-03  eta: 1:15:15  time: 0.1352  data_time: 0.0038  memory: 2205  grad_norm: 0.2857  loss: 0.2873  loss_sem_seg: 0.2873
2026/06/19 04:00:51 - mmengine - INFO - Epoch(train) [16][1300/1671]  lr: 8.0000e-03  eta: 1:15:08  time: 0.1359  data_time: 0.0039  memory: 2301  grad_norm: 0.2653  loss: 0.2767  loss_sem_seg: 0.2767
2026/06/19 04:00:58 - mmengine - INFO - Epoch(train) [16][1350/1671]  lr: 8.0000e-03  eta: 1:15:02  time: 0.1366  data_time: 0.0036  memory: 2201  grad_norm: 0.2552  loss: 0.2626  loss_sem_seg: 0.2626
2026/06/19 04:01:05 - mmengine - INFO - Epoch(train) [16][1400/1671]  lr: 8.0000e-03  eta: 1:14:55  time: 0.1365  data_time: 0.0034  memory: 2282  grad_norm: 0.3255  loss: 0.3245  loss_sem_seg: 0.3245
2026/06/19 04:01:11 - mmengine - INFO - Epoch(train) [16][1450/1671]  lr: 8.0000e-03  eta: 1:14:49  time: 0.1347  data_time: 0.0032  memory: 2223  grad_norm: 0.2486  loss: 0.2698  loss_sem_seg: 0.2698
2026/06/19 04:01:18 - mmengine - INFO - Epoch(train) [16][1500/1671]  lr: 8.0000e-03  eta: 1:14:42  time: 0.1350  data_time: 0.0037  memory: 2258  grad_norm: 0.2680  loss: 0.2735  loss_sem_seg: 0.2735
2026/06/19 04:01:25 - mmengine - INFO - Epoch(train) [16][1550/1671]  lr: 8.0000e-03  eta: 1:14:35  time: 0.1337  data_time: 0.0035  memory: 2206  grad_norm: 0.2802  loss: 0.2989  loss_sem_seg: 0.2989
2026/06/19 04:01:32 - mmengine - INFO - Epoch(train) [16][1600/1671]  lr: 8.0000e-03  eta: 1:14:29  time: 0.1335  data_time: 0.0038  memory: 2334  grad_norm: 0.2010  loss: 0.2365  loss_sem_seg: 0.2365
2026/06/19 04:01:38 - mmengine - INFO - Epoch(train) [16][1650/1671]  lr: 8.0000e-03  eta: 1:14:22  time: 0.1306  data_time: 0.0034  memory: 2237  grad_norm: 0.2270  loss: 0.2687  loss_sem_seg: 0.2687
2026/06/19 04:01:41 - mmengine - INFO - Exp name: minkunet34_w32_minkowski_geometry_kitti_box_seg_20260619_025828
2026/06/19 04:01:41 - mmengine - INFO - Saving checkpoint at 16 epochs
2026/06/19 04:01:44 - mmengine - INFO - Epoch(val) [16][ 50/371]    eta: 0:00:09  time: 0.0296  data_time: 0.0034  memory: 2197  
2026/06/19 04:01:45 - mmengine - INFO - Epoch(val) [16][100/371]    eta: 0:00:07  time: 0.0286  data_time: 0.0027  memory: 685  
2026/06/19 04:01:47 - mmengine - INFO - Epoch(val) [16][150/371]    eta: 0:00:06  time: 0.0282  data_time: 0.0025  memory: 682  
2026/06/19 04:01:48 - mmengine - INFO - Epoch(val) [16][200/371]    eta: 0:00:04  time: 0.0275  data_time: 0.0024  memory: 683  
2026/06/19 04:01:49 - mmengine - INFO - Epoch(val) [16][250/371]    eta: 0:00:03  time: 0.0271  data_time: 0.0022  memory: 677  
2026/06/19 04:01:51 - mmengine - INFO - Epoch(val) [16][300/371]    eta: 0:00:01  time: 0.0272  data_time: 0.0024  memory: 684  
2026/06/19 04:01:52 - mmengine - INFO - Epoch(val) [16][350/371]    eta: 0:00:00  time: 0.0280  data_time: 0.0025  memory: 684  
2026/06/19 04:01:53 - mmengine - INFO - 
+---------+------------+------------+--------+--------+---------+
| classes | background | foreground | miou   | acc    | acc_cls |
+---------+------------+------------+--------+--------+---------+
| results | 0.9611     | 0.5591     | 0.7601 | 0.9629 | 0.8626  |
+---------+------------+------------+--------+--------+---------+
2026/06/19 04:01:53 - mmengine - INFO - Epoch(val) [16][371/371]    background: 0.9611  foreground: 0.5591  miou: 0.7601  acc: 0.9629  acc_cls: 0.8626  data_time: 0.0026  time: 0.0280
2026/06/19 04:01:53 - mmengine - INFO - The previous best checkpoint /public/DATA/sm/RACO-LPCC/mmdetection3d/work_dirs/minkunet_kitti_fov_box_seg_geometry/best_foreground_epoch_13.pth is removed
2026/06/19 04:01:54 - mmengine - INFO - The best checkpoint with 0.5591 foreground at 16 epoch is saved to best_foreground_epoch_16.pth.
2026/06/19 04:02:05 - mmengine - INFO - Epoch(train) [17][  50/1671]  lr: 8.0000e-03  eta: 1:14:13  time: 0.1338  data_time: 0.0036  memory: 2293  grad_norm: 0.2637  loss: 0.2667  loss_sem_seg: 0.2667
2026/06/19 04:02:11 - mmengine - INFO - Epoch(train) [17][ 100/1671]  lr: 8.0000e-03  eta: 1:14:06  time: 0.1311  data_time: 0.0031  memory: 2206  grad_norm: 0.2038  loss: 0.2381  loss_sem_seg: 0.2381
2026/06/19 04:02:18 - mmengine - INFO - Epoch(train) [17][ 150/1671]  lr: 8.0000e-03  eta: 1:13:59  time: 0.1311  data_time: 0.0033  memory: 2181  grad_norm: 0.2869  loss: 0.2663  loss_sem_seg: 0.2663
2026/06/19 04:02:24 - mmengine - INFO - Epoch(train) [17][ 200/1671]  lr: 8.0000e-03  eta: 1:13:52  time: 0.1346  data_time: 0.0032  memory: 2260  grad_norm: 0.2164  loss: 0.2144  loss_sem_seg: 0.2144
2026/06/19 04:02:31 - mmengine - INFO - Epoch(train) [17][ 250/1671]  lr: 8.0000e-03  eta: 1:13:46  time: 0.1337  data_time: 0.0034  memory: 2273  grad_norm: 0.2468  loss: 0.2389  loss_sem_seg: 0.2389
2026/06/19 04:02:33 - mmengine - INFO - Exp name: minkunet34_w32_minkowski_geometry_kitti_box_seg_20260619_025828
2026/06/19 04:02:38 - mmengine - INFO - Epoch(train) [17][ 300/1671]  lr: 8.0000e-03  eta: 1:13:39  time: 0.1344  data_time: 0.0033  memory: 2304  grad_norm: 0.2419  loss: 0.2743  loss_sem_seg: 0.2743
2026/06/19 04:02:45 - mmengine - INFO - Epoch(train) [17][ 350/1671]  lr: 8.0000e-03  eta: 1:13:32  time: 0.1332  data_time: 0.0032  memory: 2186  grad_norm: 0.2489  loss: 0.2659  loss_sem_seg: 0.2659
2026/06/19 04:02:51 - mmengine - INFO - Epoch(train) [17][ 400/1671]  lr: 8.0000e-03  eta: 1:13:26  time: 0.1325  data_time: 0.0034  memory: 2243  grad_norm: 0.2481  loss: 0.2676  loss_sem_seg: 0.2676
2026/06/19 04:02:58 - mmengine - INFO - Epoch(train) [17][ 450/1671]  lr: 8.0000e-03  eta: 1:13:19  time: 0.1308  data_time: 0.0031  memory: 2276  grad_norm: 0.2539  loss: 0.2663  loss_sem_seg: 0.2663
2026/06/19 04:03:04 - mmengine - INFO - Epoch(train) [17][ 500/1671]  lr: 8.0000e-03  eta: 1:13:12  time: 0.1327  data_time: 0.0032  memory: 2298  grad_norm: 0.2228  loss: 0.2439  loss_sem_seg: 0.2439
2026/06/19 04:03:11 - mmengine - INFO - Epoch(train) [17][ 550/1671]  lr: 8.0000e-03  eta: 1:13:05  time: 0.1345  data_time: 0.0034  memory: 2188  grad_norm: 0.2272  loss: 0.2575  loss_sem_seg: 0.2575
2026/06/19 04:03:18 - mmengine - INFO - Epoch(train) [17][ 600/1671]  lr: 8.0000e-03  eta: 1:12:59  time: 0.1346  data_time: 0.0033  memory: 2273  grad_norm: 0.1944  loss: 0.2300  loss_sem_seg: 0.2300
2026/06/19 04:03:25 - mmengine - INFO - Epoch(train) [17][ 650/1671]  lr: 8.0000e-03  eta: 1:12:52  time: 0.1349  data_time: 0.0033  memory: 2242  grad_norm: 0.2674  loss: 0.2731  loss_sem_seg: 0.2731
2026/06/19 04:03:31 - mmengine - INFO - Epoch(train) [17][ 700/1671]  lr: 8.0000e-03  eta: 1:12:46  time: 0.1332  data_time: 0.0034  memory: 2324  grad_norm: 0.2397  loss: 0.2665  loss_sem_seg: 0.2665
2026/06/19 04:03:38 - mmengine - INFO - Epoch(train) [17][ 750/1671]  lr: 8.0000e-03  eta: 1:12:39  time: 0.1317  data_time: 0.0033  memory: 2219  grad_norm: 0.2233  loss: 0.2307  loss_sem_seg: 0.2307
2026/06/19 04:03:45 - mmengine - INFO - Epoch(train) [17][ 800/1671]  lr: 8.0000e-03  eta: 1:12:32  time: 0.1362  data_time: 0.0037  memory: 2255  grad_norm: 0.2462  loss: 0.2504  loss_sem_seg: 0.2504
2026/06/19 04:03:51 - mmengine - INFO - Epoch(train) [17][ 850/1671]  lr: 8.0000e-03  eta: 1:12:26  time: 0.1334  data_time: 0.0034  memory: 2270  grad_norm: 0.2209  loss: 0.2389  loss_sem_seg: 0.2389
2026/06/19 04:03:58 - mmengine - INFO - Epoch(train) [17][ 900/1671]  lr: 8.0000e-03  eta: 1:12:19  time: 0.1372  data_time: 0.0037  memory: 2259  grad_norm: 0.2463  loss: 0.2531  loss_sem_seg: 0.2531
2026/06/19 04:04:05 - mmengine - INFO - Epoch(train) [17][ 950/1671]  lr: 8.0000e-03  eta: 1:12:13  time: 0.1346  data_time: 0.0034  memory: 2226  grad_norm: 0.2193  loss: 0.2495  loss_sem_seg: 0.2495
2026/06/19 04:04:11 - mmengine - INFO - Epoch(train) [17][1000/1671]  lr: 8.0000e-03  eta: 1:12:06  time: 0.1312  data_time: 0.0032  memory: 2279  grad_norm: 0.2304  loss: 0.2334  loss_sem_seg: 0.2334
2026/06/19 04:04:18 - mmengine - INFO - Epoch(train) [17][1050/1671]  lr: 8.0000e-03  eta: 1:11:59  time: 0.1331  data_time: 0.0034  memory: 2234  grad_norm: 0.2495  loss: 0.2278  loss_sem_seg: 0.2278
2026/06/19 04:04:25 - mmengine - INFO - Epoch(train) [17][1100/1671]  lr: 8.0000e-03  eta: 1:11:52  time: 0.1309  data_time: 0.0032  memory: 2235  grad_norm: 0.2636  loss: 0.2675  loss_sem_seg: 0.2675
2026/06/19 04:04:31 - mmengine - INFO - Epoch(train) [17][1150/1671]  lr: 8.0000e-03  eta: 1:11:45  time: 0.1285  data_time: 0.0032  memory: 2255  grad_norm: 0.3117  loss: 0.2945  loss_sem_seg: 0.2945
2026/06/19 04:04:38 - mmengine - INFO - Epoch(train) [17][1200/1671]  lr: 8.0000e-03  eta: 1:11:39  time: 0.1333  data_time: 0.0039  memory: 2238  grad_norm: 0.2605  loss: 0.2959  loss_sem_seg: 0.2959
2026/06/19 04:04:44 - mmengine - INFO - Epoch(train) [17][1250/1671]  lr: 8.0000e-03  eta: 1:11:32  time: 0.1319  data_time: 0.0035  memory: 2298  grad_norm: 0.2305  loss: 0.2424  loss_sem_seg: 0.2424
2026/06/19 04:04:46 - mmengine - INFO - Exp name: minkunet34_w32_minkowski_geometry_kitti_box_seg_20260619_025828
2026/06/19 04:04:51 - mmengine - INFO - Epoch(train) [17][1300/1671]  lr: 8.0000e-03  eta: 1:11:25  time: 0.1316  data_time: 0.0032  memory: 2297  grad_norm: 0.2308  loss: 0.2424  loss_sem_seg: 0.2424
2026/06/19 04:04:58 - mmengine - INFO - Epoch(train) [17][1350/1671]  lr: 8.0000e-03  eta: 1:11:19  time: 0.1353  data_time: 0.0034  memory: 2268  grad_norm: 0.2249  loss: 0.2412  loss_sem_seg: 0.2412
2026/06/19 04:05:04 - mmengine - INFO - Epoch(train) [17][1400/1671]  lr: 8.0000e-03  eta: 1:11:12  time: 0.1321  data_time: 0.0033  memory: 2260  grad_norm: 0.1921  loss: 0.2218  loss_sem_seg: 0.2218
2026/06/19 04:05:11 - mmengine - INFO - Epoch(train) [17][1450/1671]  lr: 8.0000e-03  eta: 1:11:05  time: 0.1326  data_time: 0.0036  memory: 2242  grad_norm: 0.2178  loss: 0.2312  loss_sem_seg: 0.2312
2026/06/19 04:05:17 - mmengine - INFO - Epoch(train) [17][1500/1671]  lr: 8.0000e-03  eta: 1:10:58  time: 0.1288  data_time: 0.0033  memory: 2241  grad_norm: 0.2483  loss: 0.2500  loss_sem_seg: 0.2500
2026/06/19 04:05:24 - mmengine - INFO - Epoch(train) [17][1550/1671]  lr: 8.0000e-03  eta: 1:10:52  time: 0.1351  data_time: 0.0038  memory: 2283  grad_norm: 0.2583  loss: 0.2686  loss_sem_seg: 0.2686
2026/06/19 04:05:31 - mmengine - INFO - Epoch(train) [17][1600/1671]  lr: 8.0000e-03  eta: 1:10:45  time: 0.1304  data_time: 0.0032  memory: 2243  grad_norm: 0.2759  loss: 0.2830  loss_sem_seg: 0.2830
2026/06/19 04:05:37 - mmengine - INFO - Epoch(train) [17][1650/1671]  lr: 8.0000e-03  eta: 1:10:38  time: 0.1325  data_time: 0.0033  memory: 2261  grad_norm: 0.2687  loss: 0.2608  loss_sem_seg: 0.2608
2026/06/19 04:05:40 - mmengine - INFO - Exp name: minkunet34_w32_minkowski_geometry_kitti_box_seg_20260619_025828
2026/06/19 04:05:40 - mmengine - INFO - Saving checkpoint at 17 epochs
2026/06/19 04:05:43 - mmengine - INFO - Epoch(val) [17][ 50/371]    eta: 0:00:08  time: 0.0277  data_time: 0.0024  memory: 2222  
2026/06/19 04:05:44 - mmengine - INFO - Epoch(val) [17][100/371]    eta: 0:00:07  time: 0.0278  data_time: 0.0023  memory: 685  
2026/06/19 04:05:46 - mmengine - INFO - Epoch(val) [17][150/371]    eta: 0:00:06  time: 0.0282  data_time: 0.0025  memory: 682  
2026/06/19 04:05:47 - mmengine - INFO - Epoch(val) [17][200/371]    eta: 0:00:04  time: 0.0273  data_time: 0.0026  memory: 683  
2026/06/19 04:05:48 - mmengine - INFO - Epoch(val) [17][250/371]    eta: 0:00:03  time: 0.0280  data_time: 0.0028  memory: 677  
2026/06/19 04:05:50 - mmengine - INFO - Epoch(val) [17][300/371]    eta: 0:00:01  time: 0.0282  data_time: 0.0023  memory: 684  
2026/06/19 04:05:51 - mmengine - INFO - Epoch(val) [17][350/371]    eta: 0:00:00  time: 0.0276  data_time: 0.0024  memory: 684  
2026/06/19 04:05:52 - mmengine - INFO - 
+---------+------------+------------+--------+--------+---------+
| classes | background | foreground | miou   | acc    | acc_cls |
+---------+------------+------------+--------+--------+---------+
| results | 0.9438     | 0.5041     | 0.7239 | 0.9468 | 0.9063  |
+---------+------------+------------+--------+--------+---------+
2026/06/19 04:05:52 - mmengine - INFO - Epoch(val) [17][371/371]    background: 0.9438  foreground: 0.5041  miou: 0.7239  acc: 0.9468  acc_cls: 0.9063  data_time: 0.0025  time: 0.0278
2026/06/19 04:05:58 - mmengine - INFO - Epoch(train) [18][  50/1671]  lr: 8.0000e-03  eta: 1:10:28  time: 0.1308  data_time: 0.0034  memory: 2233  grad_norm: 0.2384  loss: 0.2430  loss_sem_seg: 0.2430
2026/06/19 04:06:05 - mmengine - INFO - Epoch(train) [18][ 100/1671]  lr: 8.0000e-03  eta: 1:10:21  time: 0.1309  data_time: 0.0031  memory: 2331  grad_norm: 0.2470  loss: 0.2527  loss_sem_seg: 0.2527
2026/06/19 04:06:11 - mmengine - INFO - Epoch(train) [18][ 150/1671]  lr: 8.0000e-03  eta: 1:10:14  time: 0.1293  data_time: 0.0035  memory: 2251  grad_norm: 0.2512  loss: 0.2553  loss_sem_seg: 0.2553
2026/06/19 04:06:18 - mmengine - INFO - Epoch(train) [18][ 200/1671]  lr: 8.0000e-03  eta: 1:10:08  time: 0.1305  data_time: 0.0031  memory: 2171  grad_norm: 0.2467  loss: 0.2503  loss_sem_seg: 0.2503
2026/06/19 04:06:24 - mmengine - INFO - Epoch(train) [18][ 250/1671]  lr: 8.0000e-03  eta: 1:10:01  time: 0.1294  data_time: 0.0033  memory: 2174  grad_norm: 0.2559  loss: 0.2746  loss_sem_seg: 0.2746
2026/06/19 04:06:31 - mmengine - INFO - Epoch(train) [18][ 300/1671]  lr: 8.0000e-03  eta: 1:09:54  time: 0.1317  data_time: 0.0032  memory: 2294  grad_norm: 0.2536  loss: 0.2556  loss_sem_seg: 0.2556
2026/06/19 04:06:37 - mmengine - INFO - Epoch(train) [18][ 350/1671]  lr: 8.0000e-03  eta: 1:09:47  time: 0.1299  data_time: 0.0029  memory: 2215  grad_norm: 0.2198  loss: 0.2189  loss_sem_seg: 0.2189
2026/06/19 04:06:44 - mmengine - INFO - Epoch(train) [18][ 400/1671]  lr: 8.0000e-03  eta: 1:09:40  time: 0.1315  data_time: 0.0033  memory: 2237  grad_norm: 0.2597  loss: 0.2541  loss_sem_seg: 0.2541
2026/06/19 04:06:51 - mmengine - INFO - Epoch(train) [18][ 450/1671]  lr: 8.0000e-03  eta: 1:09:34  time: 0.1299  data_time: 0.0032  memory: 2187  grad_norm: 0.2453  loss: 0.2559  loss_sem_seg: 0.2559
2026/06/19 04:06:57 - mmengine - INFO - Epoch(train) [18][ 500/1671]  lr: 8.0000e-03  eta: 1:09:27  time: 0.1279  data_time: 0.0033  memory: 2223  grad_norm: 0.2299  loss: 0.2565  loss_sem_seg: 0.2565
2026/06/19 04:07:04 - mmengine - INFO - Epoch(train) [18][ 550/1671]  lr: 8.0000e-03  eta: 1:09:20  time: 0.1320  data_time: 0.0032  memory: 2220  grad_norm: 0.2620  loss: 0.2612  loss_sem_seg: 0.2612
2026/06/19 04:07:09 - mmengine - INFO - Exp name: minkunet34_w32_minkowski_geometry_kitti_box_seg_20260619_025828
2026/06/19 04:07:10 - mmengine - INFO - Epoch(train) [18][ 600/1671]  lr: 8.0000e-03  eta: 1:09:13  time: 0.1302  data_time: 0.0029  memory: 2206  grad_norm: 0.2851  loss: 0.2721  loss_sem_seg: 0.2721
2026/06/19 04:07:17 - mmengine - INFO - Epoch(train) [18][ 650/1671]  lr: 8.0000e-03  eta: 1:09:06  time: 0.1315  data_time: 0.0031  memory: 2216  grad_norm: 0.2580  loss: 0.2545  loss_sem_seg: 0.2545
2026/06/19 04:07:24 - mmengine - INFO - Epoch(train) [18][ 700/1671]  lr: 8.0000e-03  eta: 1:09:00  time: 0.1398  data_time: 0.0036  memory: 2309  grad_norm: 0.3004  loss: 0.3012  loss_sem_seg: 0.3012
2026/06/19 04:07:30 - mmengine - INFO - Epoch(train) [18][ 750/1671]  lr: 8.0000e-03  eta: 1:08:53  time: 0.1299  data_time: 0.0031  memory: 2240  grad_norm: 0.2812  loss: 0.2772  loss_sem_seg: 0.2772
2026/06/19 04:07:37 - mmengine - INFO - Epoch(train) [18][ 800/1671]  lr: 8.0000e-03  eta: 1:08:46  time: 0.1324  data_time: 0.0036  memory: 2232  grad_norm: 0.2356  loss: 0.2387  loss_sem_seg: 0.2387
2026/06/19 04:07:43 - mmengine - INFO - Epoch(train) [18][ 850/1671]  lr: 8.0000e-03  eta: 1:08:40  time: 0.1329  data_time: 0.0040  memory: 2304  grad_norm: 0.2421  loss: 0.2450  loss_sem_seg: 0.2450
2026/06/19 04:07:50 - mmengine - INFO - Epoch(train) [18][ 900/1671]  lr: 8.0000e-03  eta: 1:08:33  time: 0.1346  data_time: 0.0033  memory: 2240  grad_norm: 0.2958  loss: 0.2918  loss_sem_seg: 0.2918
2026/06/19 04:07:57 - mmengine - INFO - Epoch(train) [18][ 950/1671]  lr: 8.0000e-03  eta: 1:08:26  time: 0.1336  data_time: 0.0032  memory: 2261  grad_norm: 0.2587  loss: 0.2746  loss_sem_seg: 0.2746
2026/06/19 04:08:03 - mmengine - INFO - Epoch(train) [18][1000/1671]  lr: 8.0000e-03  eta: 1:08:20  time: 0.1315  data_time: 0.0032  memory: 2289  grad_norm: 0.2300  loss: 0.2544  loss_sem_seg: 0.2544
2026/06/19 04:08:10 - mmengine - INFO - Epoch(train) [18][1050/1671]  lr: 8.0000e-03  eta: 1:08:13  time: 0.1313  data_time: 0.0031  memory: 2196  grad_norm: 0.2436  loss: 0.2412  loss_sem_seg: 0.2412
2026/06/19 04:08:17 - mmengine - INFO - Epoch(train) [18][1100/1671]  lr: 8.0000e-03  eta: 1:08:06  time: 0.1307  data_time: 0.0033  memory: 2209  grad_norm: 0.2048  loss: 0.2338  loss_sem_seg: 0.2338
2026/06/19 04:08:23 - mmengine - INFO - Epoch(train) [18][1150/1671]  lr: 8.0000e-03  eta: 1:07:59  time: 0.1324  data_time: 0.0031  memory: 2325  grad_norm: 0.2466  loss: 0.2477  loss_sem_seg: 0.2477
2026/06/19 04:08:30 - mmengine - INFO - Epoch(train) [18][1200/1671]  lr: 8.0000e-03  eta: 1:07:53  time: 0.1320  data_time: 0.0032  memory: 2262  grad_norm: 0.2750  loss: 0.2743  loss_sem_seg: 0.2743
2026/06/19 04:08:36 - mmengine - INFO - Epoch(train) [18][1250/1671]  lr: 8.0000e-03  eta: 1:07:46  time: 0.1322  data_time: 0.0034  memory: 2184  grad_norm: 0.3073  loss: 0.2807  loss_sem_seg: 0.2807
2026/06/19 04:08:43 - mmengine - INFO - Epoch(train) [18][1300/1671]  lr: 8.0000e-03  eta: 1:07:39  time: 0.1302  data_time: 0.0032  memory: 2289  grad_norm: 0.2799  loss: 0.2796  loss_sem_seg: 0.2796
2026/06/19 04:08:49 - mmengine - INFO - Epoch(train) [18][1350/1671]  lr: 8.0000e-03  eta: 1:07:32  time: 0.1319  data_time: 0.0033  memory: 2219  grad_norm: 0.2809  loss: 0.2957  loss_sem_seg: 0.2957
2026/06/19 04:08:56 - mmengine - INFO - Epoch(train) [18][1400/1671]  lr: 8.0000e-03  eta: 1:07:25  time: 0.1305  data_time: 0.0033  memory: 2177  grad_norm: 0.2713  loss: 0.2901  loss_sem_seg: 0.2901
2026/06/19 04:09:03 - mmengine - INFO - Epoch(train) [18][1450/1671]  lr: 8.0000e-03  eta: 1:07:19  time: 0.1320  data_time: 0.0033  memory: 2287  grad_norm: 0.2510  loss: 0.2541  loss_sem_seg: 0.2541
2026/06/19 04:09:09 - mmengine - INFO - Epoch(train) [18][1500/1671]  lr: 8.0000e-03  eta: 1:07:12  time: 0.1326  data_time: 0.0034  memory: 2146  grad_norm: 0.2828  loss: 0.2718  loss_sem_seg: 0.2718
2026/06/19 04:09:16 - mmengine - INFO - Epoch(train) [18][1550/1671]  lr: 8.0000e-03  eta: 1:07:05  time: 0.1311  data_time: 0.0031  memory: 2224  grad_norm: 0.2842  loss: 0.2785  loss_sem_seg: 0.2785
2026/06/19 04:09:21 - mmengine - INFO - Exp name: minkunet34_w32_minkowski_geometry_kitti_box_seg_20260619_025828
2026/06/19 04:09:22 - mmengine - INFO - Epoch(train) [18][1600/1671]  lr: 8.0000e-03  eta: 1:06:58  time: 0.1310  data_time: 0.0033  memory: 2304  grad_norm: 0.2422  loss: 0.2619  loss_sem_seg: 0.2619
2026/06/19 04:09:29 - mmengine - INFO - Epoch(train) [18][1650/1671]  lr: 8.0000e-03  eta: 1:06:52  time: 0.1323  data_time: 0.0034  memory: 2300  grad_norm: 0.2148  loss: 0.2382  loss_sem_seg: 0.2382
2026/06/19 04:09:32 - mmengine - INFO - Exp name: minkunet34_w32_minkowski_geometry_kitti_box_seg_20260619_025828
2026/06/19 04:09:32 - mmengine - INFO - Saving checkpoint at 18 epochs
2026/06/19 04:09:35 - mmengine - INFO - Epoch(val) [18][ 50/371]    eta: 0:00:09  time: 0.0288  data_time: 0.0032  memory: 2321  
2026/06/19 04:09:36 - mmengine - INFO - Epoch(val) [18][100/371]    eta: 0:00:07  time: 0.0278  data_time: 0.0027  memory: 685  
2026/06/19 04:09:38 - mmengine - INFO - Epoch(val) [18][150/371]    eta: 0:00:06  time: 0.0270  data_time: 0.0022  memory: 682  
2026/06/19 04:09:39 - mmengine - INFO - Epoch(val) [18][200/371]    eta: 0:00:04  time: 0.0276  data_time: 0.0026  memory: 683  
2026/06/19 04:09:40 - mmengine - INFO - Epoch(val) [18][250/371]    eta: 0:00:03  time: 0.0279  data_time: 0.0027  memory: 677  
2026/06/19 04:09:42 - mmengine - INFO - Epoch(val) [18][300/371]    eta: 0:00:01  time: 0.0272  data_time: 0.0021  memory: 684  
2026/06/19 04:09:43 - mmengine - INFO - Epoch(val) [18][350/371]    eta: 0:00:00  time: 0.0284  data_time: 0.0028  memory: 684  
2026/06/19 04:09:44 - mmengine - INFO - 
+---------+------------+------------+--------+--------+---------+
| classes | background | foreground | miou   | acc    | acc_cls |
+---------+------------+------------+--------+--------+---------+
| results | 0.9477     | 0.5199     | 0.7338 | 0.9505 | 0.9049  |
+---------+------------+------------+--------+--------+---------+
2026/06/19 04:09:44 - mmengine - INFO - Epoch(val) [18][371/371]    background: 0.9477  foreground: 0.5199  miou: 0.7338  acc: 0.9505  acc_cls: 0.9049  data_time: 0.0026  time: 0.0278
2026/06/19 04:09:50 - mmengine - INFO - Epoch(train) [19][  50/1671]  lr: 8.0000e-03  eta: 1:06:42  time: 0.1286  data_time: 0.0033  memory: 2304  grad_norm: 0.2379  loss: 0.2580  loss_sem_seg: 0.2580
2026/06/19 04:09:57 - mmengine - INFO - Epoch(train) [19][ 100/1671]  lr: 8.0000e-03  eta: 1:06:35  time: 0.1323  data_time: 0.0035  memory: 2282  grad_norm: 0.1937  loss: 0.2154  loss_sem_seg: 0.2154
2026/06/19 04:10:04 - mmengine - INFO - Epoch(train) [19][ 150/1671]  lr: 8.0000e-03  eta: 1:06:29  time: 0.1330  data_time: 0.0033  memory: 2255  grad_norm: 0.2623  loss: 0.2638  loss_sem_seg: 0.2638
2026/06/19 04:10:10 - mmengine - INFO - Epoch(train) [19][ 200/1671]  lr: 8.0000e-03  eta: 1:06:22  time: 0.1328  data_time: 0.0031  memory: 2217  grad_norm: 0.2718  loss: 0.2561  loss_sem_seg: 0.2561
2026/06/19 04:10:17 - mmengine - INFO - Epoch(train) [19][ 250/1671]  lr: 8.0000e-03  eta: 1:06:15  time: 0.1316  data_time: 0.0033  memory: 2238  grad_norm: 0.2605  loss: 0.2577  loss_sem_seg: 0.2577
2026/06/19 04:10:23 - mmengine - INFO - Epoch(train) [19][ 300/1671]  lr: 8.0000e-03  eta: 1:06:08  time: 0.1301  data_time: 0.0035  memory: 2192  grad_norm: 0.2302  loss: 0.2645  loss_sem_seg: 0.2645
2026/06/19 04:10:30 - mmengine - INFO - Epoch(train) [19][ 350/1671]  lr: 8.0000e-03  eta: 1:06:02  time: 0.1339  data_time: 0.0036  memory: 2301  grad_norm: 0.2232  loss: 0.2295  loss_sem_seg: 0.2295
2026/06/19 04:10:37 - mmengine - INFO - Epoch(train) [19][ 400/1671]  lr: 8.0000e-03  eta: 1:05:55  time: 0.1332  data_time: 0.0032  memory: 2314  grad_norm: 0.2553  loss: 0.2807  loss_sem_seg: 0.2807
2026/06/19 04:10:43 - mmengine - INFO - Epoch(train) [19][ 450/1671]  lr: 8.0000e-03  eta: 1:05:48  time: 0.1297  data_time: 0.0033  memory: 2163  grad_norm: 0.2283  loss: 0.2485  loss_sem_seg: 0.2485
2026/06/19 04:10:50 - mmengine - INFO - Epoch(train) [19][ 500/1671]  lr: 8.0000e-03  eta: 1:05:41  time: 0.1320  data_time: 0.0033  memory: 2212  grad_norm: 0.1975  loss: 0.2208  loss_sem_seg: 0.2208
2026/06/19 04:10:56 - mmengine - INFO - Epoch(train) [19][ 550/1671]  lr: 8.0000e-03  eta: 1:05:35  time: 0.1350  data_time: 0.0038  memory: 2249  grad_norm: 0.2235  loss: 0.2244  loss_sem_seg: 0.2244
2026/06/19 04:11:03 - mmengine - INFO - Epoch(train) [19][ 600/1671]  lr: 8.0000e-03  eta: 1:05:28  time: 0.1329  data_time: 0.0032  memory: 2292  grad_norm: 0.2845  loss: 0.2639  loss_sem_seg: 0.2639
2026/06/19 04:11:10 - mmengine - INFO - Epoch(train) [19][ 650/1671]  lr: 8.0000e-03  eta: 1:05:21  time: 0.1310  data_time: 0.0033  memory: 2216  grad_norm: 0.2294  loss: 0.2430  loss_sem_seg: 0.2430
2026/06/19 04:11:16 - mmengine - INFO - Epoch(train) [19][ 700/1671]  lr: 8.0000e-03  eta: 1:05:15  time: 0.1327  data_time: 0.0039  memory: 2348  grad_norm: 0.2619  loss: 0.2687  loss_sem_seg: 0.2687
2026/06/19 04:11:23 - mmengine - INFO - Epoch(train) [19][ 750/1671]  lr: 8.0000e-03  eta: 1:05:08  time: 0.1308  data_time: 0.0033  memory: 2306  grad_norm: 0.2603  loss: 0.2384  loss_sem_seg: 0.2384
2026/06/19 04:11:30 - mmengine - INFO - Epoch(train) [19][ 800/1671]  lr: 8.0000e-03  eta: 1:05:01  time: 0.1337  data_time: 0.0035  memory: 2292  grad_norm: 0.2491  loss: 0.2576  loss_sem_seg: 0.2576
2026/06/19 04:11:36 - mmengine - INFO - Epoch(train) [19][ 850/1671]  lr: 8.0000e-03  eta: 1:04:55  time: 0.1321  data_time: 0.0033  memory: 2216  grad_norm: 0.2477  loss: 0.2515  loss_sem_seg: 0.2515
2026/06/19 04:11:43 - mmengine - INFO - Epoch(train) [19][ 900/1671]  lr: 8.0000e-03  eta: 1:04:48  time: 0.1323  data_time: 0.0035  memory: 2344  grad_norm: 0.2231  loss: 0.2381  loss_sem_seg: 0.2381
2026/06/19 04:11:46 - mmengine - INFO - Exp name: minkunet34_w32_minkowski_geometry_kitti_box_seg_20260619_025828
2026/06/19 04:11:50 - mmengine - INFO - Epoch(train) [19][ 950/1671]  lr: 8.0000e-03  eta: 1:04:41  time: 0.1346  data_time: 0.0034  memory: 2281  grad_norm: 0.1856  loss: 0.2231  loss_sem_seg: 0.2231
2026/06/19 04:11:56 - mmengine - INFO - Epoch(train) [19][1000/1671]  lr: 8.0000e-03  eta: 1:04:35  time: 0.1345  data_time: 0.0034  memory: 2248  grad_norm: 0.3938  loss: 0.3138  loss_sem_seg: 0.3138
2026/06/19 04:12:03 - mmengine - INFO - Epoch(train) [19][1050/1671]  lr: 8.0000e-03  eta: 1:04:28  time: 0.1330  data_time: 0.0036  memory: 2189  grad_norm: 0.3044  loss: 0.3092  loss_sem_seg: 0.3092
2026/06/19 04:12:09 - mmengine - INFO - Epoch(train) [19][1100/1671]  lr: 8.0000e-03  eta: 1:04:21  time: 0.1316  data_time: 0.0031  memory: 2316  grad_norm: 0.2172  loss: 0.2526  loss_sem_seg: 0.2526
2026/06/19 04:12:16 - mmengine - INFO - Epoch(train) [19][1150/1671]  lr: 8.0000e-03  eta: 1:04:14  time: 0.1310  data_time: 0.0033  memory: 2276  grad_norm: 0.2376  loss: 0.2692  loss_sem_seg: 0.2692
2026/06/19 04:12:23 - mmengine - INFO - Epoch(train) [19][1200/1671]  lr: 8.0000e-03  eta: 1:04:08  time: 0.1297  data_time: 0.0032  memory: 2249  grad_norm: 0.2401  loss: 0.2652  loss_sem_seg: 0.2652
2026/06/19 04:12:29 - mmengine - INFO - Epoch(train) [19][1250/1671]  lr: 8.0000e-03  eta: 1:04:01  time: 0.1339  data_time: 0.0036  memory: 2325  grad_norm: 0.2600  loss: 0.2666  loss_sem_seg: 0.2666
2026/06/19 04:12:36 - mmengine - INFO - Epoch(train) [19][1300/1671]  lr: 8.0000e-03  eta: 1:03:54  time: 0.1313  data_time: 0.0032  memory: 2229  grad_norm: 0.2130  loss: 0.2508  loss_sem_seg: 0.2508
2026/06/19 04:12:42 - mmengine - INFO - Epoch(train) [19][1350/1671]  lr: 8.0000e-03  eta: 1:03:47  time: 0.1305  data_time: 0.0032  memory: 2253  grad_norm: 0.2451  loss: 0.2573  loss_sem_seg: 0.2573
2026/06/19 04:12:49 - mmengine - INFO - Epoch(train) [19][1400/1671]  lr: 8.0000e-03  eta: 1:03:41  time: 0.1325  data_time: 0.0033  memory: 2317  grad_norm: 0.3237  loss: 0.2998  loss_sem_seg: 0.2998
2026/06/19 04:12:55 - mmengine - INFO - Epoch(train) [19][1450/1671]  lr: 8.0000e-03  eta: 1:03:34  time: 0.1282  data_time: 0.0031  memory: 2292  grad_norm: 0.2754  loss: 0.2893  loss_sem_seg: 0.2893
2026/06/19 04:13:02 - mmengine - INFO - Epoch(train) [19][1500/1671]  lr: 8.0000e-03  eta: 1:03:27  time: 0.1367  data_time: 0.0035  memory: 2307  grad_norm: 0.2352  loss: 0.2568  loss_sem_seg: 0.2568
2026/06/19 04:13:09 - mmengine - INFO - Epoch(train) [19][1550/1671]  lr: 8.0000e-03  eta: 1:03:21  time: 0.1335  data_time: 0.0034  memory: 2203  grad_norm: 0.2408  loss: 0.2518  loss_sem_seg: 0.2518
2026/06/19 04:13:15 - mmengine - INFO - Epoch(train) [19][1600/1671]  lr: 8.0000e-03  eta: 1:03:14  time: 0.1293  data_time: 0.0032  memory: 2212  grad_norm: 0.2228  loss: 0.2567  loss_sem_seg: 0.2567
2026/06/19 04:13:22 - mmengine - INFO - Epoch(train) [19][1650/1671]  lr: 8.0000e-03  eta: 1:03:07  time: 0.1348  data_time: 0.0035  memory: 2229  grad_norm: 0.2689  loss: 0.2605  loss_sem_seg: 0.2605
2026/06/19 04:13:25 - mmengine - INFO - Exp name: minkunet34_w32_minkowski_geometry_kitti_box_seg_20260619_025828
2026/06/19 04:13:25 - mmengine - INFO - Saving checkpoint at 19 epochs
2026/06/19 04:13:28 - mmengine - INFO - Epoch(val) [19][ 50/371]    eta: 0:00:09  time: 0.0281  data_time: 0.0026  memory: 2301  
2026/06/19 04:13:29 - mmengine - INFO - Epoch(val) [19][100/371]    eta: 0:00:07  time: 0.0284  data_time: 0.0028  memory: 685  
2026/06/19 04:13:30 - mmengine - INFO - Epoch(val) [19][150/371]    eta: 0:00:06  time: 0.0279  data_time: 0.0024  memory: 682  
2026/06/19 04:13:32 - mmengine - INFO - Epoch(val) [19][200/371]    eta: 0:00:04  time: 0.0272  data_time: 0.0022  memory: 683  
2026/06/19 04:13:33 - mmengine - INFO - Epoch(val) [19][250/371]    eta: 0:00:03  time: 0.0286  data_time: 0.0024  memory: 677  
2026/06/19 04:13:35 - mmengine - INFO - Epoch(val) [19][300/371]    eta: 0:00:01  time: 0.0268  data_time: 0.0022  memory: 684  
2026/06/19 04:13:36 - mmengine - INFO - Epoch(val) [19][350/371]    eta: 0:00:00  time: 0.0268  data_time: 0.0020  memory: 684  
2026/06/19 04:13:37 - mmengine - INFO - 
+---------+------------+------------+--------+--------+---------+
| classes | background | foreground | miou   | acc    | acc_cls |
+---------+------------+------------+--------+--------+---------+
| results | 0.9403     | 0.4802     | 0.7102 | 0.9434 | 0.8912  |
+---------+------------+------------+--------+--------+---------+
2026/06/19 04:13:37 - mmengine - INFO - Epoch(val) [19][371/371]    background: 0.9403  foreground: 0.4802  miou: 0.7102  acc: 0.9434  acc_cls: 0.8912  data_time: 0.0024  time: 0.0276
2026/06/19 04:13:43 - mmengine - INFO - Epoch(train) [20][  50/1671]  lr: 8.0000e-03  eta: 1:02:58  time: 0.1329  data_time: 0.0035  memory: 2229  grad_norm: 0.2797  loss: 0.2835  loss_sem_seg: 0.2835
2026/06/19 04:13:50 - mmengine - INFO - Epoch(train) [20][ 100/1671]  lr: 8.0000e-03  eta: 1:02:51  time: 0.1318  data_time: 0.0032  memory: 2277  grad_norm: 0.2524  loss: 0.2791  loss_sem_seg: 0.2791
2026/06/19 04:13:57 - mmengine - INFO - Epoch(train) [20][ 150/1671]  lr: 8.0000e-03  eta: 1:02:45  time: 0.1358  data_time: 0.0034  memory: 2333  grad_norm: 0.2401  loss: 0.2638  loss_sem_seg: 0.2638
2026/06/19 04:14:03 - mmengine - INFO - Epoch(train) [20][ 200/1671]  lr: 8.0000e-03  eta: 1:02:38  time: 0.1307  data_time: 0.0033  memory: 2288  grad_norm: 0.2702  loss: 0.2413  loss_sem_seg: 0.2413
2026/06/19 04:14:10 - mmengine - INFO - Epoch(train) [20][ 250/1671]  lr: 8.0000e-03  eta: 1:02:31  time: 0.1312  data_time: 0.0032  memory: 2242  grad_norm: 0.2292  loss: 0.2487  loss_sem_seg: 0.2487
2026/06/19 04:14:10 - mmengine - INFO - Exp name: minkunet34_w32_minkowski_geometry_kitti_box_seg_20260619_025828
2026/06/19 04:14:16 - mmengine - INFO - Epoch(train) [20][ 300/1671]  lr: 8.0000e-03  eta: 1:02:24  time: 0.1322  data_time: 0.0035  memory: 2187  grad_norm: 0.2473  loss: 0.2612  loss_sem_seg: 0.2612
2026/06/19 04:14:23 - mmengine - INFO - Epoch(train) [20][ 350/1671]  lr: 8.0000e-03  eta: 1:02:18  time: 0.1346  data_time: 0.0033  memory: 2233  grad_norm: 0.2249  loss: 0.2317  loss_sem_seg: 0.2317
2026/06/19 04:14:30 - mmengine - INFO - Epoch(train) [20][ 400/1671]  lr: 8.0000e-03  eta: 1:02:11  time: 0.1323  data_time: 0.0034  memory: 2206  grad_norm: 0.2327  loss: 0.2416  loss_sem_seg: 0.2416
2026/06/19 04:14:36 - mmengine - INFO - Epoch(train) [20][ 450/1671]  lr: 8.0000e-03  eta: 1:02:04  time: 0.1329  data_time: 0.0033  memory: 2236  grad_norm: 0.2709  loss: 0.2509  loss_sem_seg: 0.2509
2026/06/19 04:14:43 - mmengine - INFO - Epoch(train) [20][ 500/1671]  lr: 8.0000e-03  eta: 1:01:58  time: 0.1313  data_time: 0.0036  memory: 2203  grad_norm: 0.2757  loss: 0.2918  loss_sem_seg: 0.2918
2026/06/19 04:14:50 - mmengine - INFO - Epoch(train) [20][ 550/1671]  lr: 8.0000e-03  eta: 1:01:51  time: 0.1327  data_time: 0.0034  memory: 2238  grad_norm: 0.2214  loss: 0.2288  loss_sem_seg: 0.2288
2026/06/19 04:14:56 - mmengine - INFO - Epoch(train) [20][ 600/1671]  lr: 8.0000e-03  eta: 1:01:44  time: 0.1296  data_time: 0.0033  memory: 2282  grad_norm: 0.2200  loss: 0.2297  loss_sem_seg: 0.2297
2026/06/19 04:15:03 - mmengine - INFO - Epoch(train) [20][ 650/1671]  lr: 8.0000e-03  eta: 1:01:37  time: 0.1316  data_time: 0.0033  memory: 2228  grad_norm: 0.1964  loss: 0.2053  loss_sem_seg: 0.2053
2026/06/19 04:15:09 - mmengine - INFO - Epoch(train) [20][ 700/1671]  lr: 8.0000e-03  eta: 1:01:31  time: 0.1303  data_time: 0.0032  memory: 2285  grad_norm: 0.2245  loss: 0.2339  loss_sem_seg: 0.2339
2026/06/19 04:15:16 - mmengine - INFO - Epoch(train) [20][ 750/1671]  lr: 8.0000e-03  eta: 1:01:24  time: 0.1330  data_time: 0.0033  memory: 2325  grad_norm: 0.1943  loss: 0.2358  loss_sem_seg: 0.2358
2026/06/19 04:15:22 - mmengine - INFO - Epoch(train) [20][ 800/1671]  lr: 8.0000e-03  eta: 1:01:17  time: 0.1302  data_time: 0.0030  memory: 2247  grad_norm: 0.2184  loss: 0.2419  loss_sem_seg: 0.2419
2026/06/19 04:15:29 - mmengine - INFO - Epoch(train) [20][ 850/1671]  lr: 8.0000e-03  eta: 1:01:10  time: 0.1301  data_time: 0.0031  memory: 2234  grad_norm: 0.2790  loss: 0.2777  loss_sem_seg: 0.2777
2026/06/19 04:15:35 - mmengine - INFO - Epoch(train) [20][ 900/1671]  lr: 8.0000e-03  eta: 1:01:04  time: 0.1312  data_time: 0.0035  memory: 2238  grad_norm: 0.2255  loss: 0.2592  loss_sem_seg: 0.2592
2026/06/19 04:15:42 - mmengine - INFO - Epoch(train) [20][ 950/1671]  lr: 8.0000e-03  eta: 1:00:57  time: 0.1315  data_time: 0.0032  memory: 2247  grad_norm: 0.2607  loss: 0.2630  loss_sem_seg: 0.2630
2026/06/19 04:15:48 - mmengine - INFO - Epoch(train) [20][1000/1671]  lr: 8.0000e-03  eta: 1:00:50  time: 0.1299  data_time: 0.0032  memory: 2269  grad_norm: 0.2365  loss: 0.2473  loss_sem_seg: 0.2473
2026/06/19 04:15:55 - mmengine - INFO - Epoch(train) [20][1050/1671]  lr: 8.0000e-03  eta: 1:00:43  time: 0.1305  data_time: 0.0031  memory: 2276  grad_norm: 0.2325  loss: 0.2318  loss_sem_seg: 0.2318
2026/06/19 04:16:02 - mmengine - INFO - Epoch(train) [20][1100/1671]  lr: 8.0000e-03  eta: 1:00:36  time: 0.1307  data_time: 0.0033  memory: 2318  grad_norm: 0.2611  loss: 0.2415  loss_sem_seg: 0.2415
2026/06/19 04:16:08 - mmengine - INFO - Epoch(train) [20][1150/1671]  lr: 8.0000e-03  eta: 1:00:30  time: 0.1292  data_time: 0.0031  memory: 2334  grad_norm: 0.2780  loss: 0.2881  loss_sem_seg: 0.2881
2026/06/19 04:16:15 - mmengine - INFO - Epoch(train) [20][1200/1671]  lr: 8.0000e-03  eta: 1:00:23  time: 0.1309  data_time: 0.0033  memory: 2267  grad_norm: 0.2714  loss: 0.2715  loss_sem_seg: 0.2715
2026/06/19 04:16:21 - mmengine - INFO - Epoch(train) [20][1250/1671]  lr: 8.0000e-03  eta: 1:00:16  time: 0.1311  data_time: 0.0031  memory: 2239  grad_norm: 0.2360  loss: 0.2695  loss_sem_seg: 0.2695
2026/06/19 04:16:21 - mmengine - INFO - Exp name: minkunet34_w32_minkowski_geometry_kitti_box_seg_20260619_025828
2026/06/19 04:16:28 - mmengine - INFO - Epoch(train) [20][1300/1671]  lr: 8.0000e-03  eta: 1:00:09  time: 0.1299  data_time: 0.0032  memory: 2165  grad_norm: 0.2460  loss: 0.2671  loss_sem_seg: 0.2671
2026/06/19 04:16:34 - mmengine - INFO - Epoch(train) [20][1350/1671]  lr: 8.0000e-03  eta: 1:00:03  time: 0.1316  data_time: 0.0033  memory: 2232  grad_norm: 0.2287  loss: 0.2672  loss_sem_seg: 0.2672
2026/06/19 04:16:41 - mmengine - INFO - Epoch(train) [20][1400/1671]  lr: 8.0000e-03  eta: 0:59:56  time: 0.1324  data_time: 0.0035  memory: 2185  grad_norm: 0.2490  loss: 0.2796  loss_sem_seg: 0.2796
2026/06/19 04:16:47 - mmengine - INFO - Epoch(train) [20][1450/1671]  lr: 8.0000e-03  eta: 0:59:49  time: 0.1319  data_time: 0.0034  memory: 2212  grad_norm: 0.2779  loss: 0.2669  loss_sem_seg: 0.2669
2026/06/19 04:16:54 - mmengine - INFO - Epoch(train) [20][1500/1671]  lr: 8.0000e-03  eta: 0:59:43  time: 0.1320  data_time: 0.0032  memory: 2192  grad_norm: 0.2660  loss: 0.2693  loss_sem_seg: 0.2693
2026/06/19 04:17:01 - mmengine - INFO - Epoch(train) [20][1550/1671]  lr: 8.0000e-03  eta: 0:59:36  time: 0.1317  data_time: 0.0033  memory: 2297  grad_norm: 0.2532  loss: 0.2513  loss_sem_seg: 0.2513
2026/06/19 04:17:07 - mmengine - INFO - Epoch(train) [20][1600/1671]  lr: 8.0000e-03  eta: 0:59:29  time: 0.1309  data_time: 0.0033  memory: 2297  grad_norm: 0.2998  loss: 0.2738  loss_sem_seg: 0.2738
2026/06/19 04:17:14 - mmengine - INFO - Epoch(train) [20][1650/1671]  lr: 8.0000e-03  eta: 0:59:22  time: 0.1291  data_time: 0.0030  memory: 2287  grad_norm: 0.2595  loss: 0.2622  loss_sem_seg: 0.2622
2026/06/19 04:17:16 - mmengine - INFO - Exp name: minkunet34_w32_minkowski_geometry_kitti_box_seg_20260619_025828
2026/06/19 04:17:16 - mmengine - INFO - Saving checkpoint at 20 epochs
2026/06/19 04:17:19 - mmengine - INFO - Epoch(val) [20][ 50/371]    eta: 0:00:09  time: 0.0284  data_time: 0.0026  memory: 2169  
2026/06/19 04:17:21 - mmengine - INFO - Epoch(val) [20][100/371]    eta: 0:00:07  time: 0.0275  data_time: 0.0025  memory: 685  
2026/06/19 04:17:22 - mmengine - INFO - Epoch(val) [20][150/371]    eta: 0:00:06  time: 0.0277  data_time: 0.0025  memory: 682  
2026/06/19 04:17:24 - mmengine - INFO - Epoch(val) [20][200/371]    eta: 0:00:04  time: 0.0324  data_time: 0.0026  memory: 683  
2026/06/19 04:17:25 - mmengine - INFO - Epoch(val) [20][250/371]    eta: 0:00:03  time: 0.0268  data_time: 0.0020  memory: 677  
2026/06/19 04:17:26 - mmengine - INFO - Epoch(val) [20][300/371]    eta: 0:00:02  time: 0.0279  data_time: 0.0022  memory: 684  
2026/06/19 04:17:28 - mmengine - INFO - Epoch(val) [20][350/371]    eta: 0:00:00  time: 0.0270  data_time: 0.0025  memory: 684  
2026/06/19 04:17:28 - mmengine - INFO - 
+---------+------------+------------+--------+--------+---------+
| classes | background | foreground | miou   | acc    | acc_cls |
+---------+------------+------------+--------+--------+---------+
| results | 0.9359     | 0.4767     | 0.7063 | 0.9394 | 0.9105  |
+---------+------------+------------+--------+--------+---------+
2026/06/19 04:17:28 - mmengine - INFO - Epoch(val) [20][371/371]    background: 0.9359  foreground: 0.4767  miou: 0.7063  acc: 0.9394  acc_cls: 0.9105  data_time: 0.0024  time: 0.0281
2026/06/19 04:17:35 - mmengine - INFO - Epoch(train) [21][  50/1671]  lr: 8.0000e-03  eta: 0:59:13  time: 0.1349  data_time: 0.0034  memory: 2250  grad_norm: 0.1763  loss: 0.1955  loss_sem_seg: 0.1955
2026/06/19 04:17:42 - mmengine - INFO - Epoch(train) [21][ 100/1671]  lr: 8.0000e-03  eta: 0:59:06  time: 0.1338  data_time: 0.0034  memory: 2312  grad_norm: 0.2875  loss: 0.2805  loss_sem_seg: 0.2805
2026/06/19 04:17:49 - mmengine - INFO - Epoch(train) [21][ 150/1671]  lr: 8.0000e-03  eta: 0:59:00  time: 0.1327  data_time: 0.0034  memory: 2156  grad_norm: 0.2619  loss: 0.2653  loss_sem_seg: 0.2653
2026/06/19 04:17:55 - mmengine - INFO - Epoch(train) [21][ 200/1671]  lr: 8.0000e-03  eta: 0:58:53  time: 0.1306  data_time: 0.0032  memory: 2208  grad_norm: 0.2505  loss: 0.2437  loss_sem_seg: 0.2437
2026/06/19 04:18:02 - mmengine - INFO - Epoch(train) [21][ 250/1671]  lr: 8.0000e-03  eta: 0:58:46  time: 0.1316  data_time: 0.0031  memory: 2278  grad_norm: 0.2514  loss: 0.2638  loss_sem_seg: 0.2638
2026/06/19 04:18:08 - mmengine - INFO - Epoch(train) [21][ 300/1671]  lr: 8.0000e-03  eta: 0:58:39  time: 0.1297  data_time: 0.0033  memory: 2211  grad_norm: 0.1952  loss: 0.2335  loss_sem_seg: 0.2335
2026/06/19 04:18:15 - mmengine - INFO - Epoch(train) [21][ 350/1671]  lr: 8.0000e-03  eta: 0:58:32  time: 0.1285  data_time: 0.0033  memory: 2279  grad_norm: 0.2532  loss: 0.2765  loss_sem_seg: 0.2765
2026/06/19 04:18:21 - mmengine - INFO - Epoch(train) [21][ 400/1671]  lr: 8.0000e-03  eta: 0:58:26  time: 0.1314  data_time: 0.0033  memory: 2269  grad_norm: 0.3008  loss: 0.2658  loss_sem_seg: 0.2658
2026/06/19 04:18:28 - mmengine - INFO - Epoch(train) [21][ 450/1671]  lr: 8.0000e-03  eta: 0:58:19  time: 0.1287  data_time: 0.0031  memory: 2285  grad_norm: 0.2282  loss: 0.2565  loss_sem_seg: 0.2565
2026/06/19 04:18:34 - mmengine - INFO - Epoch(train) [21][ 500/1671]  lr: 8.0000e-03  eta: 0:58:12  time: 0.1286  data_time: 0.0032  memory: 2187  grad_norm: 0.2963  loss: 0.2963  loss_sem_seg: 0.2963
2026/06/19 04:18:41 - mmengine - INFO - Epoch(train) [21][ 550/1671]  lr: 8.0000e-03  eta: 0:58:05  time: 0.1298  data_time: 0.0033  memory: 2174  grad_norm: 0.2766  loss: 0.2854  loss_sem_seg: 0.2854
2026/06/19 04:18:44 - mmengine - INFO - Exp name: minkunet34_w32_minkowski_geometry_kitti_box_seg_20260619_025828
2026/06/19 04:18:47 - mmengine - INFO - Epoch(train) [21][ 600/1671]  lr: 8.0000e-03  eta: 0:57:59  time: 0.1317  data_time: 0.0035  memory: 2375  grad_norm: 0.2973  loss: 0.2847  loss_sem_seg: 0.2847
2026/06/19 04:18:54 - mmengine - INFO - Epoch(train) [21][ 650/1671]  lr: 8.0000e-03  eta: 0:57:52  time: 0.1318  data_time: 0.0033  memory: 2265  grad_norm: 0.2738  loss: 0.2560  loss_sem_seg: 0.2560
2026/06/19 04:19:00 - mmengine - INFO - Epoch(train) [21][ 700/1671]  lr: 8.0000e-03  eta: 0:57:45  time: 0.1311  data_time: 0.0036  memory: 2217  grad_norm: 0.3006  loss: 0.3022  loss_sem_seg: 0.3022
2026/06/19 04:19:07 - mmengine - INFO - Epoch(train) [21][ 750/1671]  lr: 8.0000e-03  eta: 0:57:38  time: 0.1334  data_time: 0.0033  memory: 2195  grad_norm: 0.2779  loss: 0.2527  loss_sem_seg: 0.2527
2026/06/19 04:19:14 - mmengine - INFO - Epoch(train) [21][ 800/1671]  lr: 8.0000e-03  eta: 0:57:32  time: 0.1342  data_time: 0.0035  memory: 2217  grad_norm: 0.2389  loss: 0.2664  loss_sem_seg: 0.2664
2026/06/19 04:19:20 - mmengine - INFO - Epoch(train) [21][ 850/1671]  lr: 8.0000e-03  eta: 0:57:25  time: 0.1326  data_time: 0.0034  memory: 2185  grad_norm: 0.2678  loss: 0.2690  loss_sem_seg: 0.2690
2026/06/19 04:19:27 - mmengine - INFO - Epoch(train) [21][ 900/1671]  lr: 8.0000e-03  eta: 0:57:18  time: 0.1332  data_time: 0.0035  memory: 2292  grad_norm: 0.2345  loss: 0.2430  loss_sem_seg: 0.2430
2026/06/19 04:19:34 - mmengine - INFO - Epoch(train) [21][ 950/1671]  lr: 8.0000e-03  eta: 0:57:12  time: 0.1328  data_time: 0.0032  memory: 2217  grad_norm: 0.2841  loss: 0.2876  loss_sem_seg: 0.2876
2026/06/19 04:19:40 - mmengine - INFO - Epoch(train) [21][1000/1671]  lr: 8.0000e-03  eta: 0:57:05  time: 0.1312  data_time: 0.0037  memory: 2263  grad_norm: 0.2303  loss: 0.2290  loss_sem_seg: 0.2290
2026/06/19 04:19:47 - mmengine - INFO - Epoch(train) [21][1050/1671]  lr: 8.0000e-03  eta: 0:56:58  time: 0.1336  data_time: 0.0032  memory: 2291  grad_norm: 0.2849  loss: 0.2689  loss_sem_seg: 0.2689
2026/06/19 04:19:54 - mmengine - INFO - Epoch(train) [21][1100/1671]  lr: 8.0000e-03  eta: 0:56:52  time: 0.1340  data_time: 0.0033  memory: 2299  grad_norm: 0.2181  loss: 0.2209  loss_sem_seg: 0.2209
2026/06/19 04:20:00 - mmengine - INFO - Epoch(train) [21][1150/1671]  lr: 8.0000e-03  eta: 0:56:45  time: 0.1320  data_time: 0.0032  memory: 2281  grad_norm: 0.2848  loss: 0.2745  loss_sem_seg: 0.2745
2026/06/19 04:20:07 - mmengine - INFO - Epoch(train) [21][1200/1671]  lr: 8.0000e-03  eta: 0:56:38  time: 0.1318  data_time: 0.0033  memory: 2240  grad_norm: 0.1975  loss: 0.2331  loss_sem_seg: 0.2331
2026/06/19 04:20:13 - mmengine - INFO - Epoch(train) [21][1250/1671]  lr: 8.0000e-03  eta: 0:56:32  time: 0.1340  data_time: 0.0035  memory: 2277  grad_norm: 0.2455  loss: 0.2304  loss_sem_seg: 0.2304
2026/06/19 04:20:20 - mmengine - INFO - Epoch(train) [21][1300/1671]  lr: 8.0000e-03  eta: 0:56:25  time: 0.1307  data_time: 0.0032  memory: 2198  grad_norm: 0.2413  loss: 0.2513  loss_sem_seg: 0.2513
2026/06/19 04:20:26 - mmengine - INFO - Epoch(train) [21][1350/1671]  lr: 8.0000e-03  eta: 0:56:18  time: 0.1302  data_time: 0.0035  memory: 2271  grad_norm: 0.2327  loss: 0.2563  loss_sem_seg: 0.2563
2026/06/19 04:20:33 - mmengine - INFO - Epoch(train) [21][1400/1671]  lr: 8.0000e-03  eta: 0:56:12  time: 0.1318  data_time: 0.0033  memory: 2283  grad_norm: 0.2691  loss: 0.2625  loss_sem_seg: 0.2625
2026/06/19 04:20:40 - mmengine - INFO - Epoch(train) [21][1450/1671]  lr: 8.0000e-03  eta: 0:56:05  time: 0.1288  data_time: 0.0032  memory: 2301  grad_norm: 0.2625  loss: 0.2616  loss_sem_seg: 0.2616
2026/06/19 04:20:46 - mmengine - INFO - Epoch(train) [21][1500/1671]  lr: 8.0000e-03  eta: 0:55:58  time: 0.1312  data_time: 0.0032  memory: 2187  grad_norm: 0.2156  loss: 0.2336  loss_sem_seg: 0.2336
2026/06/19 04:20:53 - mmengine - INFO - Epoch(train) [21][1550/1671]  lr: 8.0000e-03  eta: 0:55:51  time: 0.1313  data_time: 0.0034  memory: 2306  grad_norm: 0.3388  loss: 0.2757  loss_sem_seg: 0.2757
2026/06/19 04:20:57 - mmengine - INFO - Exp name: minkunet34_w32_minkowski_geometry_kitti_box_seg_20260619_025828
2026/06/19 04:20:59 - mmengine - INFO - Epoch(train) [21][1600/1671]  lr: 8.0000e-03  eta: 0:55:45  time: 0.1322  data_time: 0.0033  memory: 2234  grad_norm: 0.2938  loss: 0.3002  loss_sem_seg: 0.3002
2026/06/19 04:21:06 - mmengine - INFO - Epoch(train) [21][1650/1671]  lr: 8.0000e-03  eta: 0:55:38  time: 0.1338  data_time: 0.0036  memory: 2326  grad_norm: 0.2076  loss: 0.2188  loss_sem_seg: 0.2188
2026/06/19 04:21:09 - mmengine - INFO - Exp name: minkunet34_w32_minkowski_geometry_kitti_box_seg_20260619_025828
2026/06/19 04:21:09 - mmengine - INFO - Saving checkpoint at 21 epochs
2026/06/19 04:21:12 - mmengine - INFO - Epoch(val) [21][ 50/371]    eta: 0:00:08  time: 0.0279  data_time: 0.0024  memory: 2188  
2026/06/19 04:21:13 - mmengine - INFO - Epoch(val) [21][100/371]    eta: 0:00:07  time: 0.0269  data_time: 0.0023  memory: 685  
2026/06/19 04:21:14 - mmengine - INFO - Epoch(val) [21][150/371]    eta: 0:00:06  time: 0.0281  data_time: 0.0025  memory: 682  
2026/06/19 04:21:16 - mmengine - INFO - Epoch(val) [21][200/371]    eta: 0:00:04  time: 0.0285  data_time: 0.0027  memory: 683  
2026/06/19 04:21:17 - mmengine - INFO - Epoch(val) [21][250/371]    eta: 0:00:03  time: 0.0275  data_time: 0.0023  memory: 677  
2026/06/19 04:21:19 - mmengine - INFO - Epoch(val) [21][300/371]    eta: 0:00:01  time: 0.0267  data_time: 0.0021  memory: 684  
2026/06/19 04:21:20 - mmengine - INFO - Epoch(val) [21][350/371]    eta: 0:00:00  time: 0.0278  data_time: 0.0023  memory: 684  
2026/06/19 04:21:21 - mmengine - INFO - 
+---------+------------+------------+--------+--------+---------+
| classes | background | foreground | miou   | acc    | acc_cls |
+---------+------------+------------+--------+--------+---------+
| results | 0.9393     | 0.4868     | 0.7130 | 0.9426 | 0.9067  |
+---------+------------+------------+--------+--------+---------+
2026/06/19 04:21:21 - mmengine - INFO - Epoch(val) [21][371/371]    background: 0.9393  foreground: 0.4868  miou: 0.7130  acc: 0.9426  acc_cls: 0.9067  data_time: 0.0023  time: 0.0276
2026/06/19 04:21:27 - mmengine - INFO - Epoch(train) [22][  50/1671]  lr: 8.0000e-03  eta: 0:55:28  time: 0.1300  data_time: 0.0033  memory: 2228  grad_norm: 0.2567  loss: 0.2651  loss_sem_seg: 0.2651
2026/06/19 04:21:34 - mmengine - INFO - Epoch(train) [22][ 100/1671]  lr: 8.0000e-03  eta: 0:55:22  time: 0.1301  data_time: 0.0033  memory: 2271  grad_norm: 0.2377  loss: 0.2477  loss_sem_seg: 0.2477
2026/06/19 04:21:40 - mmengine - INFO - Epoch(train) [22][ 150/1671]  lr: 8.0000e-03  eta: 0:55:15  time: 0.1313  data_time: 0.0033  memory: 2289  grad_norm: 0.2041  loss: 0.2155  loss_sem_seg: 0.2155
2026/06/19 04:21:47 - mmengine - INFO - Epoch(train) [22][ 200/1671]  lr: 8.0000e-03  eta: 0:55:08  time: 0.1308  data_time: 0.0037  memory: 2286  grad_norm: 0.2038  loss: 0.2209  loss_sem_seg: 0.2209
2026/06/19 04:21:53 - mmengine - INFO - Epoch(train) [22][ 250/1671]  lr: 8.0000e-03  eta: 0:55:01  time: 0.1302  data_time: 0.0034  memory: 2184  grad_norm: 0.2440  loss: 0.2672  loss_sem_seg: 0.2672
2026/06/19 04:22:00 - mmengine - INFO - Epoch(train) [22][ 300/1671]  lr: 8.0000e-03  eta: 0:54:55  time: 0.1313  data_time: 0.0034  memory: 2277  grad_norm: 0.2626  loss: 0.2639  loss_sem_seg: 0.2639
2026/06/19 04:22:06 - mmengine - INFO - Epoch(train) [22][ 350/1671]  lr: 8.0000e-03  eta: 0:54:48  time: 0.1331  data_time: 0.0033  memory: 2226  grad_norm: 0.2249  loss: 0.2428  loss_sem_seg: 0.2428
2026/06/19 04:22:13 - mmengine - INFO - Epoch(train) [22][ 400/1671]  lr: 8.0000e-03  eta: 0:54:41  time: 0.1305  data_time: 0.0031  memory: 2294  grad_norm: 0.2525  loss: 0.2749  loss_sem_seg: 0.2749
2026/06/19 04:22:20 - mmengine - INFO - Epoch(train) [22][ 450/1671]  lr: 8.0000e-03  eta: 0:54:35  time: 0.1326  data_time: 0.0035  memory: 2242  grad_norm: 0.2273  loss: 0.2455  loss_sem_seg: 0.2455
2026/06/19 04:22:26 - mmengine - INFO - Epoch(train) [22][ 500/1671]  lr: 8.0000e-03  eta: 0:54:28  time: 0.1325  data_time: 0.0034  memory: 2195  grad_norm: 0.2493  loss: 0.2482  loss_sem_seg: 0.2482
2026/06/19 04:22:33 - mmengine - INFO - Epoch(train) [22][ 550/1671]  lr: 8.0000e-03  eta: 0:54:21  time: 0.1302  data_time: 0.0030  memory: 2221  grad_norm: 0.2671  loss: 0.2690  loss_sem_seg: 0.2690
2026/06/19 04:22:39 - mmengine - INFO - Epoch(train) [22][ 600/1671]  lr: 8.0000e-03  eta: 0:54:15  time: 0.1299  data_time: 0.0031  memory: 2276  grad_norm: 0.2706  loss: 0.2530  loss_sem_seg: 0.2530
2026/06/19 04:22:46 - mmengine - INFO - Epoch(train) [22][ 650/1671]  lr: 8.0000e-03  eta: 0:54:08  time: 0.1341  data_time: 0.0036  memory: 2290  grad_norm: 0.2243  loss: 0.2325  loss_sem_seg: 0.2325
2026/06/19 04:22:52 - mmengine - INFO - Epoch(train) [22][ 700/1671]  lr: 8.0000e-03  eta: 0:54:01  time: 0.1280  data_time: 0.0033  memory: 2245  grad_norm: 0.2346  loss: 0.2669  loss_sem_seg: 0.2669
2026/06/19 04:22:59 - mmengine - INFO - Epoch(train) [22][ 750/1671]  lr: 8.0000e-03  eta: 0:53:54  time: 0.1317  data_time: 0.0034  memory: 2137  grad_norm: 0.2636  loss: 0.2601  loss_sem_seg: 0.2601
2026/06/19 04:23:06 - mmengine - INFO - Epoch(train) [22][ 800/1671]  lr: 8.0000e-03  eta: 0:53:48  time: 0.1305  data_time: 0.0035  memory: 2212  grad_norm: 0.2460  loss: 0.2462  loss_sem_seg: 0.2462
2026/06/19 04:23:12 - mmengine - INFO - Epoch(train) [22][ 850/1671]  lr: 8.0000e-03  eta: 0:53:41  time: 0.1339  data_time: 0.0033  memory: 2219  grad_norm: 0.2109  loss: 0.2283  loss_sem_seg: 0.2283
2026/06/19 04:23:19 - mmengine - INFO - Epoch(train) [22][ 900/1671]  lr: 8.0000e-03  eta: 0:53:34  time: 0.1291  data_time: 0.0033  memory: 2296  grad_norm: 0.2206  loss: 0.2333  loss_sem_seg: 0.2333
2026/06/19 04:23:20 - mmengine - INFO - Exp name: minkunet34_w32_minkowski_geometry_kitti_box_seg_20260619_025828
2026/06/19 04:23:25 - mmengine - INFO - Epoch(train) [22][ 950/1671]  lr: 8.0000e-03  eta: 0:53:28  time: 0.1315  data_time: 0.0030  memory: 2209  grad_norm: 0.2557  loss: 0.2467  loss_sem_seg: 0.2467
2026/06/19 04:23:32 - mmengine - INFO - Epoch(train) [22][1000/1671]  lr: 8.0000e-03  eta: 0:53:21  time: 0.1324  data_time: 0.0033  memory: 2219  grad_norm: 0.3201  loss: 0.3015  loss_sem_seg: 0.3015
2026/06/19 04:23:38 - mmengine - INFO - Epoch(train) [22][1050/1671]  lr: 8.0000e-03  eta: 0:53:14  time: 0.1324  data_time: 0.0034  memory: 2248  grad_norm: 0.2258  loss: 0.2482  loss_sem_seg: 0.2482
2026/06/19 04:23:45 - mmengine - INFO - Epoch(train) [22][1100/1671]  lr: 8.0000e-03  eta: 0:53:07  time: 0.1293  data_time: 0.0032  memory: 2282  grad_norm: 0.2251  loss: 0.2651  loss_sem_seg: 0.2651
2026/06/19 04:23:52 - mmengine - INFO - Epoch(train) [22][1150/1671]  lr: 8.0000e-03  eta: 0:53:01  time: 0.1307  data_time: 0.0032  memory: 2280  grad_norm: 0.2214  loss: 0.2396  loss_sem_seg: 0.2396
2026/06/19 04:23:58 - mmengine - INFO - Epoch(train) [22][1200/1671]  lr: 8.0000e-03  eta: 0:52:54  time: 0.1328  data_time: 0.0031  memory: 2186  grad_norm: 0.3276  loss: 0.2765  loss_sem_seg: 0.2765
2026/06/19 04:24:05 - mmengine - INFO - Epoch(train) [22][1250/1671]  lr: 8.0000e-03  eta: 0:52:47  time: 0.1316  data_time: 0.0032  memory: 2145  grad_norm: 0.2937  loss: 0.2635  loss_sem_seg: 0.2635
2026/06/19 04:24:11 - mmengine - INFO - Epoch(train) [22][1300/1671]  lr: 8.0000e-03  eta: 0:52:41  time: 0.1306  data_time: 0.0035  memory: 2299  grad_norm: 0.3211  loss: 0.2975  loss_sem_seg: 0.2975
2026/06/19 04:24:18 - mmengine - INFO - Epoch(train) [22][1350/1671]  lr: 8.0000e-03  eta: 0:52:34  time: 0.1306  data_time: 0.0036  memory: 2286  grad_norm: 0.2242  loss: 0.2452  loss_sem_seg: 0.2452
2026/06/19 04:24:24 - mmengine - INFO - Epoch(train) [22][1400/1671]  lr: 8.0000e-03  eta: 0:52:27  time: 0.1329  data_time: 0.0032  memory: 2281  grad_norm: 0.2077  loss: 0.2264  loss_sem_seg: 0.2264
2026/06/19 04:24:31 - mmengine - INFO - Epoch(train) [22][1450/1671]  lr: 8.0000e-03  eta: 0:52:21  time: 0.1341  data_time: 0.0035  memory: 2268  grad_norm: 0.2285  loss: 0.2387  loss_sem_seg: 0.2387
2026/06/19 04:24:38 - mmengine - INFO - Epoch(train) [22][1500/1671]  lr: 8.0000e-03  eta: 0:52:14  time: 0.1304  data_time: 0.0032  memory: 2277  grad_norm: 0.2570  loss: 0.2524  loss_sem_seg: 0.2524
2026/06/19 04:24:44 - mmengine - INFO - Epoch(train) [22][1550/1671]  lr: 8.0000e-03  eta: 0:52:07  time: 0.1324  data_time: 0.0033  memory: 2191  grad_norm: 0.2013  loss: 0.2203  loss_sem_seg: 0.2203
2026/06/19 04:24:51 - mmengine - INFO - Epoch(train) [22][1600/1671]  lr: 8.0000e-03  eta: 0:52:00  time: 0.1320  data_time: 0.0034  memory: 2345  grad_norm: 0.2414  loss: 0.2444  loss_sem_seg: 0.2444
2026/06/19 04:24:57 - mmengine - INFO - Epoch(train) [22][1650/1671]  lr: 8.0000e-03  eta: 0:51:54  time: 0.1295  data_time: 0.0030  memory: 2204  grad_norm: 0.2250  loss: 0.2405  loss_sem_seg: 0.2405
2026/06/19 04:25:00 - mmengine - INFO - Exp name: minkunet34_w32_minkowski_geometry_kitti_box_seg_20260619_025828
2026/06/19 04:25:00 - mmengine - INFO - Saving checkpoint at 22 epochs
2026/06/19 04:25:03 - mmengine - INFO - Epoch(val) [22][ 50/371]    eta: 0:00:09  time: 0.0293  data_time: 0.0030  memory: 2204  
2026/06/19 04:25:05 - mmengine - INFO - Epoch(val) [22][100/371]    eta: 0:00:07  time: 0.0274  data_time: 0.0024  memory: 685  
2026/06/19 04:25:06 - mmengine - INFO - Epoch(val) [22][150/371]    eta: 0:00:06  time: 0.0275  data_time: 0.0024  memory: 682  
2026/06/19 04:25:07 - mmengine - INFO - Epoch(val) [22][200/371]    eta: 0:00:04  time: 0.0281  data_time: 0.0022  memory: 683  
2026/06/19 04:25:09 - mmengine - INFO - Epoch(val) [22][250/371]    eta: 0:00:03  time: 0.0275  data_time: 0.0025  memory: 677  
2026/06/19 04:25:10 - mmengine - INFO - Epoch(val) [22][300/371]    eta: 0:00:01  time: 0.0277  data_time: 0.0023  memory: 684  
2026/06/19 04:25:12 - mmengine - INFO - Epoch(val) [22][350/371]    eta: 0:00:00  time: 0.0282  data_time: 0.0024  memory: 684  
2026/06/19 04:25:12 - mmengine - INFO - 
+---------+------------+------------+--------+--------+---------+
| classes | background | foreground | miou   | acc    | acc_cls |
+---------+------------+------------+--------+--------+---------+
| results | 0.9349     | 0.4691     | 0.7020 | 0.9384 | 0.9044  |
+---------+------------+------------+--------+--------+---------+
2026/06/19 04:25:12 - mmengine - INFO - Epoch(val) [22][371/371]    background: 0.9349  foreground: 0.4691  miou: 0.7020  acc: 0.9384  acc_cls: 0.9044  data_time: 0.0025  time: 0.0279
2026/06/19 04:25:19 - mmengine - INFO - Epoch(train) [23][  50/1671]  lr: 8.0000e-03  eta: 0:51:44  time: 0.1347  data_time: 0.0035  memory: 2234  grad_norm: 0.2414  loss: 0.2647  loss_sem_seg: 0.2647
2026/06/19 04:25:26 - mmengine - INFO - Epoch(train) [23][ 100/1671]  lr: 8.0000e-03  eta: 0:51:38  time: 0.1323  data_time: 0.0032  memory: 2262  grad_norm: 0.2629  loss: 0.2607  loss_sem_seg: 0.2607
2026/06/19 04:25:32 - mmengine - INFO - Epoch(train) [23][ 150/1671]  lr: 8.0000e-03  eta: 0:51:31  time: 0.1318  data_time: 0.0032  memory: 2167  grad_norm: 0.2906  loss: 0.2691  loss_sem_seg: 0.2691
2026/06/19 04:25:39 - mmengine - INFO - Epoch(train) [23][ 200/1671]  lr: 8.0000e-03  eta: 0:51:24  time: 0.1311  data_time: 0.0034  memory: 2218  grad_norm: 0.2863  loss: 0.3103  loss_sem_seg: 0.3103
2026/06/19 04:25:44 - mmengine - INFO - Exp name: minkunet34_w32_minkowski_geometry_kitti_box_seg_20260619_025828
2026/06/19 04:25:46 - mmengine - INFO - Epoch(train) [23][ 250/1671]  lr: 8.0000e-03  eta: 0:51:18  time: 0.1339  data_time: 0.0034  memory: 2253  grad_norm: 0.2839  loss: 0.2412  loss_sem_seg: 0.2412
2026/06/19 04:25:52 - mmengine - INFO - Epoch(train) [23][ 300/1671]  lr: 8.0000e-03  eta: 0:51:11  time: 0.1306  data_time: 0.0032  memory: 2234  grad_norm: 0.2780  loss: 0.2493  loss_sem_seg: 0.2493
2026/06/19 04:25:59 - mmengine - INFO - Epoch(train) [23][ 350/1671]  lr: 8.0000e-03  eta: 0:51:04  time: 0.1312  data_time: 0.0036  memory: 2274  grad_norm: 0.2533  loss: 0.2514  loss_sem_seg: 0.2514
2026/06/19 04:26:05 - mmengine - INFO - Epoch(train) [23][ 400/1671]  lr: 8.0000e-03  eta: 0:50:58  time: 0.1320  data_time: 0.0031  memory: 2293  grad_norm: 0.2701  loss: 0.2701  loss_sem_seg: 0.2701
2026/06/19 04:26:12 - mmengine - INFO - Epoch(train) [23][ 450/1671]  lr: 8.0000e-03  eta: 0:50:51  time: 0.1308  data_time: 0.0031  memory: 2291  grad_norm: 0.2757  loss: 0.2823  loss_sem_seg: 0.2823
2026/06/19 04:26:18 - mmengine - INFO - Epoch(train) [23][ 500/1671]  lr: 8.0000e-03  eta: 0:50:44  time: 0.1334  data_time: 0.0031  memory: 2285  grad_norm: 0.2603  loss: 0.2378  loss_sem_seg: 0.2378
2026/06/19 04:26:25 - mmengine - INFO - Epoch(train) [23][ 550/1671]  lr: 8.0000e-03  eta: 0:50:37  time: 0.1313  data_time: 0.0033  memory: 2155  grad_norm: 0.2813  loss: 0.2915  loss_sem_seg: 0.2915
2026/06/19 04:26:32 - mmengine - INFO - Epoch(train) [23][ 600/1671]  lr: 8.0000e-03  eta: 0:50:31  time: 0.1317  data_time: 0.0031  memory: 2179  grad_norm: 0.2178  loss: 0.2492  loss_sem_seg: 0.2492
2026/06/19 04:26:38 - mmengine - INFO - Epoch(train) [23][ 650/1671]  lr: 8.0000e-03  eta: 0:50:24  time: 0.1338  data_time: 0.0036  memory: 2266  grad_norm: 0.2436  loss: 0.2673  loss_sem_seg: 0.2673
2026/06/19 04:26:45 - mmengine - INFO - Epoch(train) [23][ 700/1671]  lr: 8.0000e-03  eta: 0:50:18  time: 0.1344  data_time: 0.0031  memory: 2281  grad_norm: 0.2414  loss: 0.2519  loss_sem_seg: 0.2519
2026/06/19 04:26:52 - mmengine - INFO - Epoch(train) [23][ 750/1671]  lr: 8.0000e-03  eta: 0:50:11  time: 0.1341  data_time: 0.0033  memory: 2167  grad_norm: 0.2185  loss: 0.2200  loss_sem_seg: 0.2200
2026/06/19 04:26:58 - mmengine - INFO - Epoch(train) [23][ 800/1671]  lr: 8.0000e-03  eta: 0:50:04  time: 0.1327  data_time: 0.0034  memory: 2298  grad_norm: 0.2731  loss: 0.2692  loss_sem_seg: 0.2692
2026/06/19 04:27:05 - mmengine - INFO - Epoch(train) [23][ 850/1671]  lr: 8.0000e-03  eta: 0:49:58  time: 0.1363  data_time: 0.0036  memory: 2260  grad_norm: 0.2754  loss: 0.2831  loss_sem_seg: 0.2831
2026/06/19 04:27:12 - mmengine - INFO - Epoch(train) [23][ 900/1671]  lr: 8.0000e-03  eta: 0:49:51  time: 0.1353  data_time: 0.0034  memory: 2240  grad_norm: 0.2741  loss: 0.2759  loss_sem_seg: 0.2759
2026/06/19 04:27:19 - mmengine - INFO - Epoch(train) [23][ 950/1671]  lr: 8.0000e-03  eta: 0:49:45  time: 0.1377  data_time: 0.0035  memory: 2197  grad_norm: 0.2485  loss: 0.2485  loss_sem_seg: 0.2485
2026/06/19 04:27:25 - mmengine - INFO - Epoch(train) [23][1000/1671]  lr: 8.0000e-03  eta: 0:49:38  time: 0.1321  data_time: 0.0034  memory: 2294  grad_norm: 0.2122  loss: 0.2385  loss_sem_seg: 0.2385
2026/06/19 04:27:32 - mmengine - INFO - Epoch(train) [23][1050/1671]  lr: 8.0000e-03  eta: 0:49:31  time: 0.1293  data_time: 0.0031  memory: 2161  grad_norm: 0.2676  loss: 0.2702  loss_sem_seg: 0.2702
2026/06/19 04:27:39 - mmengine - INFO - Epoch(train) [23][1100/1671]  lr: 8.0000e-03  eta: 0:49:25  time: 0.1331  data_time: 0.0032  memory: 2209  grad_norm: 0.2409  loss: 0.2309  loss_sem_seg: 0.2309
2026/06/19 04:27:45 - mmengine - INFO - Epoch(train) [23][1150/1671]  lr: 8.0000e-03  eta: 0:49:18  time: 0.1326  data_time: 0.0036  memory: 2309  grad_norm: 0.2318  loss: 0.2538  loss_sem_seg: 0.2538
2026/06/19 04:27:52 - mmengine - INFO - Epoch(train) [23][1200/1671]  lr: 8.0000e-03  eta: 0:49:11  time: 0.1332  data_time: 0.0032  memory: 2279  grad_norm: 0.2618  loss: 0.2417  loss_sem_seg: 0.2417
2026/06/19 04:27:57 - mmengine - INFO - Exp name: minkunet34_w32_minkowski_geometry_kitti_box_seg_20260619_025828
2026/06/19 04:27:58 - mmengine - INFO - Epoch(train) [23][1250/1671]  lr: 8.0000e-03  eta: 0:49:05  time: 0.1325  data_time: 0.0033  memory: 2174  grad_norm: 0.2847  loss: 0.2772  loss_sem_seg: 0.2772
2026/06/19 04:28:05 - mmengine - INFO - Epoch(train) [23][1300/1671]  lr: 8.0000e-03  eta: 0:48:58  time: 0.1313  data_time: 0.0037  memory: 2328  grad_norm: 0.2444  loss: 0.2368  loss_sem_seg: 0.2368
2026/06/19 04:28:12 - mmengine - INFO - Epoch(train) [23][1350/1671]  lr: 8.0000e-03  eta: 0:48:51  time: 0.1312  data_time: 0.0035  memory: 2164  grad_norm: 0.2251  loss: 0.2406  loss_sem_seg: 0.2406
2026/06/19 04:28:18 - mmengine - INFO - Epoch(train) [23][1400/1671]  lr: 8.0000e-03  eta: 0:48:44  time: 0.1323  data_time: 0.0032  memory: 2322  grad_norm: 0.2664  loss: 0.2753  loss_sem_seg: 0.2753
2026/06/19 04:28:25 - mmengine - INFO - Epoch(train) [23][1450/1671]  lr: 8.0000e-03  eta: 0:48:38  time: 0.1299  data_time: 0.0031  memory: 2269  grad_norm: 0.2391  loss: 0.2367  loss_sem_seg: 0.2367
2026/06/19 04:28:31 - mmengine - INFO - Epoch(train) [23][1500/1671]  lr: 8.0000e-03  eta: 0:48:31  time: 0.1311  data_time: 0.0032  memory: 2293  grad_norm: 0.2630  loss: 0.2699  loss_sem_seg: 0.2699
2026/06/19 04:28:38 - mmengine - INFO - Epoch(train) [23][1550/1671]  lr: 8.0000e-03  eta: 0:48:24  time: 0.1319  data_time: 0.0033  memory: 2236  grad_norm: 0.2318  loss: 0.2306  loss_sem_seg: 0.2306
2026/06/19 04:28:45 - mmengine - INFO - Epoch(train) [23][1600/1671]  lr: 8.0000e-03  eta: 0:48:18  time: 0.1325  data_time: 0.0034  memory: 2236  grad_norm: 0.2459  loss: 0.2276  loss_sem_seg: 0.2276
2026/06/19 04:28:51 - mmengine - INFO - Epoch(train) [23][1650/1671]  lr: 8.0000e-03  eta: 0:48:11  time: 0.1302  data_time: 0.0033  memory: 2246  grad_norm: 0.2058  loss: 0.2408  loss_sem_seg: 0.2408
2026/06/19 04:28:54 - mmengine - INFO - Exp name: minkunet34_w32_minkowski_geometry_kitti_box_seg_20260619_025828
2026/06/19 04:28:54 - mmengine - INFO - Saving checkpoint at 23 epochs
2026/06/19 04:28:57 - mmengine - INFO - Epoch(val) [23][ 50/371]    eta: 0:00:09  time: 0.0284  data_time: 0.0026  memory: 2222  
2026/06/19 04:28:59 - mmengine - INFO - Epoch(val) [23][100/371]    eta: 0:00:07  time: 0.0291  data_time: 0.0026  memory: 685  
2026/06/19 04:29:00 - mmengine - INFO - Epoch(val) [23][150/371]    eta: 0:00:06  time: 0.0279  data_time: 0.0023  memory: 682  
2026/06/19 04:29:01 - mmengine - INFO - Epoch(val) [23][200/371]    eta: 0:00:04  time: 0.0276  data_time: 0.0024  memory: 683  
2026/06/19 04:29:03 - mmengine - INFO - Epoch(val) [23][250/371]    eta: 0:00:03  time: 0.0276  data_time: 0.0023  memory: 677  
2026/06/19 04:29:04 - mmengine - INFO - Epoch(val) [23][300/371]    eta: 0:00:01  time: 0.0282  data_time: 0.0025  memory: 684  
2026/06/19 04:29:05 - mmengine - INFO - Epoch(val) [23][350/371]    eta: 0:00:00  time: 0.0273  data_time: 0.0024  memory: 684  
2026/06/19 04:29:06 - mmengine - INFO - 
+---------+------------+------------+--------+--------+---------+
| classes | background | foreground | miou   | acc    | acc_cls |
+---------+------------+------------+--------+--------+---------+
| results | 0.9426     | 0.4930     | 0.7178 | 0.9456 | 0.8966  |
+---------+------------+------------+--------+--------+---------+
2026/06/19 04:29:06 - mmengine - INFO - Epoch(val) [23][371/371]    background: 0.9426  foreground: 0.4930  miou: 0.7178  acc: 0.9456  acc_cls: 0.8966  data_time: 0.0024  time: 0.0280
2026/06/19 04:29:13 - mmengine - INFO - Epoch(train) [24][  50/1671]  lr: 8.0000e-03  eta: 0:48:02  time: 0.1324  data_time: 0.0033  memory: 2310  grad_norm: 0.2412  loss: 0.2508  loss_sem_seg: 0.2508
2026/06/19 04:29:19 - mmengine - INFO - Epoch(train) [24][ 100/1671]  lr: 8.0000e-03  eta: 0:47:55  time: 0.1298  data_time: 0.0033  memory: 2197  grad_norm: 0.2528  loss: 0.2802  loss_sem_seg: 0.2802
2026/06/19 04:29:26 - mmengine - INFO - Epoch(train) [24][ 150/1671]  lr: 8.0000e-03  eta: 0:47:48  time: 0.1300  data_time: 0.0033  memory: 2270  grad_norm: 0.3541  loss: 0.2920  loss_sem_seg: 0.2920
2026/06/19 04:29:32 - mmengine - INFO - Epoch(train) [24][ 200/1671]  lr: 8.0000e-03  eta: 0:47:41  time: 0.1346  data_time: 0.0036  memory: 2227  grad_norm: 0.2202  loss: 0.2201  loss_sem_seg: 0.2201
2026/06/19 04:29:39 - mmengine - INFO - Epoch(train) [24][ 250/1671]  lr: 8.0000e-03  eta: 0:47:35  time: 0.1327  data_time: 0.0032  memory: 2236  grad_norm: 0.2956  loss: 0.2580  loss_sem_seg: 0.2580
2026/06/19 04:29:46 - mmengine - INFO - Epoch(train) [24][ 300/1671]  lr: 8.0000e-03  eta: 0:47:28  time: 0.1315  data_time: 0.0034  memory: 2247  grad_norm: 0.2474  loss: 0.2485  loss_sem_seg: 0.2485
2026/06/19 04:29:52 - mmengine - INFO - Epoch(train) [24][ 350/1671]  lr: 8.0000e-03  eta: 0:47:21  time: 0.1318  data_time: 0.0033  memory: 2299  grad_norm: 0.2362  loss: 0.2664  loss_sem_seg: 0.2664
2026/06/19 04:29:59 - mmengine - INFO - Epoch(train) [24][ 400/1671]  lr: 8.0000e-03  eta: 0:47:15  time: 0.1315  data_time: 0.0031  memory: 2218  grad_norm: 0.2529  loss: 0.2622  loss_sem_seg: 0.2622
2026/06/19 04:30:05 - mmengine - INFO - Epoch(train) [24][ 450/1671]  lr: 8.0000e-03  eta: 0:47:08  time: 0.1286  data_time: 0.0032  memory: 2294  grad_norm: 0.2411  loss: 0.2500  loss_sem_seg: 0.2500
2026/06/19 04:30:12 - mmengine - INFO - Epoch(train) [24][ 500/1671]  lr: 8.0000e-03  eta: 0:47:01  time: 0.1342  data_time: 0.0033  memory: 2216  grad_norm: 0.2416  loss: 0.2658  loss_sem_seg: 0.2658
2026/06/19 04:30:19 - mmengine - INFO - Epoch(train) [24][ 550/1671]  lr: 8.0000e-03  eta: 0:46:55  time: 0.1327  data_time: 0.0032  memory: 2211  grad_norm: 0.2606  loss: 0.2760  loss_sem_seg: 0.2760
2026/06/19 04:30:21 - mmengine - INFO - Exp name: minkunet34_w32_minkowski_geometry_kitti_box_seg_20260619_025828
2026/06/19 04:30:25 - mmengine - INFO - Epoch(train) [24][ 600/1671]  lr: 8.0000e-03  eta: 0:46:48  time: 0.1306  data_time: 0.0036  memory: 2289  grad_norm: 0.2223  loss: 0.2393  loss_sem_seg: 0.2393
2026/06/19 04:30:32 - mmengine - INFO - Epoch(train) [24][ 650/1671]  lr: 8.0000e-03  eta: 0:46:41  time: 0.1327  data_time: 0.0034  memory: 2212  grad_norm: 0.2385  loss: 0.2430  loss_sem_seg: 0.2430
2026/06/19 04:30:39 - mmengine - INFO - Epoch(train) [24][ 700/1671]  lr: 8.0000e-03  eta: 0:46:35  time: 0.1354  data_time: 0.0035  memory: 2234  grad_norm: 0.2424  loss: 0.2644  loss_sem_seg: 0.2644
2026/06/19 04:30:45 - mmengine - INFO - Epoch(train) [24][ 750/1671]  lr: 8.0000e-03  eta: 0:46:28  time: 0.1340  data_time: 0.0034  memory: 2232  grad_norm: 0.2270  loss: 0.2347  loss_sem_seg: 0.2347
2026/06/19 04:30:52 - mmengine - INFO - Epoch(train) [24][ 800/1671]  lr: 8.0000e-03  eta: 0:46:21  time: 0.1321  data_time: 0.0032  memory: 2321  grad_norm: 0.2043  loss: 0.2204  loss_sem_seg: 0.2204
2026/06/19 04:30:59 - mmengine - INFO - Epoch(train) [24][ 850/1671]  lr: 8.0000e-03  eta: 0:46:15  time: 0.1330  data_time: 0.0037  memory: 2229  grad_norm: 0.2819  loss: 0.2883  loss_sem_seg: 0.2883
2026/06/19 04:31:05 - mmengine - INFO - Epoch(train) [24][ 900/1671]  lr: 8.0000e-03  eta: 0:46:08  time: 0.1342  data_time: 0.0033  memory: 2254  grad_norm: 0.2400  loss: 0.2429  loss_sem_seg: 0.2429
2026/06/19 04:31:12 - mmengine - INFO - Epoch(train) [24][ 950/1671]  lr: 8.0000e-03  eta: 0:46:02  time: 0.1329  data_time: 0.0036  memory: 2167  grad_norm: 0.2611  loss: 0.2584  loss_sem_seg: 0.2584
2026/06/19 04:31:19 - mmengine - INFO - Epoch(train) [24][1000/1671]  lr: 8.0000e-03  eta: 0:45:55  time: 0.1318  data_time: 0.0032  memory: 2237  grad_norm: 0.2197  loss: 0.2299  loss_sem_seg: 0.2299
2026/06/19 04:31:25 - mmengine - INFO - Epoch(train) [24][1050/1671]  lr: 8.0000e-03  eta: 0:45:48  time: 0.1307  data_time: 0.0034  memory: 2216  grad_norm: 0.2054  loss: 0.2153  loss_sem_seg: 0.2153
2026/06/19 04:31:32 - mmengine - INFO - Epoch(train) [24][1100/1671]  lr: 8.0000e-03  eta: 0:45:42  time: 0.1325  data_time: 0.0032  memory: 2256  grad_norm: 0.2904  loss: 0.2756  loss_sem_seg: 0.2756
2026/06/19 04:31:38 - mmengine - INFO - Epoch(train) [24][1150/1671]  lr: 8.0000e-03  eta: 0:45:35  time: 0.1307  data_time: 0.0032  memory: 2248  grad_norm: 0.2615  loss: 0.2520  loss_sem_seg: 0.2520
2026/06/19 04:31:45 - mmengine - INFO - Epoch(train) [24][1200/1671]  lr: 8.0000e-03  eta: 0:45:28  time: 0.1338  data_time: 0.0035  memory: 2253  grad_norm: 0.2833  loss: 0.2720  loss_sem_seg: 0.2720
2026/06/19 04:31:52 - mmengine - INFO - Epoch(train) [24][1250/1671]  lr: 8.0000e-03  eta: 0:45:22  time: 0.1325  data_time: 0.0031  memory: 2310  grad_norm: 0.3272  loss: 0.2798  loss_sem_seg: 0.2798
2026/06/19 04:31:58 - mmengine - INFO - Epoch(train) [24][1300/1671]  lr: 8.0000e-03  eta: 0:45:15  time: 0.1330  data_time: 0.0033  memory: 2156  grad_norm: 0.2407  loss: 0.2579  loss_sem_seg: 0.2579
2026/06/19 04:32:05 - mmengine - INFO - Epoch(train) [24][1350/1671]  lr: 8.0000e-03  eta: 0:45:08  time: 0.1322  data_time: 0.0033  memory: 2168  grad_norm: 0.2044  loss: 0.2327  loss_sem_seg: 0.2327
2026/06/19 04:32:11 - mmengine - INFO - Epoch(train) [24][1400/1671]  lr: 8.0000e-03  eta: 0:45:02  time: 0.1313  data_time: 0.0033  memory: 2286  grad_norm: 0.2745  loss: 0.2756  loss_sem_seg: 0.2756
2026/06/19 04:32:18 - mmengine - INFO - Epoch(train) [24][1450/1671]  lr: 8.0000e-03  eta: 0:44:55  time: 0.1328  data_time: 0.0033  memory: 2282  grad_norm: 0.2329  loss: 0.2470  loss_sem_seg: 0.2470
2026/06/19 04:32:25 - mmengine - INFO - Epoch(train) [24][1500/1671]  lr: 8.0000e-03  eta: 0:44:48  time: 0.1314  data_time: 0.0032  memory: 2288  grad_norm: 0.2527  loss: 0.2687  loss_sem_seg: 0.2687
2026/06/19 04:32:31 - mmengine - INFO - Epoch(train) [24][1550/1671]  lr: 8.0000e-03  eta: 0:44:42  time: 0.1319  data_time: 0.0035  memory: 2259  grad_norm: 0.2411  loss: 0.2560  loss_sem_seg: 0.2560
2026/06/19 04:32:33 - mmengine - INFO - Exp name: minkunet34_w32_minkowski_geometry_kitti_box_seg_20260619_025828
2026/06/19 04:32:38 - mmengine - INFO - Epoch(train) [24][1600/1671]  lr: 8.0000e-03  eta: 0:44:35  time: 0.1319  data_time: 0.0032  memory: 2256  grad_norm: 0.2526  loss: 0.2409  loss_sem_seg: 0.2409
2026/06/19 04:32:45 - mmengine - INFO - Epoch(train) [24][1650/1671]  lr: 8.0000e-03  eta: 0:44:28  time: 0.1354  data_time: 0.0035  memory: 2237  grad_norm: 0.3205  loss: 0.2593  loss_sem_seg: 0.2593
2026/06/19 04:32:47 - mmengine - INFO - Exp name: minkunet34_w32_minkowski_geometry_kitti_box_seg_20260619_025828
2026/06/19 04:32:47 - mmengine - INFO - Saving checkpoint at 24 epochs
2026/06/19 04:32:50 - mmengine - INFO - Epoch(val) [24][ 50/371]    eta: 0:00:09  time: 0.0283  data_time: 0.0028  memory: 2122  
2026/06/19 04:32:52 - mmengine - INFO - Epoch(val) [24][100/371]    eta: 0:00:07  time: 0.0277  data_time: 0.0024  memory: 685  
2026/06/19 04:32:53 - mmengine - INFO - Epoch(val) [24][150/371]    eta: 0:00:06  time: 0.0291  data_time: 0.0028  memory: 682  
2026/06/19 04:32:55 - mmengine - INFO - Epoch(val) [24][200/371]    eta: 0:00:04  time: 0.0283  data_time: 0.0025  memory: 683  
2026/06/19 04:32:56 - mmengine - INFO - Epoch(val) [24][250/371]    eta: 0:00:03  time: 0.0282  data_time: 0.0023  memory: 677  
2026/06/19 04:32:57 - mmengine - INFO - Epoch(val) [24][300/371]    eta: 0:00:02  time: 0.0282  data_time: 0.0023  memory: 684  
2026/06/19 04:32:59 - mmengine - INFO - Epoch(val) [24][350/371]    eta: 0:00:00  time: 0.0270  data_time: 0.0022  memory: 684  
2026/06/19 04:32:59 - mmengine - INFO - 
+---------+------------+------------+--------+--------+---------+
| classes | background | foreground | miou   | acc    | acc_cls |
+---------+------------+------------+--------+--------+---------+
| results | 0.9380     | 0.4765     | 0.7072 | 0.9413 | 0.8985  |
+---------+------------+------------+--------+--------+---------+
2026/06/19 04:32:59 - mmengine - INFO - Epoch(val) [24][371/371]    background: 0.9380  foreground: 0.4765  miou: 0.7072  acc: 0.9413  acc_cls: 0.8985  data_time: 0.0025  time: 0.0281
2026/06/19 04:33:06 - mmengine - INFO - Epoch(train) [25][  50/1671]  lr: 8.0000e-04  eta: 0:44:19  time: 0.1319  data_time: 0.0032  memory: 2242  grad_norm: 0.2159  loss: 0.2442  loss_sem_seg: 0.2442
2026/06/19 04:33:13 - mmengine - INFO - Epoch(train) [25][ 100/1671]  lr: 8.0000e-04  eta: 0:44:12  time: 0.1322  data_time: 0.0033  memory: 2213  grad_norm: 0.2147  loss: 0.2465  loss_sem_seg: 0.2465
2026/06/19 04:33:19 - mmengine - INFO - Epoch(train) [25][ 150/1671]  lr: 8.0000e-04  eta: 0:44:05  time: 0.1298  data_time: 0.0031  memory: 2209  grad_norm: 0.2095  loss: 0.2253  loss_sem_seg: 0.2253
2026/06/19 04:33:26 - mmengine - INFO - Epoch(train) [25][ 200/1671]  lr: 8.0000e-04  eta: 0:43:59  time: 0.1303  data_time: 0.0031  memory: 2313  grad_norm: 0.2072  loss: 0.2208  loss_sem_seg: 0.2208
2026/06/19 04:33:32 - mmengine - INFO - Epoch(train) [25][ 250/1671]  lr: 8.0000e-04  eta: 0:43:52  time: 0.1317  data_time: 0.0034  memory: 2284  grad_norm: 0.2351  loss: 0.2406  loss_sem_seg: 0.2406
2026/06/19 04:33:39 - mmengine - INFO - Epoch(train) [25][ 300/1671]  lr: 8.0000e-04  eta: 0:43:45  time: 0.1337  data_time: 0.0032  memory: 2404  grad_norm: 0.1968  loss: 0.2338  loss_sem_seg: 0.2338
2026/06/19 04:33:45 - mmengine - INFO - Epoch(train) [25][ 350/1671]  lr: 8.0000e-04  eta: 0:43:39  time: 0.1305  data_time: 0.0033  memory: 2166  grad_norm: 0.2170  loss: 0.2212  loss_sem_seg: 0.2212
2026/06/19 04:33:52 - mmengine - INFO - Epoch(train) [25][ 400/1671]  lr: 8.0000e-04  eta: 0:43:32  time: 0.1321  data_time: 0.0032  memory: 2308  grad_norm: 0.2101  loss: 0.2331  loss_sem_seg: 0.2331
2026/06/19 04:33:59 - mmengine - INFO - Epoch(train) [25][ 450/1671]  lr: 8.0000e-04  eta: 0:43:25  time: 0.1314  data_time: 0.0032  memory: 2263  grad_norm: 0.2175  loss: 0.2269  loss_sem_seg: 0.2269
2026/06/19 04:34:05 - mmengine - INFO - Epoch(train) [25][ 500/1671]  lr: 8.0000e-04  eta: 0:43:19  time: 0.1344  data_time: 0.0039  memory: 2230  grad_norm: 0.1807  loss: 0.2104  loss_sem_seg: 0.2104
2026/06/19 04:34:12 - mmengine - INFO - Epoch(train) [25][ 550/1671]  lr: 8.0000e-04  eta: 0:43:12  time: 0.1345  data_time: 0.0036  memory: 2292  grad_norm: 0.1794  loss: 0.1939  loss_sem_seg: 0.1939
2026/06/19 04:34:19 - mmengine - INFO - Epoch(train) [25][ 600/1671]  lr: 8.0000e-04  eta: 0:43:05  time: 0.1326  data_time: 0.0033  memory: 2225  grad_norm: 0.2369  loss: 0.2187  loss_sem_seg: 0.2187
2026/06/19 04:34:25 - mmengine - INFO - Epoch(train) [25][ 650/1671]  lr: 8.0000e-04  eta: 0:42:59  time: 0.1310  data_time: 0.0034  memory: 2226  grad_norm: 0.2080  loss: 0.2258  loss_sem_seg: 0.2258
2026/06/19 04:34:32 - mmengine - INFO - Epoch(train) [25][ 700/1671]  lr: 8.0000e-04  eta: 0:42:52  time: 0.1292  data_time: 0.0035  memory: 2240  grad_norm: 0.1982  loss: 0.2252  loss_sem_seg: 0.2252
2026/06/19 04:34:38 - mmengine - INFO - Epoch(train) [25][ 750/1671]  lr: 8.0000e-04  eta: 0:42:45  time: 0.1303  data_time: 0.0031  memory: 2240  grad_norm: 0.2199  loss: 0.2463  loss_sem_seg: 0.2463
2026/06/19 04:34:45 - mmengine - INFO - Epoch(train) [25][ 800/1671]  lr: 8.0000e-04  eta: 0:42:39  time: 0.1315  data_time: 0.0031  memory: 2212  grad_norm: 0.2170  loss: 0.2177  loss_sem_seg: 0.2177
2026/06/19 04:34:51 - mmengine - INFO - Epoch(train) [25][ 850/1671]  lr: 8.0000e-04  eta: 0:42:32  time: 0.1323  data_time: 0.0033  memory: 2271  grad_norm: 0.2264  loss: 0.2372  loss_sem_seg: 0.2372
2026/06/19 04:34:57 - mmengine - INFO - Exp name: minkunet34_w32_minkowski_geometry_kitti_box_seg_20260619_025828
2026/06/19 04:34:58 - mmengine - INFO - Epoch(train) [25][ 900/1671]  lr: 8.0000e-04  eta: 0:42:25  time: 0.1301  data_time: 0.0034  memory: 2244  grad_norm: 0.2028  loss: 0.2220  loss_sem_seg: 0.2220
2026/06/19 04:35:05 - mmengine - INFO - Epoch(train) [25][ 950/1671]  lr: 8.0000e-04  eta: 0:42:19  time: 0.1318  data_time: 0.0033  memory: 2297  grad_norm: 0.2185  loss: 0.2351  loss_sem_seg: 0.2351
2026/06/19 04:35:11 - mmengine - INFO - Epoch(train) [25][1000/1671]  lr: 8.0000e-04  eta: 0:42:12  time: 0.1319  data_time: 0.0034  memory: 2314  grad_norm: 0.2378  loss: 0.2313  loss_sem_seg: 0.2313
2026/06/19 04:35:18 - mmengine - INFO - Epoch(train) [25][1050/1671]  lr: 8.0000e-04  eta: 0:42:05  time: 0.1318  data_time: 0.0037  memory: 2198  grad_norm: 0.1770  loss: 0.2061  loss_sem_seg: 0.2061
2026/06/19 04:35:24 - mmengine - INFO - Epoch(train) [25][1100/1671]  lr: 8.0000e-04  eta: 0:41:58  time: 0.1295  data_time: 0.0031  memory: 2250  grad_norm: 0.2137  loss: 0.2264  loss_sem_seg: 0.2264
2026/06/19 04:35:31 - mmengine - INFO - Epoch(train) [25][1150/1671]  lr: 8.0000e-04  eta: 0:41:52  time: 0.1328  data_time: 0.0033  memory: 2218  grad_norm: 0.1778  loss: 0.1996  loss_sem_seg: 0.1996
2026/06/19 04:35:38 - mmengine - INFO - Epoch(train) [25][1200/1671]  lr: 8.0000e-04  eta: 0:41:45  time: 0.1350  data_time: 0.0033  memory: 2318  grad_norm: 0.1917  loss: 0.2063  loss_sem_seg: 0.2063
2026/06/19 04:35:44 - mmengine - INFO - Epoch(train) [25][1250/1671]  lr: 8.0000e-04  eta: 0:41:39  time: 0.1309  data_time: 0.0032  memory: 2284  grad_norm: 0.2008  loss: 0.2183  loss_sem_seg: 0.2183
2026/06/19 04:35:51 - mmengine - INFO - Epoch(train) [25][1300/1671]  lr: 8.0000e-04  eta: 0:41:32  time: 0.1318  data_time: 0.0033  memory: 2202  grad_norm: 0.2338  loss: 0.2367  loss_sem_seg: 0.2367
2026/06/19 04:35:58 - mmengine - INFO - Epoch(train) [25][1350/1671]  lr: 8.0000e-04  eta: 0:41:25  time: 0.1357  data_time: 0.0033  memory: 2208  grad_norm: 0.1983  loss: 0.2103  loss_sem_seg: 0.2103
2026/06/19 04:36:04 - mmengine - INFO - Epoch(train) [25][1400/1671]  lr: 8.0000e-04  eta: 0:41:19  time: 0.1343  data_time: 0.0034  memory: 2223  grad_norm: 0.1929  loss: 0.2151  loss_sem_seg: 0.2151
2026/06/19 04:36:11 - mmengine - INFO - Epoch(train) [25][1450/1671]  lr: 8.0000e-04  eta: 0:41:12  time: 0.1314  data_time: 0.0034  memory: 2280  grad_norm: 0.2005  loss: 0.2278  loss_sem_seg: 0.2278
2026/06/19 04:36:17 - mmengine - INFO - Epoch(train) [25][1500/1671]  lr: 8.0000e-04  eta: 0:41:05  time: 0.1290  data_time: 0.0032  memory: 2267  grad_norm: 0.1945  loss: 0.2033  loss_sem_seg: 0.2033
2026/06/19 04:36:24 - mmengine - INFO - Epoch(train) [25][1550/1671]  lr: 8.0000e-04  eta: 0:40:59  time: 0.1355  data_time: 0.0032  memory: 2302  grad_norm: 0.2348  loss: 0.2283  loss_sem_seg: 0.2283
2026/06/19 04:36:31 - mmengine - INFO - Epoch(train) [25][1600/1671]  lr: 8.0000e-04  eta: 0:40:52  time: 0.1332  data_time: 0.0032  memory: 2230  grad_norm: 0.2147  loss: 0.2207  loss_sem_seg: 0.2207
2026/06/19 04:36:37 - mmengine - INFO - Epoch(train) [25][1650/1671]  lr: 8.0000e-04  eta: 0:40:45  time: 0.1299  data_time: 0.0033  memory: 2173  grad_norm: 0.2320  loss: 0.2535  loss_sem_seg: 0.2535
2026/06/19 04:36:40 - mmengine - INFO - Exp name: minkunet34_w32_minkowski_geometry_kitti_box_seg_20260619_025828
2026/06/19 04:36:40 - mmengine - INFO - Saving checkpoint at 25 epochs
2026/06/19 04:36:43 - mmengine - INFO - Epoch(val) [25][ 50/371]    eta: 0:00:09  time: 0.0288  data_time: 0.0026  memory: 2100  
2026/06/19 04:36:44 - mmengine - INFO - Epoch(val) [25][100/371]    eta: 0:00:07  time: 0.0284  data_time: 0.0028  memory: 685  
2026/06/19 04:36:46 - mmengine - INFO - Epoch(val) [25][150/371]    eta: 0:00:06  time: 0.0285  data_time: 0.0026  memory: 682  
2026/06/19 04:36:47 - mmengine - INFO - Epoch(val) [25][200/371]    eta: 0:00:04  time: 0.0273  data_time: 0.0023  memory: 683  
2026/06/19 04:36:48 - mmengine - INFO - Epoch(val) [25][250/371]    eta: 0:00:03  time: 0.0275  data_time: 0.0024  memory: 677  
2026/06/19 04:36:50 - mmengine - INFO - Epoch(val) [25][300/371]    eta: 0:00:01  time: 0.0284  data_time: 0.0026  memory: 684  
2026/06/19 04:36:51 - mmengine - INFO - Epoch(val) [25][350/371]    eta: 0:00:00  time: 0.0281  data_time: 0.0025  memory: 684  
2026/06/19 04:36:52 - mmengine - INFO - 
+---------+------------+------------+--------+--------+---------+
| classes | background | foreground | miou   | acc    | acc_cls |
+---------+------------+------------+--------+--------+---------+
| results | 0.9319     | 0.4655     | 0.6987 | 0.9357 | 0.9146  |
+---------+------------+------------+--------+--------+---------+
2026/06/19 04:36:52 - mmengine - INFO - Epoch(val) [25][371/371]    background: 0.9319  foreground: 0.4655  miou: 0.6987  acc: 0.9357  acc_cls: 0.9146  data_time: 0.0025  time: 0.0280
2026/06/19 04:36:58 - mmengine - INFO - Epoch(train) [26][  50/1671]  lr: 8.0000e-04  eta: 0:40:36  time: 0.1315  data_time: 0.0037  memory: 2265  grad_norm: 0.2393  loss: 0.2248  loss_sem_seg: 0.2248
2026/06/19 04:37:05 - mmengine - INFO - Epoch(train) [26][ 100/1671]  lr: 8.0000e-04  eta: 0:40:29  time: 0.1312  data_time: 0.0033  memory: 2149  grad_norm: 0.2321  loss: 0.2277  loss_sem_seg: 0.2277
2026/06/19 04:37:11 - mmengine - INFO - Epoch(train) [26][ 150/1671]  lr: 8.0000e-04  eta: 0:40:22  time: 0.1292  data_time: 0.0031  memory: 2191  grad_norm: 0.1941  loss: 0.2082  loss_sem_seg: 0.2082
2026/06/19 04:37:18 - mmengine - INFO - Epoch(train) [26][ 200/1671]  lr: 8.0000e-04  eta: 0:40:16  time: 0.1330  data_time: 0.0034  memory: 2324  grad_norm: 0.2329  loss: 0.2287  loss_sem_seg: 0.2287
2026/06/19 04:37:21 - mmengine - INFO - Exp name: minkunet34_w32_minkowski_geometry_kitti_box_seg_20260619_025828
2026/06/19 04:37:25 - mmengine - INFO - Epoch(train) [26][ 250/1671]  lr: 8.0000e-04  eta: 0:40:09  time: 0.1313  data_time: 0.0031  memory: 2333  grad_norm: 0.2246  loss: 0.2147  loss_sem_seg: 0.2147
2026/06/19 04:37:31 - mmengine - INFO - Epoch(train) [26][ 300/1671]  lr: 8.0000e-04  eta: 0:40:02  time: 0.1330  data_time: 0.0033  memory: 2220  grad_norm: 0.1709  loss: 0.2009  loss_sem_seg: 0.2009
2026/06/19 04:37:38 - mmengine - INFO - Epoch(train) [26][ 350/1671]  lr: 8.0000e-04  eta: 0:39:56  time: 0.1308  data_time: 0.0036  memory: 2250  grad_norm: 0.2391  loss: 0.2446  loss_sem_seg: 0.2446
2026/06/19 04:37:45 - mmengine - INFO - Epoch(train) [26][ 400/1671]  lr: 8.0000e-04  eta: 0:39:49  time: 0.1333  data_time: 0.0035  memory: 2206  grad_norm: 0.1763  loss: 0.2084  loss_sem_seg: 0.2084
2026/06/19 04:37:51 - mmengine - INFO - Epoch(train) [26][ 450/1671]  lr: 8.0000e-04  eta: 0:39:42  time: 0.1321  data_time: 0.0033  memory: 2212  grad_norm: 0.2115  loss: 0.2342  loss_sem_seg: 0.2342
2026/06/19 04:37:58 - mmengine - INFO - Epoch(train) [26][ 500/1671]  lr: 8.0000e-04  eta: 0:39:36  time: 0.1298  data_time: 0.0031  memory: 2255  grad_norm: 0.2007  loss: 0.2156  loss_sem_seg: 0.2156
2026/06/19 04:38:04 - mmengine - INFO - Epoch(train) [26][ 550/1671]  lr: 8.0000e-04  eta: 0:39:29  time: 0.1322  data_time: 0.0034  memory: 2291  grad_norm: 0.1667  loss: 0.1815  loss_sem_seg: 0.1815
2026/06/19 04:38:11 - mmengine - INFO - Epoch(train) [26][ 600/1671]  lr: 8.0000e-04  eta: 0:39:22  time: 0.1310  data_time: 0.0033  memory: 2292  grad_norm: 0.2050  loss: 0.2324  loss_sem_seg: 0.2324
2026/06/19 04:38:17 - mmengine - INFO - Epoch(train) [26][ 650/1671]  lr: 8.0000e-04  eta: 0:39:16  time: 0.1311  data_time: 0.0032  memory: 2279  grad_norm: 0.2047  loss: 0.1934  loss_sem_seg: 0.1934
2026/06/19 04:38:24 - mmengine - INFO - Epoch(train) [26][ 700/1671]  lr: 8.0000e-04  eta: 0:39:09  time: 0.1298  data_time: 0.0031  memory: 2287  grad_norm: 0.2215  loss: 0.2156  loss_sem_seg: 0.2156
2026/06/19 04:38:30 - mmengine - INFO - Epoch(train) [26][ 750/1671]  lr: 8.0000e-04  eta: 0:39:02  time: 0.1307  data_time: 0.0034  memory: 2323  grad_norm: 0.2118  loss: 0.2233  loss_sem_seg: 0.2233
2026/06/19 04:38:37 - mmengine - INFO - Epoch(train) [26][ 800/1671]  lr: 8.0000e-04  eta: 0:38:56  time: 0.1300  data_time: 0.0034  memory: 2287  grad_norm: 0.2059  loss: 0.2247  loss_sem_seg: 0.2247
2026/06/19 04:38:43 - mmengine - INFO - Epoch(train) [26][ 850/1671]  lr: 8.0000e-04  eta: 0:38:49  time: 0.1316  data_time: 0.0033  memory: 2254  grad_norm: 0.2021  loss: 0.2005  loss_sem_seg: 0.2005
2026/06/19 04:38:50 - mmengine - INFO - Epoch(train) [26][ 900/1671]  lr: 8.0000e-04  eta: 0:38:42  time: 0.1291  data_time: 0.0031  memory: 2288  grad_norm: 0.1891  loss: 0.2094  loss_sem_seg: 0.2094
2026/06/19 04:38:57 - mmengine - INFO - Epoch(train) [26][ 950/1671]  lr: 8.0000e-04  eta: 0:38:36  time: 0.1315  data_time: 0.0037  memory: 2280  grad_norm: 0.1687  loss: 0.1773  loss_sem_seg: 0.1773
2026/06/19 04:39:03 - mmengine - INFO - Epoch(train) [26][1000/1671]  lr: 8.0000e-04  eta: 0:38:29  time: 0.1302  data_time: 0.0032  memory: 2280  grad_norm: 0.2310  loss: 0.2300  loss_sem_seg: 0.2300
2026/06/19 04:39:10 - mmengine - INFO - Epoch(train) [26][1050/1671]  lr: 8.0000e-04  eta: 0:38:22  time: 0.1326  data_time: 0.0032  memory: 2261  grad_norm: 0.1744  loss: 0.1745  loss_sem_seg: 0.1745
2026/06/19 04:39:16 - mmengine - INFO - Epoch(train) [26][1100/1671]  lr: 8.0000e-04  eta: 0:38:16  time: 0.1328  data_time: 0.0033  memory: 2210  grad_norm: 0.2199  loss: 0.2102  loss_sem_seg: 0.2102
2026/06/19 04:39:23 - mmengine - INFO - Epoch(train) [26][1150/1671]  lr: 8.0000e-04  eta: 0:38:09  time: 0.1296  data_time: 0.0030  memory: 2279  grad_norm: 0.1981  loss: 0.2091  loss_sem_seg: 0.2091
2026/06/19 04:39:29 - mmengine - INFO - Epoch(train) [26][1200/1671]  lr: 8.0000e-04  eta: 0:38:02  time: 0.1303  data_time: 0.0033  memory: 2292  grad_norm: 0.1956  loss: 0.2027  loss_sem_seg: 0.2027
2026/06/19 04:39:33 - mmengine - INFO - Exp name: minkunet34_w32_minkowski_geometry_kitti_box_seg_20260619_025828
2026/06/19 04:39:36 - mmengine - INFO - Epoch(train) [26][1250/1671]  lr: 8.0000e-04  eta: 0:37:55  time: 0.1305  data_time: 0.0032  memory: 2140  grad_norm: 0.2035  loss: 0.2136  loss_sem_seg: 0.2136
2026/06/19 04:39:42 - mmengine - INFO - Epoch(train) [26][1300/1671]  lr: 8.0000e-04  eta: 0:37:49  time: 0.1304  data_time: 0.0033  memory: 2299  grad_norm: 0.2254  loss: 0.2180  loss_sem_seg: 0.2180
2026/06/19 04:39:49 - mmengine - INFO - Epoch(train) [26][1350/1671]  lr: 8.0000e-04  eta: 0:37:42  time: 0.1325  data_time: 0.0034  memory: 2288  grad_norm: 0.2009  loss: 0.2121  loss_sem_seg: 0.2121
2026/06/19 04:39:56 - mmengine - INFO - Epoch(train) [26][1400/1671]  lr: 8.0000e-04  eta: 0:37:36  time: 0.1354  data_time: 0.0033  memory: 2286  grad_norm: 0.2479  loss: 0.2255  loss_sem_seg: 0.2255
2026/06/19 04:40:02 - mmengine - INFO - Epoch(train) [26][1450/1671]  lr: 8.0000e-04  eta: 0:37:29  time: 0.1336  data_time: 0.0033  memory: 2217  grad_norm: 0.2377  loss: 0.2199  loss_sem_seg: 0.2199
2026/06/19 04:40:09 - mmengine - INFO - Epoch(train) [26][1500/1671]  lr: 8.0000e-04  eta: 0:37:22  time: 0.1318  data_time: 0.0034  memory: 2306  grad_norm: 0.2492  loss: 0.2180  loss_sem_seg: 0.2180
2026/06/19 04:40:16 - mmengine - INFO - Epoch(train) [26][1550/1671]  lr: 8.0000e-04  eta: 0:37:16  time: 0.1336  data_time: 0.0030  memory: 2286  grad_norm: 0.1831  loss: 0.1942  loss_sem_seg: 0.1942
2026/06/19 04:40:22 - mmengine - INFO - Epoch(train) [26][1600/1671]  lr: 8.0000e-04  eta: 0:37:09  time: 0.1312  data_time: 0.0033  memory: 2278  grad_norm: 0.2399  loss: 0.2167  loss_sem_seg: 0.2167
2026/06/19 04:40:29 - mmengine - INFO - Epoch(train) [26][1650/1671]  lr: 8.0000e-04  eta: 0:37:02  time: 0.1307  data_time: 0.0035  memory: 2309  grad_norm: 0.1984  loss: 0.2128  loss_sem_seg: 0.2128
2026/06/19 04:40:32 - mmengine - INFO - Exp name: minkunet34_w32_minkowski_geometry_kitti_box_seg_20260619_025828
2026/06/19 04:40:32 - mmengine - INFO - Saving checkpoint at 26 epochs
2026/06/19 04:40:35 - mmengine - INFO - Epoch(val) [26][ 50/371]    eta: 0:00:08  time: 0.0273  data_time: 0.0022  memory: 2143  
2026/06/19 04:40:36 - mmengine - INFO - Epoch(val) [26][100/371]    eta: 0:00:07  time: 0.0278  data_time: 0.0025  memory: 685  
2026/06/19 04:40:37 - mmengine - INFO - Epoch(val) [26][150/371]    eta: 0:00:06  time: 0.0281  data_time: 0.0024  memory: 682  
2026/06/19 04:40:39 - mmengine - INFO - Epoch(val) [26][200/371]    eta: 0:00:04  time: 0.0284  data_time: 0.0027  memory: 683  
2026/06/19 04:40:40 - mmengine - INFO - Epoch(val) [26][250/371]    eta: 0:00:03  time: 0.0278  data_time: 0.0025  memory: 677  
2026/06/19 04:40:42 - mmengine - INFO - Epoch(val) [26][300/371]    eta: 0:00:01  time: 0.0273  data_time: 0.0024  memory: 684  
2026/06/19 04:40:43 - mmengine - INFO - Epoch(val) [26][350/371]    eta: 0:00:00  time: 0.0288  data_time: 0.0026  memory: 684  
2026/06/19 04:40:44 - mmengine - INFO - 
+---------+------------+------------+--------+--------+---------+
| classes | background | foreground | miou   | acc    | acc_cls |
+---------+------------+------------+--------+--------+---------+
| results | 0.9552     | 0.5417     | 0.7484 | 0.9575 | 0.8837  |
+---------+------------+------------+--------+--------+---------+
2026/06/19 04:40:44 - mmengine - INFO - Epoch(val) [26][371/371]    background: 0.9552  foreground: 0.5417  miou: 0.7484  acc: 0.9575  acc_cls: 0.8837  data_time: 0.0024  time: 0.0279
2026/06/19 04:40:50 - mmengine - INFO - Epoch(train) [27][  50/1671]  lr: 8.0000e-04  eta: 0:36:53  time: 0.1322  data_time: 0.0036  memory: 2251  grad_norm: 0.2402  loss: 0.2211  loss_sem_seg: 0.2211
2026/06/19 04:40:57 - mmengine - INFO - Epoch(train) [27][ 100/1671]  lr: 8.0000e-04  eta: 0:36:46  time: 0.1323  data_time: 0.0036  memory: 2389  grad_norm: 0.1844  loss: 0.2023  loss_sem_seg: 0.2023
2026/06/19 04:41:04 - mmengine - INFO - Epoch(train) [27][ 150/1671]  lr: 8.0000e-04  eta: 0:36:39  time: 0.1335  data_time: 0.0031  memory: 2296  grad_norm: 0.1935  loss: 0.2079  loss_sem_seg: 0.2079
2026/06/19 04:41:10 - mmengine - INFO - Epoch(train) [27][ 200/1671]  lr: 8.0000e-04  eta: 0:36:33  time: 0.1326  data_time: 0.0035  memory: 2302  grad_norm: 0.2008  loss: 0.1890  loss_sem_seg: 0.1890
2026/06/19 04:41:17 - mmengine - INFO - Epoch(train) [27][ 250/1671]  lr: 8.0000e-04  eta: 0:36:26  time: 0.1328  data_time: 0.0032  memory: 2275  grad_norm: 0.2177  loss: 0.2240  loss_sem_seg: 0.2240
2026/06/19 04:41:23 - mmengine - INFO - Epoch(train) [27][ 300/1671]  lr: 8.0000e-04  eta: 0:36:20  time: 0.1302  data_time: 0.0034  memory: 2221  grad_norm: 0.2229  loss: 0.2191  loss_sem_seg: 0.2191
2026/06/19 04:41:30 - mmengine - INFO - Epoch(train) [27][ 350/1671]  lr: 8.0000e-04  eta: 0:36:13  time: 0.1348  data_time: 0.0039  memory: 2191  grad_norm: 0.2139  loss: 0.2045  loss_sem_seg: 0.2045
2026/06/19 04:41:37 - mmengine - INFO - Epoch(train) [27][ 400/1671]  lr: 8.0000e-04  eta: 0:36:06  time: 0.1309  data_time: 0.0032  memory: 2270  grad_norm: 0.2281  loss: 0.2118  loss_sem_seg: 0.2118
2026/06/19 04:41:44 - mmengine - INFO - Epoch(train) [27][ 450/1671]  lr: 8.0000e-04  eta: 0:36:00  time: 0.1372  data_time: 0.0037  memory: 2221  grad_norm: 0.2579  loss: 0.2282  loss_sem_seg: 0.2282
2026/06/19 04:41:50 - mmengine - INFO - Epoch(train) [27][ 500/1671]  lr: 8.0000e-04  eta: 0:35:53  time: 0.1300  data_time: 0.0034  memory: 2275  grad_norm: 0.2163  loss: 0.2175  loss_sem_seg: 0.2175
2026/06/19 04:41:57 - mmengine - INFO - Epoch(train) [27][ 550/1671]  lr: 8.0000e-04  eta: 0:35:46  time: 0.1322  data_time: 0.0033  memory: 2239  grad_norm: 0.2057  loss: 0.2127  loss_sem_seg: 0.2127
2026/06/19 04:41:57 - mmengine - INFO - Exp name: minkunet34_w32_minkowski_geometry_kitti_box_seg_20260619_025828
2026/06/19 04:42:03 - mmengine - INFO - Epoch(train) [27][ 600/1671]  lr: 8.0000e-04  eta: 0:35:40  time: 0.1315  data_time: 0.0032  memory: 2182  grad_norm: 0.2101  loss: 0.2198  loss_sem_seg: 0.2198
2026/06/19 04:42:10 - mmengine - INFO - Epoch(train) [27][ 650/1671]  lr: 8.0000e-04  eta: 0:35:33  time: 0.1310  data_time: 0.0035  memory: 2219  grad_norm: 0.2332  loss: 0.2187  loss_sem_seg: 0.2187
2026/06/19 04:42:16 - mmengine - INFO - Epoch(train) [27][ 700/1671]  lr: 8.0000e-04  eta: 0:35:26  time: 0.1313  data_time: 0.0031  memory: 2218  grad_norm: 0.1955  loss: 0.1934  loss_sem_seg: 0.1934
2026/06/19 04:42:23 - mmengine - INFO - Epoch(train) [27][ 750/1671]  lr: 8.0000e-04  eta: 0:35:20  time: 0.1336  data_time: 0.0035  memory: 2277  grad_norm: 0.1960  loss: 0.1912  loss_sem_seg: 0.1912
2026/06/19 04:42:30 - mmengine - INFO - Epoch(train) [27][ 800/1671]  lr: 8.0000e-04  eta: 0:35:13  time: 0.1320  data_time: 0.0031  memory: 2219  grad_norm: 0.2500  loss: 0.2255  loss_sem_seg: 0.2255
2026/06/19 04:42:36 - mmengine - INFO - Epoch(train) [27][ 850/1671]  lr: 8.0000e-04  eta: 0:35:06  time: 0.1311  data_time: 0.0032  memory: 2170  grad_norm: 0.2101  loss: 0.2234  loss_sem_seg: 0.2234
2026/06/19 04:42:43 - mmengine - INFO - Epoch(train) [27][ 900/1671]  lr: 8.0000e-04  eta: 0:35:00  time: 0.1320  data_time: 0.0034  memory: 2217  grad_norm: 0.1756  loss: 0.1881  loss_sem_seg: 0.1881
2026/06/19 04:42:49 - mmengine - INFO - Epoch(train) [27][ 950/1671]  lr: 8.0000e-04  eta: 0:34:53  time: 0.1291  data_time: 0.0034  memory: 2155  grad_norm: 0.2181  loss: 0.2150  loss_sem_seg: 0.2150
2026/06/19 04:42:56 - mmengine - INFO - Epoch(train) [27][1000/1671]  lr: 8.0000e-04  eta: 0:34:46  time: 0.1306  data_time: 0.0033  memory: 2309  grad_norm: 0.2248  loss: 0.2195  loss_sem_seg: 0.2195
2026/06/19 04:43:03 - mmengine - INFO - Epoch(train) [27][1050/1671]  lr: 8.0000e-04  eta: 0:34:40  time: 0.1354  data_time: 0.0034  memory: 2303  grad_norm: 0.2205  loss: 0.1890  loss_sem_seg: 0.1890
2026/06/19 04:43:09 - mmengine - INFO - Epoch(train) [27][1100/1671]  lr: 8.0000e-04  eta: 0:34:33  time: 0.1332  data_time: 0.0034  memory: 2219  grad_norm: 0.1886  loss: 0.1928  loss_sem_seg: 0.1928
2026/06/19 04:43:16 - mmengine - INFO - Epoch(train) [27][1150/1671]  lr: 8.0000e-04  eta: 0:34:26  time: 0.1323  data_time: 0.0032  memory: 2250  grad_norm: 0.2419  loss: 0.2304  loss_sem_seg: 0.2304
2026/06/19 04:43:22 - mmengine - INFO - Epoch(train) [27][1200/1671]  lr: 8.0000e-04  eta: 0:34:20  time: 0.1289  data_time: 0.0031  memory: 2165  grad_norm: 0.1974  loss: 0.2011  loss_sem_seg: 0.2011
2026/06/19 04:43:29 - mmengine - INFO - Epoch(train) [27][1250/1671]  lr: 8.0000e-04  eta: 0:34:13  time: 0.1319  data_time: 0.0033  memory: 2290  grad_norm: 0.2119  loss: 0.1858  loss_sem_seg: 0.1858
2026/06/19 04:43:36 - mmengine - INFO - Epoch(train) [27][1300/1671]  lr: 8.0000e-04  eta: 0:34:06  time: 0.1324  data_time: 0.0035  memory: 2275  grad_norm: 0.1822  loss: 0.1889  loss_sem_seg: 0.1889
2026/06/19 04:43:42 - mmengine - INFO - Epoch(train) [27][1350/1671]  lr: 8.0000e-04  eta: 0:34:00  time: 0.1321  data_time: 0.0030  memory: 2293  grad_norm: 0.2429  loss: 0.2213  loss_sem_seg: 0.2213
2026/06/19 04:43:49 - mmengine - INFO - Epoch(train) [27][1400/1671]  lr: 8.0000e-04  eta: 0:33:53  time: 0.1315  data_time: 0.0033  memory: 2145  grad_norm: 0.2109  loss: 0.2036  loss_sem_seg: 0.2036
2026/06/19 04:43:55 - mmengine - INFO - Epoch(train) [27][1450/1671]  lr: 8.0000e-04  eta: 0:33:46  time: 0.1283  data_time: 0.0031  memory: 2283  grad_norm: 0.2335  loss: 0.2290  loss_sem_seg: 0.2290
2026/06/19 04:44:02 - mmengine - INFO - Epoch(train) [27][1500/1671]  lr: 8.0000e-04  eta: 0:33:40  time: 0.1334  data_time: 0.0033  memory: 2181  grad_norm: 0.2032  loss: 0.2055  loss_sem_seg: 0.2055
2026/06/19 04:44:08 - mmengine - INFO - Epoch(train) [27][1550/1671]  lr: 8.0000e-04  eta: 0:33:33  time: 0.1303  data_time: 0.0031  memory: 2185  grad_norm: 0.2011  loss: 0.1813  loss_sem_seg: 0.1813
2026/06/19 04:44:09 - mmengine - INFO - Exp name: minkunet34_w32_minkowski_geometry_kitti_box_seg_20260619_025828
2026/06/19 04:44:15 - mmengine - INFO - Epoch(train) [27][1600/1671]  lr: 8.0000e-04  eta: 0:33:26  time: 0.1305  data_time: 0.0032  memory: 2192  grad_norm: 0.2074  loss: 0.2001  loss_sem_seg: 0.2001
2026/06/19 04:44:21 - mmengine - INFO - Epoch(train) [27][1650/1671]  lr: 8.0000e-04  eta: 0:33:20  time: 0.1302  data_time: 0.0032  memory: 2310  grad_norm: 0.1999  loss: 0.2139  loss_sem_seg: 0.2139
2026/06/19 04:44:24 - mmengine - INFO - Exp name: minkunet34_w32_minkowski_geometry_kitti_box_seg_20260619_025828
2026/06/19 04:44:24 - mmengine - INFO - Saving checkpoint at 27 epochs
2026/06/19 04:44:27 - mmengine - INFO - Epoch(val) [27][ 50/371]    eta: 0:00:08  time: 0.0280  data_time: 0.0026  memory: 2063  
2026/06/19 04:44:28 - mmengine - INFO - Epoch(val) [27][100/371]    eta: 0:00:07  time: 0.0274  data_time: 0.0025  memory: 685  
2026/06/19 04:44:30 - mmengine - INFO - Epoch(val) [27][150/371]    eta: 0:00:06  time: 0.0280  data_time: 0.0024  memory: 682  
2026/06/19 04:44:31 - mmengine - INFO - Epoch(val) [27][200/371]    eta: 0:00:04  time: 0.0271  data_time: 0.0023  memory: 683  
2026/06/19 04:44:33 - mmengine - INFO - Epoch(val) [27][250/371]    eta: 0:00:03  time: 0.0275  data_time: 0.0024  memory: 677  
2026/06/19 04:44:34 - mmengine - INFO - Epoch(val) [27][300/371]    eta: 0:00:01  time: 0.0280  data_time: 0.0024  memory: 684  
2026/06/19 04:44:35 - mmengine - INFO - Epoch(val) [27][350/371]    eta: 0:00:00  time: 0.0282  data_time: 0.0027  memory: 684  
2026/06/19 04:44:36 - mmengine - INFO - 
+---------+------------+------------+--------+--------+---------+
| classes | background | foreground | miou   | acc    | acc_cls |
+---------+------------+------------+--------+--------+---------+
| results | 0.9627     | 0.5881     | 0.7754 | 0.9646 | 0.8899  |
+---------+------------+------------+--------+--------+---------+
2026/06/19 04:44:36 - mmengine - INFO - Epoch(val) [27][371/371]    background: 0.9627  foreground: 0.5881  miou: 0.7754  acc: 0.9646  acc_cls: 0.8899  data_time: 0.0025  time: 0.0278
2026/06/19 04:44:36 - mmengine - INFO - The previous best checkpoint /public/DATA/sm/RACO-LPCC/mmdetection3d/work_dirs/minkunet_kitti_fov_box_seg_geometry/best_foreground_epoch_16.pth is removed
2026/06/19 04:44:37 - mmengine - INFO - The best checkpoint with 0.5881 foreground at 27 epoch is saved to best_foreground_epoch_27.pth.
2026/06/19 04:44:48 - mmengine - INFO - Epoch(train) [28][  50/1671]  lr: 8.0000e-04  eta: 0:33:10  time: 0.1315  data_time: 0.0036  memory: 2232  grad_norm: 0.1794  loss: 0.1915  loss_sem_seg: 0.1915
2026/06/19 04:44:55 - mmengine - INFO - Epoch(train) [28][ 100/1671]  lr: 8.0000e-04  eta: 0:33:04  time: 0.1306  data_time: 0.0033  memory: 2250  grad_norm: 0.2666  loss: 0.2287  loss_sem_seg: 0.2287
2026/06/19 04:45:01 - mmengine - INFO - Epoch(train) [28][ 150/1671]  lr: 8.0000e-04  eta: 0:32:57  time: 0.1322  data_time: 0.0032  memory: 2252  grad_norm: 0.1909  loss: 0.1822  loss_sem_seg: 0.1822
2026/06/19 04:45:08 - mmengine - INFO - Epoch(train) [28][ 200/1671]  lr: 8.0000e-04  eta: 0:32:50  time: 0.1307  data_time: 0.0033  memory: 2287  grad_norm: 0.2141  loss: 0.2167  loss_sem_seg: 0.2167
2026/06/19 04:45:14 - mmengine - INFO - Epoch(train) [28][ 250/1671]  lr: 8.0000e-04  eta: 0:32:44  time: 0.1341  data_time: 0.0033  memory: 2283  grad_norm: 0.2107  loss: 0.2180  loss_sem_seg: 0.2180
2026/06/19 04:45:21 - mmengine - INFO - Epoch(train) [28][ 300/1671]  lr: 8.0000e-04  eta: 0:32:37  time: 0.1309  data_time: 0.0031  memory: 2268  grad_norm: 0.1985  loss: 0.2049  loss_sem_seg: 0.2049
2026/06/19 04:45:28 - mmengine - INFO - Epoch(train) [28][ 350/1671]  lr: 8.0000e-04  eta: 0:32:30  time: 0.1352  data_time: 0.0035  memory: 2211  grad_norm: 0.2124  loss: 0.1978  loss_sem_seg: 0.1978
2026/06/19 04:45:34 - mmengine - INFO - Epoch(train) [28][ 400/1671]  lr: 8.0000e-04  eta: 0:32:24  time: 0.1300  data_time: 0.0032  memory: 2223  grad_norm: 0.1989  loss: 0.1827  loss_sem_seg: 0.1827
2026/06/19 04:45:41 - mmengine - INFO - Epoch(train) [28][ 450/1671]  lr: 8.0000e-04  eta: 0:32:17  time: 0.1309  data_time: 0.0032  memory: 2276  grad_norm: 0.2237  loss: 0.1982  loss_sem_seg: 0.1982
2026/06/19 04:45:48 - mmengine - INFO - Epoch(train) [28][ 500/1671]  lr: 8.0000e-04  eta: 0:32:10  time: 0.1339  data_time: 0.0035  memory: 2300  grad_norm: 0.1925  loss: 0.1950  loss_sem_seg: 0.1950
2026/06/19 04:45:54 - mmengine - INFO - Epoch(train) [28][ 550/1671]  lr: 8.0000e-04  eta: 0:32:04  time: 0.1323  data_time: 0.0033  memory: 2267  grad_norm: 0.2123  loss: 0.2056  loss_sem_seg: 0.2056
2026/06/19 04:46:01 - mmengine - INFO - Epoch(train) [28][ 600/1671]  lr: 8.0000e-04  eta: 0:31:57  time: 0.1314  data_time: 0.0034  memory: 2306  grad_norm: 0.2342  loss: 0.2289  loss_sem_seg: 0.2289
2026/06/19 04:46:07 - mmengine - INFO - Epoch(train) [28][ 650/1671]  lr: 8.0000e-04  eta: 0:31:50  time: 0.1329  data_time: 0.0030  memory: 2255  grad_norm: 0.2084  loss: 0.1991  loss_sem_seg: 0.1991
2026/06/19 04:46:14 - mmengine - INFO - Epoch(train) [28][ 700/1671]  lr: 8.0000e-04  eta: 0:31:44  time: 0.1284  data_time: 0.0033  memory: 2151  grad_norm: 0.2690  loss: 0.2171  loss_sem_seg: 0.2171
2026/06/19 04:46:20 - mmengine - INFO - Epoch(train) [28][ 750/1671]  lr: 8.0000e-04  eta: 0:31:37  time: 0.1292  data_time: 0.0033  memory: 2232  grad_norm: 0.2332  loss: 0.2152  loss_sem_seg: 0.2152
2026/06/19 04:46:27 - mmengine - INFO - Epoch(train) [28][ 800/1671]  lr: 8.0000e-04  eta: 0:31:30  time: 0.1332  data_time: 0.0034  memory: 2295  grad_norm: 0.2171  loss: 0.2109  loss_sem_seg: 0.2109
2026/06/19 04:46:34 - mmengine - INFO - Epoch(train) [28][ 850/1671]  lr: 8.0000e-04  eta: 0:31:24  time: 0.1335  data_time: 0.0033  memory: 2329  grad_norm: 0.2206  loss: 0.2049  loss_sem_seg: 0.2049
2026/06/19 04:46:38 - mmengine - INFO - Exp name: minkunet34_w32_minkowski_geometry_kitti_box_seg_20260619_025828
2026/06/19 04:46:40 - mmengine - INFO - Epoch(train) [28][ 900/1671]  lr: 8.0000e-04  eta: 0:31:17  time: 0.1295  data_time: 0.0032  memory: 2290  grad_norm: 0.1941  loss: 0.1998  loss_sem_seg: 0.1998
2026/06/19 04:46:47 - mmengine - INFO - Epoch(train) [28][ 950/1671]  lr: 8.0000e-04  eta: 0:31:10  time: 0.1313  data_time: 0.0034  memory: 2288  grad_norm: 0.1950  loss: 0.1892  loss_sem_seg: 0.1892
2026/06/19 04:46:53 - mmengine - INFO - Epoch(train) [28][1000/1671]  lr: 8.0000e-04  eta: 0:31:04  time: 0.1308  data_time: 0.0033  memory: 2247  grad_norm: 0.1959  loss: 0.2084  loss_sem_seg: 0.2084
2026/06/19 04:47:00 - mmengine - INFO - Epoch(train) [28][1050/1671]  lr: 8.0000e-04  eta: 0:30:57  time: 0.1313  data_time: 0.0032  memory: 2302  grad_norm: 0.2423  loss: 0.2109  loss_sem_seg: 0.2109
2026/06/19 04:47:06 - mmengine - INFO - Epoch(train) [28][1100/1671]  lr: 8.0000e-04  eta: 0:30:50  time: 0.1320  data_time: 0.0033  memory: 2187  grad_norm: 0.1869  loss: 0.1969  loss_sem_seg: 0.1969
2026/06/19 04:47:13 - mmengine - INFO - Epoch(train) [28][1150/1671]  lr: 8.0000e-04  eta: 0:30:44  time: 0.1325  data_time: 0.0035  memory: 2257  grad_norm: 0.2195  loss: 0.2102  loss_sem_seg: 0.2102
2026/06/19 04:47:20 - mmengine - INFO - Epoch(train) [28][1200/1671]  lr: 8.0000e-04  eta: 0:30:37  time: 0.1315  data_time: 0.0033  memory: 2226  grad_norm: 0.2296  loss: 0.2090  loss_sem_seg: 0.2090
2026/06/19 04:47:26 - mmengine - INFO - Epoch(train) [28][1250/1671]  lr: 8.0000e-04  eta: 0:30:30  time: 0.1335  data_time: 0.0034  memory: 2309  grad_norm: 0.1949  loss: 0.2053  loss_sem_seg: 0.2053
2026/06/19 04:47:33 - mmengine - INFO - Epoch(train) [28][1300/1671]  lr: 8.0000e-04  eta: 0:30:24  time: 0.1336  data_time: 0.0032  memory: 2220  grad_norm: 0.2301  loss: 0.2344  loss_sem_seg: 0.2344
2026/06/19 04:47:40 - mmengine - INFO - Epoch(train) [28][1350/1671]  lr: 8.0000e-04  eta: 0:30:17  time: 0.1314  data_time: 0.0036  memory: 2222  grad_norm: 0.2312  loss: 0.2137  loss_sem_seg: 0.2137
2026/06/19 04:47:46 - mmengine - INFO - Epoch(train) [28][1400/1671]  lr: 8.0000e-04  eta: 0:30:11  time: 0.1328  data_time: 0.0034  memory: 2249  grad_norm: 0.1931  loss: 0.1783  loss_sem_seg: 0.1783
2026/06/19 04:47:53 - mmengine - INFO - Epoch(train) [28][1450/1671]  lr: 8.0000e-04  eta: 0:30:04  time: 0.1326  data_time: 0.0033  memory: 2300  grad_norm: 0.2191  loss: 0.1990  loss_sem_seg: 0.1990
2026/06/19 04:47:59 - mmengine - INFO - Epoch(train) [28][1500/1671]  lr: 8.0000e-04  eta: 0:29:57  time: 0.1297  data_time: 0.0033  memory: 2263  grad_norm: 0.2466  loss: 0.2044  loss_sem_seg: 0.2044
2026/06/19 04:48:06 - mmengine - INFO - Epoch(train) [28][1550/1671]  lr: 8.0000e-04  eta: 0:29:51  time: 0.1317  data_time: 0.0031  memory: 2328  grad_norm: 0.1984  loss: 0.2065  loss_sem_seg: 0.2065
2026/06/19 04:48:12 - mmengine - INFO - Epoch(train) [28][1600/1671]  lr: 8.0000e-04  eta: 0:29:44  time: 0.1292  data_time: 0.0031  memory: 2290  grad_norm: 0.2204  loss: 0.2205  loss_sem_seg: 0.2205
2026/06/19 04:48:19 - mmengine - INFO - Epoch(train) [28][1650/1671]  lr: 8.0000e-04  eta: 0:29:37  time: 0.1331  data_time: 0.0035  memory: 2281  grad_norm: 0.2130  loss: 0.2015  loss_sem_seg: 0.2015
2026/06/19 04:48:22 - mmengine - INFO - Exp name: minkunet34_w32_minkowski_geometry_kitti_box_seg_20260619_025828
2026/06/19 04:48:22 - mmengine - INFO - Saving checkpoint at 28 epochs
2026/06/19 04:48:25 - mmengine - INFO - Epoch(val) [28][ 50/371]    eta: 0:00:09  time: 0.0285  data_time: 0.0025  memory: 2214  
2026/06/19 04:48:26 - mmengine - INFO - Epoch(val) [28][100/371]    eta: 0:00:07  time: 0.0280  data_time: 0.0026  memory: 685  
2026/06/19 04:48:28 - mmengine - INFO - Epoch(val) [28][150/371]    eta: 0:00:06  time: 0.0281  data_time: 0.0022  memory: 682  
2026/06/19 04:48:29 - mmengine - INFO - Epoch(val) [28][200/371]    eta: 0:00:04  time: 0.0282  data_time: 0.0025  memory: 683  
2026/06/19 04:48:30 - mmengine - INFO - Epoch(val) [28][250/371]    eta: 0:00:03  time: 0.0285  data_time: 0.0025  memory: 677  
2026/06/19 04:48:32 - mmengine - INFO - Epoch(val) [28][300/371]    eta: 0:00:02  time: 0.0284  data_time: 0.0028  memory: 684  
2026/06/19 04:48:33 - mmengine - INFO - Epoch(val) [28][350/371]    eta: 0:00:00  time: 0.0271  data_time: 0.0025  memory: 684  
2026/06/19 04:48:34 - mmengine - INFO - 
+---------+------------+------------+--------+--------+---------+
| classes | background | foreground | miou   | acc    | acc_cls |
+---------+------------+------------+--------+--------+---------+
| results | 0.9573     | 0.5457     | 0.7515 | 0.9594 | 0.8735  |
+---------+------------+------------+--------+--------+---------+
2026/06/19 04:48:34 - mmengine - INFO - Epoch(val) [28][371/371]    background: 0.9573  foreground: 0.5457  miou: 0.7515  acc: 0.9594  acc_cls: 0.8735  data_time: 0.0025  time: 0.0281
2026/06/19 04:48:40 - mmengine - INFO - Epoch(train) [29][  50/1671]  lr: 8.0000e-04  eta: 0:29:28  time: 0.1338  data_time: 0.0035  memory: 2227  grad_norm: 0.2064  loss: 0.1824  loss_sem_seg: 0.1824
2026/06/19 04:48:47 - mmengine - INFO - Epoch(train) [29][ 100/1671]  lr: 8.0000e-04  eta: 0:29:21  time: 0.1321  data_time: 0.0034  memory: 2299  grad_norm: 0.1977  loss: 0.2047  loss_sem_seg: 0.2047
2026/06/19 04:48:54 - mmengine - INFO - Epoch(train) [29][ 150/1671]  lr: 8.0000e-04  eta: 0:29:14  time: 0.1305  data_time: 0.0032  memory: 2229  grad_norm: 0.1821  loss: 0.2037  loss_sem_seg: 0.2037
2026/06/19 04:49:00 - mmengine - INFO - Epoch(train) [29][ 200/1671]  lr: 8.0000e-04  eta: 0:29:08  time: 0.1318  data_time: 0.0036  memory: 2273  grad_norm: 0.2117  loss: 0.2033  loss_sem_seg: 0.2033
2026/06/19 04:49:02 - mmengine - INFO - Exp name: minkunet34_w32_minkowski_geometry_kitti_box_seg_20260619_025828
2026/06/19 04:49:07 - mmengine - INFO - Epoch(train) [29][ 250/1671]  lr: 8.0000e-04  eta: 0:29:01  time: 0.1320  data_time: 0.0034  memory: 2248  grad_norm: 0.2503  loss: 0.2209  loss_sem_seg: 0.2209
2026/06/19 04:49:14 - mmengine - INFO - Epoch(train) [29][ 300/1671]  lr: 8.0000e-04  eta: 0:28:55  time: 0.1341  data_time: 0.0032  memory: 2186  grad_norm: 0.1833  loss: 0.1854  loss_sem_seg: 0.1854
2026/06/19 04:49:20 - mmengine - INFO - Epoch(train) [29][ 350/1671]  lr: 8.0000e-04  eta: 0:28:48  time: 0.1306  data_time: 0.0033  memory: 2238  grad_norm: 0.2264  loss: 0.2099  loss_sem_seg: 0.2099
2026/06/19 04:49:27 - mmengine - INFO - Epoch(train) [29][ 400/1671]  lr: 8.0000e-04  eta: 0:28:41  time: 0.1314  data_time: 0.0032  memory: 2216  grad_norm: 0.2262  loss: 0.2072  loss_sem_seg: 0.2072
2026/06/19 04:49:33 - mmengine - INFO - Epoch(train) [29][ 450/1671]  lr: 8.0000e-04  eta: 0:28:35  time: 0.1315  data_time: 0.0032  memory: 2310  grad_norm: 0.1842  loss: 0.1799  loss_sem_seg: 0.1799
2026/06/19 04:49:40 - mmengine - INFO - Epoch(train) [29][ 500/1671]  lr: 8.0000e-04  eta: 0:28:28  time: 0.1308  data_time: 0.0031  memory: 2262  grad_norm: 0.1931  loss: 0.1629  loss_sem_seg: 0.1629
2026/06/19 04:49:46 - mmengine - INFO - Epoch(train) [29][ 550/1671]  lr: 8.0000e-04  eta: 0:28:21  time: 0.1337  data_time: 0.0033  memory: 2195  grad_norm: 0.2294  loss: 0.2097  loss_sem_seg: 0.2097
2026/06/19 04:49:53 - mmengine - INFO - Epoch(train) [29][ 600/1671]  lr: 8.0000e-04  eta: 0:28:15  time: 0.1317  data_time: 0.0031  memory: 2291  grad_norm: 0.2117  loss: 0.1923  loss_sem_seg: 0.1923
2026/06/19 04:50:00 - mmengine - INFO - Epoch(train) [29][ 650/1671]  lr: 8.0000e-04  eta: 0:28:08  time: 0.1333  data_time: 0.0034  memory: 2223  grad_norm: 0.2235  loss: 0.2187  loss_sem_seg: 0.2187
2026/06/19 04:50:06 - mmengine - INFO - Epoch(train) [29][ 700/1671]  lr: 8.0000e-04  eta: 0:28:01  time: 0.1327  data_time: 0.0032  memory: 2274  grad_norm: 0.2100  loss: 0.2010  loss_sem_seg: 0.2010
2026/06/19 04:50:13 - mmengine - INFO - Epoch(train) [29][ 750/1671]  lr: 8.0000e-04  eta: 0:27:55  time: 0.1361  data_time: 0.0035  memory: 2302  grad_norm: 0.2071  loss: 0.1984  loss_sem_seg: 0.1984
2026/06/19 04:50:20 - mmengine - INFO - Epoch(train) [29][ 800/1671]  lr: 8.0000e-04  eta: 0:27:48  time: 0.1319  data_time: 0.0038  memory: 2224  grad_norm: 0.2454  loss: 0.2159  loss_sem_seg: 0.2159
2026/06/19 04:50:26 - mmengine - INFO - Epoch(train) [29][ 850/1671]  lr: 8.0000e-04  eta: 0:27:41  time: 0.1325  data_time: 0.0036  memory: 2196  grad_norm: 0.2530  loss: 0.2446  loss_sem_seg: 0.2446
2026/06/19 04:50:33 - mmengine - INFO - Epoch(train) [29][ 900/1671]  lr: 8.0000e-04  eta: 0:27:35  time: 0.1323  data_time: 0.0034  memory: 2210  grad_norm: 0.2053  loss: 0.2051  loss_sem_seg: 0.2051
2026/06/19 04:50:40 - mmengine - INFO - Epoch(train) [29][ 950/1671]  lr: 8.0000e-04  eta: 0:27:28  time: 0.1333  data_time: 0.0032  memory: 2142  grad_norm: 0.2124  loss: 0.1910  loss_sem_seg: 0.1910
2026/06/19 04:50:46 - mmengine - INFO - Epoch(train) [29][1000/1671]  lr: 8.0000e-04  eta: 0:27:22  time: 0.1286  data_time: 0.0031  memory: 2223  grad_norm: 0.2532  loss: 0.2227  loss_sem_seg: 0.2227
2026/06/19 04:50:53 - mmengine - INFO - Epoch(train) [29][1050/1671]  lr: 8.0000e-04  eta: 0:27:15  time: 0.1314  data_time: 0.0035  memory: 2234  grad_norm: 0.2188  loss: 0.2119  loss_sem_seg: 0.2119
2026/06/19 04:50:59 - mmengine - INFO - Epoch(train) [29][1100/1671]  lr: 8.0000e-04  eta: 0:27:08  time: 0.1330  data_time: 0.0032  memory: 2284  grad_norm: 0.2339  loss: 0.2267  loss_sem_seg: 0.2267
2026/06/19 04:51:06 - mmengine - INFO - Epoch(train) [29][1150/1671]  lr: 8.0000e-04  eta: 0:27:02  time: 0.1311  data_time: 0.0033  memory: 2298  grad_norm: 0.2106  loss: 0.1926  loss_sem_seg: 0.1926
2026/06/19 04:51:13 - mmengine - INFO - Epoch(train) [29][1200/1671]  lr: 8.0000e-04  eta: 0:26:55  time: 0.1336  data_time: 0.0034  memory: 2253  grad_norm: 0.2078  loss: 0.2060  loss_sem_seg: 0.2060
2026/06/19 04:51:14 - mmengine - INFO - Exp name: minkunet34_w32_minkowski_geometry_kitti_box_seg_20260619_025828
2026/06/19 04:51:19 - mmengine - INFO - Epoch(train) [29][1250/1671]  lr: 8.0000e-04  eta: 0:26:48  time: 0.1314  data_time: 0.0036  memory: 2294  grad_norm: 0.1977  loss: 0.1899  loss_sem_seg: 0.1899
2026/06/19 04:51:26 - mmengine - INFO - Epoch(train) [29][1300/1671]  lr: 8.0000e-04  eta: 0:26:42  time: 0.1323  data_time: 0.0033  memory: 2217  grad_norm: 0.2345  loss: 0.1926  loss_sem_seg: 0.1926
2026/06/19 04:51:32 - mmengine - INFO - Epoch(train) [29][1350/1671]  lr: 8.0000e-04  eta: 0:26:35  time: 0.1305  data_time: 0.0032  memory: 2319  grad_norm: 0.1994  loss: 0.1784  loss_sem_seg: 0.1784
2026/06/19 04:51:39 - mmengine - INFO - Epoch(train) [29][1400/1671]  lr: 8.0000e-04  eta: 0:26:28  time: 0.1308  data_time: 0.0033  memory: 2176  grad_norm: 0.2698  loss: 0.2304  loss_sem_seg: 0.2304
2026/06/19 04:51:46 - mmengine - INFO - Epoch(train) [29][1450/1671]  lr: 8.0000e-04  eta: 0:26:22  time: 0.1325  data_time: 0.0032  memory: 2255  grad_norm: 0.2101  loss: 0.1929  loss_sem_seg: 0.1929
2026/06/19 04:51:52 - mmengine - INFO - Epoch(train) [29][1500/1671]  lr: 8.0000e-04  eta: 0:26:15  time: 0.1329  data_time: 0.0035  memory: 2261  grad_norm: 0.2087  loss: 0.2084  loss_sem_seg: 0.2084
2026/06/19 04:51:59 - mmengine - INFO - Epoch(train) [29][1550/1671]  lr: 8.0000e-04  eta: 0:26:08  time: 0.1325  data_time: 0.0032  memory: 2268  grad_norm: 0.2525  loss: 0.2034  loss_sem_seg: 0.2034
2026/06/19 04:52:05 - mmengine - INFO - Epoch(train) [29][1600/1671]  lr: 8.0000e-04  eta: 0:26:02  time: 0.1311  data_time: 0.0032  memory: 2183  grad_norm: 0.1739  loss: 0.1771  loss_sem_seg: 0.1771
2026/06/19 04:52:12 - mmengine - INFO - Epoch(train) [29][1650/1671]  lr: 8.0000e-04  eta: 0:25:55  time: 0.1320  data_time: 0.0032  memory: 2234  grad_norm: 0.2124  loss: 0.2039  loss_sem_seg: 0.2039
2026/06/19 04:52:15 - mmengine - INFO - Exp name: minkunet34_w32_minkowski_geometry_kitti_box_seg_20260619_025828
2026/06/19 04:52:15 - mmengine - INFO - Saving checkpoint at 29 epochs
2026/06/19 04:52:18 - mmengine - INFO - Epoch(val) [29][ 50/371]    eta: 0:00:09  time: 0.0286  data_time: 0.0028  memory: 2240  
2026/06/19 04:52:19 - mmengine - INFO - Epoch(val) [29][100/371]    eta: 0:00:07  time: 0.0275  data_time: 0.0025  memory: 685  
2026/06/19 04:52:21 - mmengine - INFO - Epoch(val) [29][150/371]    eta: 0:00:06  time: 0.0288  data_time: 0.0025  memory: 682  
2026/06/19 04:52:22 - mmengine - INFO - Epoch(val) [29][200/371]    eta: 0:00:04  time: 0.0273  data_time: 0.0024  memory: 683  
2026/06/19 04:52:23 - mmengine - INFO - Epoch(val) [29][250/371]    eta: 0:00:03  time: 0.0281  data_time: 0.0025  memory: 677  
2026/06/19 04:52:25 - mmengine - INFO - Epoch(val) [29][300/371]    eta: 0:00:01  time: 0.0270  data_time: 0.0021  memory: 684  
2026/06/19 04:52:26 - mmengine - INFO - Epoch(val) [29][350/371]    eta: 0:00:00  time: 0.0281  data_time: 0.0027  memory: 684  
2026/06/19 04:52:27 - mmengine - INFO - 
+---------+------------+------------+--------+--------+---------+
| classes | background | foreground | miou   | acc    | acc_cls |
+---------+------------+------------+--------+--------+---------+
| results | 0.9472     | 0.5261     | 0.7367 | 0.9502 | 0.9172  |
+---------+------------+------------+--------+--------+---------+
2026/06/19 04:52:27 - mmengine - INFO - Epoch(val) [29][371/371]    background: 0.9472  foreground: 0.5261  miou: 0.7367  acc: 0.9502  acc_cls: 0.9172  data_time: 0.0025  time: 0.0279
2026/06/19 04:52:34 - mmengine - INFO - Epoch(train) [30][  50/1671]  lr: 8.0000e-04  eta: 0:25:46  time: 0.1334  data_time: 0.0034  memory: 2269  grad_norm: 0.2361  loss: 0.2272  loss_sem_seg: 0.2272
2026/06/19 04:52:40 - mmengine - INFO - Epoch(train) [30][ 100/1671]  lr: 8.0000e-04  eta: 0:25:39  time: 0.1337  data_time: 0.0035  memory: 2269  grad_norm: 0.2300  loss: 0.1942  loss_sem_seg: 0.1942
2026/06/19 04:52:47 - mmengine - INFO - Epoch(train) [30][ 150/1671]  lr: 8.0000e-04  eta: 0:25:32  time: 0.1301  data_time: 0.0034  memory: 2296  grad_norm: 0.2423  loss: 0.2392  loss_sem_seg: 0.2392
2026/06/19 04:52:53 - mmengine - INFO - Epoch(train) [30][ 200/1671]  lr: 8.0000e-04  eta: 0:25:26  time: 0.1320  data_time: 0.0032  memory: 2325  grad_norm: 0.2413  loss: 0.2087  loss_sem_seg: 0.2087
2026/06/19 04:53:00 - mmengine - INFO - Epoch(train) [30][ 250/1671]  lr: 8.0000e-04  eta: 0:25:19  time: 0.1347  data_time: 0.0039  memory: 2235  grad_norm: 0.1836  loss: 0.1879  loss_sem_seg: 0.1879
2026/06/19 04:53:07 - mmengine - INFO - Epoch(train) [30][ 300/1671]  lr: 8.0000e-04  eta: 0:25:12  time: 0.1321  data_time: 0.0033  memory: 2320  grad_norm: 0.1852  loss: 0.1925  loss_sem_seg: 0.1925
2026/06/19 04:53:13 - mmengine - INFO - Epoch(train) [30][ 350/1671]  lr: 8.0000e-04  eta: 0:25:06  time: 0.1318  data_time: 0.0031  memory: 2243  grad_norm: 0.1933  loss: 0.1834  loss_sem_seg: 0.1834
2026/06/19 04:53:20 - mmengine - INFO - Epoch(train) [30][ 400/1671]  lr: 8.0000e-04  eta: 0:24:59  time: 0.1316  data_time: 0.0036  memory: 2290  grad_norm: 0.1897  loss: 0.1879  loss_sem_seg: 0.1879
2026/06/19 04:53:26 - mmengine - INFO - Epoch(train) [30][ 450/1671]  lr: 8.0000e-04  eta: 0:24:53  time: 0.1313  data_time: 0.0032  memory: 2286  grad_norm: 0.2275  loss: 0.1968  loss_sem_seg: 0.1968
2026/06/19 04:53:33 - mmengine - INFO - Epoch(train) [30][ 500/1671]  lr: 8.0000e-04  eta: 0:24:46  time: 0.1324  data_time: 0.0033  memory: 2163  grad_norm: 0.2556  loss: 0.1942  loss_sem_seg: 0.1942
2026/06/19 04:53:38 - mmengine - INFO - Exp name: minkunet34_w32_minkowski_geometry_kitti_box_seg_20260619_025828
2026/06/19 04:53:40 - mmengine - INFO - Epoch(train) [30][ 550/1671]  lr: 8.0000e-04  eta: 0:24:39  time: 0.1330  data_time: 0.0033  memory: 2220  grad_norm: 0.2153  loss: 0.1920  loss_sem_seg: 0.1920
2026/06/19 04:53:46 - mmengine - INFO - Epoch(train) [30][ 600/1671]  lr: 8.0000e-04  eta: 0:24:33  time: 0.1334  data_time: 0.0032  memory: 2220  grad_norm: 0.1884  loss: 0.1891  loss_sem_seg: 0.1891
2026/06/19 04:53:53 - mmengine - INFO - Epoch(train) [30][ 650/1671]  lr: 8.0000e-04  eta: 0:24:26  time: 0.1315  data_time: 0.0036  memory: 2264  grad_norm: 0.2414  loss: 0.2252  loss_sem_seg: 0.2252
2026/06/19 04:54:00 - mmengine - INFO - Epoch(train) [30][ 700/1671]  lr: 8.0000e-04  eta: 0:24:19  time: 0.1320  data_time: 0.0034  memory: 2300  grad_norm: 0.2206  loss: 0.2086  loss_sem_seg: 0.2086
2026/06/19 04:54:06 - mmengine - INFO - Epoch(train) [30][ 750/1671]  lr: 8.0000e-04  eta: 0:24:13  time: 0.1345  data_time: 0.0033  memory: 2278  grad_norm: 0.2289  loss: 0.1913  loss_sem_seg: 0.1913
2026/06/19 04:54:13 - mmengine - INFO - Epoch(train) [30][ 800/1671]  lr: 8.0000e-04  eta: 0:24:06  time: 0.1315  data_time: 0.0032  memory: 2280  grad_norm: 0.2049  loss: 0.1816  loss_sem_seg: 0.1816
2026/06/19 04:54:19 - mmengine - INFO - Epoch(train) [30][ 850/1671]  lr: 8.0000e-04  eta: 0:23:59  time: 0.1305  data_time: 0.0035  memory: 2299  grad_norm: 0.2153  loss: 0.2058  loss_sem_seg: 0.2058
2026/06/19 04:54:26 - mmengine - INFO - Epoch(train) [30][ 900/1671]  lr: 8.0000e-04  eta: 0:23:53  time: 0.1338  data_time: 0.0033  memory: 2253  grad_norm: 0.1755  loss: 0.1824  loss_sem_seg: 0.1824
2026/06/19 04:54:33 - mmengine - INFO - Epoch(train) [30][ 950/1671]  lr: 8.0000e-04  eta: 0:23:46  time: 0.1334  data_time: 0.0032  memory: 2327  grad_norm: 0.2800  loss: 0.2123  loss_sem_seg: 0.2123
2026/06/19 04:54:39 - mmengine - INFO - Epoch(train) [30][1000/1671]  lr: 8.0000e-04  eta: 0:23:39  time: 0.1295  data_time: 0.0031  memory: 2235  grad_norm: 0.2198  loss: 0.2126  loss_sem_seg: 0.2126
2026/06/19 04:54:46 - mmengine - INFO - Epoch(train) [30][1050/1671]  lr: 8.0000e-04  eta: 0:23:33  time: 0.1331  data_time: 0.0032  memory: 2241  grad_norm: 0.2360  loss: 0.2083  loss_sem_seg: 0.2083
2026/06/19 04:54:53 - mmengine - INFO - Epoch(train) [30][1100/1671]  lr: 8.0000e-04  eta: 0:23:26  time: 0.1317  data_time: 0.0035  memory: 2269  grad_norm: 0.2287  loss: 0.2037  loss_sem_seg: 0.2037
2026/06/19 04:54:59 - mmengine - INFO - Epoch(train) [30][1150/1671]  lr: 8.0000e-04  eta: 0:23:20  time: 0.1308  data_time: 0.0033  memory: 2161  grad_norm: 0.2426  loss: 0.2165  loss_sem_seg: 0.2165
2026/06/19 04:55:06 - mmengine - INFO - Epoch(train) [30][1200/1671]  lr: 8.0000e-04  eta: 0:23:13  time: 0.1323  data_time: 0.0033  memory: 2400  grad_norm: 0.2027  loss: 0.1902  loss_sem_seg: 0.1902
2026/06/19 04:55:12 - mmengine - INFO - Epoch(train) [30][1250/1671]  lr: 8.0000e-04  eta: 0:23:06  time: 0.1353  data_time: 0.0043  memory: 2244  grad_norm: 0.2224  loss: 0.1954  loss_sem_seg: 0.1954
2026/06/19 04:55:19 - mmengine - INFO - Epoch(train) [30][1300/1671]  lr: 8.0000e-04  eta: 0:23:00  time: 0.1357  data_time: 0.0035  memory: 2218  grad_norm: 0.2044  loss: 0.1693  loss_sem_seg: 0.1693
2026/06/19 04:55:26 - mmengine - INFO - Epoch(train) [30][1350/1671]  lr: 8.0000e-04  eta: 0:22:53  time: 0.1330  data_time: 0.0032  memory: 2182  grad_norm: 0.2405  loss: 0.2020  loss_sem_seg: 0.2020
2026/06/19 04:55:33 - mmengine - INFO - Epoch(train) [30][1400/1671]  lr: 8.0000e-04  eta: 0:22:46  time: 0.1351  data_time: 0.0033  memory: 2228  grad_norm: 0.2001  loss: 0.1868  loss_sem_seg: 0.1868
2026/06/19 04:55:39 - mmengine - INFO - Epoch(train) [30][1450/1671]  lr: 8.0000e-04  eta: 0:22:40  time: 0.1338  data_time: 0.0031  memory: 2197  grad_norm: 0.2182  loss: 0.2032  loss_sem_seg: 0.2032
2026/06/19 04:55:46 - mmengine - INFO - Epoch(train) [30][1500/1671]  lr: 8.0000e-04  eta: 0:22:33  time: 0.1298  data_time: 0.0032  memory: 2206  grad_norm: 0.2518  loss: 0.2309  loss_sem_seg: 0.2309
2026/06/19 04:55:51 - mmengine - INFO - Exp name: minkunet34_w32_minkowski_geometry_kitti_box_seg_20260619_025828
2026/06/19 04:55:53 - mmengine - INFO - Epoch(train) [30][1550/1671]  lr: 8.0000e-04  eta: 0:22:26  time: 0.1339  data_time: 0.0033  memory: 2256  grad_norm: 0.2015  loss: 0.1888  loss_sem_seg: 0.1888
2026/06/19 04:55:59 - mmengine - INFO - Epoch(train) [30][1600/1671]  lr: 8.0000e-04  eta: 0:22:20  time: 0.1311  data_time: 0.0033  memory: 2180  grad_norm: 0.1992  loss: 0.1926  loss_sem_seg: 0.1926
2026/06/19 04:56:06 - mmengine - INFO - Epoch(train) [30][1650/1671]  lr: 8.0000e-04  eta: 0:22:13  time: 0.1302  data_time: 0.0032  memory: 2197  grad_norm: 0.2204  loss: 0.2037  loss_sem_seg: 0.2037
2026/06/19 04:56:08 - mmengine - INFO - Exp name: minkunet34_w32_minkowski_geometry_kitti_box_seg_20260619_025828
2026/06/19 04:56:08 - mmengine - INFO - Saving checkpoint at 30 epochs
2026/06/19 04:56:11 - mmengine - INFO - Epoch(val) [30][ 50/371]    eta: 0:00:09  time: 0.0285  data_time: 0.0024  memory: 2181  
2026/06/19 04:56:13 - mmengine - INFO - Epoch(val) [30][100/371]    eta: 0:00:07  time: 0.0280  data_time: 0.0025  memory: 685  
2026/06/19 04:56:14 - mmengine - INFO - Epoch(val) [30][150/371]    eta: 0:00:06  time: 0.0280  data_time: 0.0022  memory: 682  
2026/06/19 04:56:16 - mmengine - INFO - Epoch(val) [30][200/371]    eta: 0:00:04  time: 0.0276  data_time: 0.0027  memory: 683  
2026/06/19 04:56:17 - mmengine - INFO - Epoch(val) [30][250/371]    eta: 0:00:03  time: 0.0288  data_time: 0.0024  memory: 677  
2026/06/19 04:56:18 - mmengine - INFO - Epoch(val) [30][300/371]    eta: 0:00:01  time: 0.0275  data_time: 0.0026  memory: 684  
2026/06/19 04:56:20 - mmengine - INFO - Epoch(val) [30][350/371]    eta: 0:00:00  time: 0.0273  data_time: 0.0023  memory: 684  
2026/06/19 04:56:20 - mmengine - INFO - 
+---------+------------+------------+--------+--------+---------+
| classes | background | foreground | miou   | acc    | acc_cls |
+---------+------------+------------+--------+--------+---------+
| results | 0.9533     | 0.5372     | 0.7453 | 0.9557 | 0.8913  |
+---------+------------+------------+--------+--------+---------+
2026/06/19 04:56:20 - mmengine - INFO - Epoch(val) [30][371/371]    background: 0.9533  foreground: 0.5372  miou: 0.7453  acc: 0.9557  acc_cls: 0.8913  data_time: 0.0024  time: 0.0279
2026/06/19 04:56:27 - mmengine - INFO - Epoch(train) [31][  50/1671]  lr: 8.0000e-04  eta: 0:22:04  time: 0.1326  data_time: 0.0035  memory: 2340  grad_norm: 0.1991  loss: 0.1812  loss_sem_seg: 0.1812
2026/06/19 04:56:34 - mmengine - INFO - Epoch(train) [31][ 100/1671]  lr: 8.0000e-04  eta: 0:21:57  time: 0.1326  data_time: 0.0032  memory: 2301  grad_norm: 0.2245  loss: 0.1941  loss_sem_seg: 0.1941
2026/06/19 04:56:40 - mmengine - INFO - Epoch(train) [31][ 150/1671]  lr: 8.0000e-04  eta: 0:21:50  time: 0.1305  data_time: 0.0032  memory: 2211  grad_norm: 0.1965  loss: 0.1723  loss_sem_seg: 0.1723
2026/06/19 04:56:47 - mmengine - INFO - Epoch(train) [31][ 200/1671]  lr: 8.0000e-04  eta: 0:21:44  time: 0.1331  data_time: 0.0034  memory: 2309  grad_norm: 0.2452  loss: 0.2127  loss_sem_seg: 0.2127
2026/06/19 04:56:53 - mmengine - INFO - Epoch(train) [31][ 250/1671]  lr: 8.0000e-04  eta: 0:21:37  time: 0.1325  data_time: 0.0032  memory: 2310  grad_norm: 0.2450  loss: 0.2120  loss_sem_seg: 0.2120
2026/06/19 04:57:00 - mmengine - INFO - Epoch(train) [31][ 300/1671]  lr: 8.0000e-04  eta: 0:21:31  time: 0.1355  data_time: 0.0038  memory: 2370  grad_norm: 0.2265  loss: 0.2040  loss_sem_seg: 0.2040
2026/06/19 04:57:07 - mmengine - INFO - Epoch(train) [31][ 350/1671]  lr: 8.0000e-04  eta: 0:21:24  time: 0.1323  data_time: 0.0034  memory: 2227  grad_norm: 0.2429  loss: 0.2298  loss_sem_seg: 0.2298
2026/06/19 04:57:13 - mmengine - INFO - Epoch(train) [31][ 400/1671]  lr: 8.0000e-04  eta: 0:21:17  time: 0.1310  data_time: 0.0034  memory: 2156  grad_norm: 0.2247  loss: 0.2117  loss_sem_seg: 0.2117
2026/06/19 04:57:20 - mmengine - INFO - Epoch(train) [31][ 450/1671]  lr: 8.0000e-04  eta: 0:21:11  time: 0.1349  data_time: 0.0032  memory: 2261  grad_norm: 0.2491  loss: 0.1918  loss_sem_seg: 0.1918
2026/06/19 04:57:27 - mmengine - INFO - Epoch(train) [31][ 500/1671]  lr: 8.0000e-04  eta: 0:21:04  time: 0.1301  data_time: 0.0036  memory: 2208  grad_norm: 0.2506  loss: 0.2115  loss_sem_seg: 0.2115
2026/06/19 04:57:33 - mmengine - INFO - Epoch(train) [31][ 550/1671]  lr: 8.0000e-04  eta: 0:20:57  time: 0.1334  data_time: 0.0035  memory: 2185  grad_norm: 0.1964  loss: 0.1968  loss_sem_seg: 0.1968
2026/06/19 04:57:40 - mmengine - INFO - Epoch(train) [31][ 600/1671]  lr: 8.0000e-04  eta: 0:20:51  time: 0.1313  data_time: 0.0031  memory: 2295  grad_norm: 0.2706  loss: 0.2386  loss_sem_seg: 0.2386
2026/06/19 04:57:47 - mmengine - INFO - Epoch(train) [31][ 650/1671]  lr: 8.0000e-04  eta: 0:20:44  time: 0.1329  data_time: 0.0032  memory: 2190  grad_norm: 0.2080  loss: 0.2145  loss_sem_seg: 0.2145
2026/06/19 04:57:53 - mmengine - INFO - Epoch(train) [31][ 700/1671]  lr: 8.0000e-04  eta: 0:20:37  time: 0.1326  data_time: 0.0034  memory: 2247  grad_norm: 0.2126  loss: 0.1990  loss_sem_seg: 0.1990
2026/06/19 04:58:00 - mmengine - INFO - Epoch(train) [31][ 750/1671]  lr: 8.0000e-04  eta: 0:20:31  time: 0.1313  data_time: 0.0033  memory: 2299  grad_norm: 0.2126  loss: 0.1966  loss_sem_seg: 0.1966
2026/06/19 04:58:07 - mmengine - INFO - Epoch(train) [31][ 800/1671]  lr: 8.0000e-04  eta: 0:20:24  time: 0.1347  data_time: 0.0040  memory: 2311  grad_norm: 0.2420  loss: 0.1958  loss_sem_seg: 0.1958
2026/06/19 04:58:13 - mmengine - INFO - Epoch(train) [31][ 850/1671]  lr: 8.0000e-04  eta: 0:20:17  time: 0.1287  data_time: 0.0029  memory: 2286  grad_norm: 0.2218  loss: 0.2203  loss_sem_seg: 0.2203
2026/06/19 04:58:16 - mmengine - INFO - Exp name: minkunet34_w32_minkowski_geometry_kitti_box_seg_20260619_025828
2026/06/19 04:58:20 - mmengine - INFO - Epoch(train) [31][ 900/1671]  lr: 8.0000e-04  eta: 0:20:11  time: 0.1323  data_time: 0.0036  memory: 2332  grad_norm: 0.2024  loss: 0.1853  loss_sem_seg: 0.1853
2026/06/19 04:58:26 - mmengine - INFO - Epoch(train) [31][ 950/1671]  lr: 8.0000e-04  eta: 0:20:04  time: 0.1322  data_time: 0.0035  memory: 2247  grad_norm: 0.1731  loss: 0.1772  loss_sem_seg: 0.1772
2026/06/19 04:58:33 - mmengine - INFO - Epoch(train) [31][1000/1671]  lr: 8.0000e-04  eta: 0:19:58  time: 0.1333  data_time: 0.0036  memory: 2313  grad_norm: 0.2158  loss: 0.1985  loss_sem_seg: 0.1985
2026/06/19 04:58:40 - mmengine - INFO - Epoch(train) [31][1050/1671]  lr: 8.0000e-04  eta: 0:19:51  time: 0.1331  data_time: 0.0036  memory: 2279  grad_norm: 0.2132  loss: 0.1850  loss_sem_seg: 0.1850
2026/06/19 04:58:46 - mmengine - INFO - Epoch(train) [31][1100/1671]  lr: 8.0000e-04  eta: 0:19:44  time: 0.1328  data_time: 0.0033  memory: 2373  grad_norm: 0.1919  loss: 0.1797  loss_sem_seg: 0.1797
2026/06/19 04:58:53 - mmengine - INFO - Epoch(train) [31][1150/1671]  lr: 8.0000e-04  eta: 0:19:38  time: 0.1304  data_time: 0.0032  memory: 2296  grad_norm: 0.2890  loss: 0.2220  loss_sem_seg: 0.2220
2026/06/19 04:58:59 - mmengine - INFO - Epoch(train) [31][1200/1671]  lr: 8.0000e-04  eta: 0:19:31  time: 0.1325  data_time: 0.0036  memory: 2227  grad_norm: 0.1850  loss: 0.1715  loss_sem_seg: 0.1715
2026/06/19 04:59:06 - mmengine - INFO - Epoch(train) [31][1250/1671]  lr: 8.0000e-04  eta: 0:19:24  time: 0.1344  data_time: 0.0034  memory: 2282  grad_norm: 0.2318  loss: 0.2060  loss_sem_seg: 0.2060
2026/06/19 04:59:13 - mmengine - INFO - Epoch(train) [31][1300/1671]  lr: 8.0000e-04  eta: 0:19:18  time: 0.1313  data_time: 0.0034  memory: 2170  grad_norm: 0.2394  loss: 0.2222  loss_sem_seg: 0.2222
2026/06/19 04:59:19 - mmengine - INFO - Epoch(train) [31][1350/1671]  lr: 8.0000e-04  eta: 0:19:11  time: 0.1333  data_time: 0.0031  memory: 2187  grad_norm: 0.2191  loss: 0.2083  loss_sem_seg: 0.2083
2026/06/19 04:59:26 - mmengine - INFO - Epoch(train) [31][1400/1671]  lr: 8.0000e-04  eta: 0:19:04  time: 0.1301  data_time: 0.0031  memory: 2241  grad_norm: 0.1965  loss: 0.1767  loss_sem_seg: 0.1767
2026/06/19 04:59:32 - mmengine - INFO - Epoch(train) [31][1450/1671]  lr: 8.0000e-04  eta: 0:18:58  time: 0.1333  data_time: 0.0031  memory: 2209  grad_norm: 0.1921  loss: 0.1723  loss_sem_seg: 0.1723
2026/06/19 04:59:39 - mmengine - INFO - Epoch(train) [31][1500/1671]  lr: 8.0000e-04  eta: 0:18:51  time: 0.1335  data_time: 0.0033  memory: 2265  grad_norm: 0.2123  loss: 0.1947  loss_sem_seg: 0.1947
2026/06/19 04:59:46 - mmengine - INFO - Epoch(train) [31][1550/1671]  lr: 8.0000e-04  eta: 0:18:45  time: 0.1319  data_time: 0.0032  memory: 2269  grad_norm: 0.2202  loss: 0.1976  loss_sem_seg: 0.1976
2026/06/19 04:59:52 - mmengine - INFO - Epoch(train) [31][1600/1671]  lr: 8.0000e-04  eta: 0:18:38  time: 0.1305  data_time: 0.0035  memory: 2205  grad_norm: 0.2213  loss: 0.1906  loss_sem_seg: 0.1906
2026/06/19 04:59:59 - mmengine - INFO - Epoch(train) [31][1650/1671]  lr: 8.0000e-04  eta: 0:18:31  time: 0.1341  data_time: 0.0034  memory: 2280  grad_norm: 0.2059  loss: 0.1937  loss_sem_seg: 0.1937
2026/06/19 05:00:02 - mmengine - INFO - Exp name: minkunet34_w32_minkowski_geometry_kitti_box_seg_20260619_025828
2026/06/19 05:00:02 - mmengine - INFO - Saving checkpoint at 31 epochs
2026/06/19 05:00:05 - mmengine - INFO - Epoch(val) [31][ 50/371]    eta: 0:00:09  time: 0.0282  data_time: 0.0026  memory: 2256  
2026/06/19 05:00:06 - mmengine - INFO - Epoch(val) [31][100/371]    eta: 0:00:07  time: 0.0273  data_time: 0.0024  memory: 685  
2026/06/19 05:00:07 - mmengine - INFO - Epoch(val) [31][150/371]    eta: 0:00:06  time: 0.0283  data_time: 0.0025  memory: 682  
2026/06/19 05:00:09 - mmengine - INFO - Epoch(val) [31][200/371]    eta: 0:00:04  time: 0.0274  data_time: 0.0026  memory: 683  
2026/06/19 05:00:10 - mmengine - INFO - Epoch(val) [31][250/371]    eta: 0:00:03  time: 0.0277  data_time: 0.0024  memory: 677  
2026/06/19 05:00:12 - mmengine - INFO - Epoch(val) [31][300/371]    eta: 0:00:01  time: 0.0289  data_time: 0.0025  memory: 684  
2026/06/19 05:00:13 - mmengine - INFO - Epoch(val) [31][350/371]    eta: 0:00:00  time: 0.0272  data_time: 0.0023  memory: 684  
2026/06/19 05:00:14 - mmengine - INFO - 
+---------+------------+------------+--------+--------+---------+
| classes | background | foreground | miou   | acc    | acc_cls |
+---------+------------+------------+--------+--------+---------+
| results | 0.9405     | 0.4887     | 0.7146 | 0.9437 | 0.9029  |
+---------+------------+------------+--------+--------+---------+
2026/06/19 05:00:14 - mmengine - INFO - Epoch(val) [31][371/371]    background: 0.9405  foreground: 0.4887  miou: 0.7146  acc: 0.9437  acc_cls: 0.9029  data_time: 0.0025  time: 0.0278
2026/06/19 05:00:20 - mmengine - INFO - Epoch(train) [32][  50/1671]  lr: 8.0000e-04  eta: 0:18:22  time: 0.1317  data_time: 0.0036  memory: 2262  grad_norm: 0.2844  loss: 0.2324  loss_sem_seg: 0.2324
2026/06/19 05:00:27 - mmengine - INFO - Epoch(train) [32][ 100/1671]  lr: 8.0000e-04  eta: 0:18:15  time: 0.1309  data_time: 0.0032  memory: 2284  grad_norm: 0.2285  loss: 0.1968  loss_sem_seg: 0.1968
2026/06/19 05:00:33 - mmengine - INFO - Epoch(train) [32][ 150/1671]  lr: 8.0000e-04  eta: 0:18:09  time: 0.1321  data_time: 0.0033  memory: 2278  grad_norm: 0.2103  loss: 0.1978  loss_sem_seg: 0.1978
2026/06/19 05:00:40 - mmengine - INFO - Exp name: minkunet34_w32_minkowski_geometry_kitti_box_seg_20260619_025828
2026/06/19 05:00:40 - mmengine - INFO - Epoch(train) [32][ 200/1671]  lr: 8.0000e-04  eta: 0:18:02  time: 0.1307  data_time: 0.0032  memory: 2265  grad_norm: 0.2310  loss: 0.1992  loss_sem_seg: 0.1992
2026/06/19 05:00:47 - mmengine - INFO - Epoch(train) [32][ 250/1671]  lr: 8.0000e-04  eta: 0:17:55  time: 0.1336  data_time: 0.0032  memory: 2280  grad_norm: 0.2162  loss: 0.1854  loss_sem_seg: 0.1854
2026/06/19 05:00:53 - mmengine - INFO - Epoch(train) [32][ 300/1671]  lr: 8.0000e-04  eta: 0:17:49  time: 0.1310  data_time: 0.0033  memory: 2261  grad_norm: 0.2259  loss: 0.2038  loss_sem_seg: 0.2038
2026/06/19 05:01:00 - mmengine - INFO - Epoch(train) [32][ 350/1671]  lr: 8.0000e-04  eta: 0:17:42  time: 0.1301  data_time: 0.0031  memory: 2214  grad_norm: 0.2145  loss: 0.2034  loss_sem_seg: 0.2034
2026/06/19 05:01:06 - mmengine - INFO - Epoch(train) [32][ 400/1671]  lr: 8.0000e-04  eta: 0:17:35  time: 0.1301  data_time: 0.0033  memory: 2173  grad_norm: 0.2203  loss: 0.1979  loss_sem_seg: 0.1979
2026/06/19 05:01:13 - mmengine - INFO - Epoch(train) [32][ 450/1671]  lr: 8.0000e-04  eta: 0:17:29  time: 0.1320  data_time: 0.0035  memory: 2252  grad_norm: 0.2266  loss: 0.1819  loss_sem_seg: 0.1819
2026/06/19 05:01:19 - mmengine - INFO - Epoch(train) [32][ 500/1671]  lr: 8.0000e-04  eta: 0:17:22  time: 0.1326  data_time: 0.0035  memory: 2209  grad_norm: 0.2133  loss: 0.1808  loss_sem_seg: 0.1808
2026/06/19 05:01:26 - mmengine - INFO - Epoch(train) [32][ 550/1671]  lr: 8.0000e-04  eta: 0:17:15  time: 0.1313  data_time: 0.0032  memory: 2301  grad_norm: 0.2287  loss: 0.1915  loss_sem_seg: 0.1915
2026/06/19 05:01:33 - mmengine - INFO - Epoch(train) [32][ 600/1671]  lr: 8.0000e-04  eta: 0:17:09  time: 0.1331  data_time: 0.0033  memory: 2297  grad_norm: 0.2060  loss: 0.1865  loss_sem_seg: 0.1865
2026/06/19 05:01:39 - mmengine - INFO - Epoch(train) [32][ 650/1671]  lr: 8.0000e-04  eta: 0:17:02  time: 0.1317  data_time: 0.0031  memory: 2345  grad_norm: 0.2361  loss: 0.2138  loss_sem_seg: 0.2138
2026/06/19 05:01:46 - mmengine - INFO - Epoch(train) [32][ 700/1671]  lr: 8.0000e-04  eta: 0:16:55  time: 0.1318  data_time: 0.0032  memory: 2269  grad_norm: 0.2382  loss: 0.2176  loss_sem_seg: 0.2176
2026/06/19 05:01:53 - mmengine - INFO - Epoch(train) [32][ 750/1671]  lr: 8.0000e-04  eta: 0:16:49  time: 0.1343  data_time: 0.0036  memory: 2157  grad_norm: 0.2255  loss: 0.2037  loss_sem_seg: 0.2037
2026/06/19 05:01:59 - mmengine - INFO - Epoch(train) [32][ 800/1671]  lr: 8.0000e-04  eta: 0:16:42  time: 0.1316  data_time: 0.0032  memory: 2238  grad_norm: 0.2199  loss: 0.1936  loss_sem_seg: 0.1936
2026/06/19 05:02:06 - mmengine - INFO - Epoch(train) [32][ 850/1671]  lr: 8.0000e-04  eta: 0:16:36  time: 0.1327  data_time: 0.0034  memory: 2288  grad_norm: 0.2127  loss: 0.1901  loss_sem_seg: 0.1901
2026/06/19 05:02:12 - mmengine - INFO - Epoch(train) [32][ 900/1671]  lr: 8.0000e-04  eta: 0:16:29  time: 0.1293  data_time: 0.0038  memory: 2244  grad_norm: 0.2230  loss: 0.1859  loss_sem_seg: 0.1859
2026/06/19 05:02:19 - mmengine - INFO - Epoch(train) [32][ 950/1671]  lr: 8.0000e-04  eta: 0:16:22  time: 0.1318  data_time: 0.0036  memory: 2168  grad_norm: 0.2573  loss: 0.2038  loss_sem_seg: 0.2038
2026/06/19 05:02:26 - mmengine - INFO - Epoch(train) [32][1000/1671]  lr: 8.0000e-04  eta: 0:16:16  time: 0.1339  data_time: 0.0036  memory: 2217  grad_norm: 0.2210  loss: 0.1950  loss_sem_seg: 0.1950
2026/06/19 05:02:32 - mmengine - INFO - Epoch(train) [32][1050/1671]  lr: 8.0000e-04  eta: 0:16:09  time: 0.1345  data_time: 0.0033  memory: 2206  grad_norm: 0.2330  loss: 0.1751  loss_sem_seg: 0.1751
2026/06/19 05:02:39 - mmengine - INFO - Epoch(train) [32][1100/1671]  lr: 8.0000e-04  eta: 0:16:02  time: 0.1335  data_time: 0.0037  memory: 2311  grad_norm: 0.2377  loss: 0.2026  loss_sem_seg: 0.2026
2026/06/19 05:02:46 - mmengine - INFO - Epoch(train) [32][1150/1671]  lr: 8.0000e-04  eta: 0:15:56  time: 0.1325  data_time: 0.0032  memory: 2213  grad_norm: 0.2083  loss: 0.1711  loss_sem_seg: 0.1711
2026/06/19 05:02:52 - mmengine - INFO - Exp name: minkunet34_w32_minkowski_geometry_kitti_box_seg_20260619_025828
2026/06/19 05:02:52 - mmengine - INFO - Epoch(train) [32][1200/1671]  lr: 8.0000e-04  eta: 0:15:49  time: 0.1309  data_time: 0.0032  memory: 2181  grad_norm: 0.2213  loss: 0.2010  loss_sem_seg: 0.2010
2026/06/19 05:02:59 - mmengine - INFO - Epoch(train) [32][1250/1671]  lr: 8.0000e-04  eta: 0:15:42  time: 0.1340  data_time: 0.0033  memory: 2329  grad_norm: 0.2865  loss: 0.2280  loss_sem_seg: 0.2280
2026/06/19 05:03:06 - mmengine - INFO - Epoch(train) [32][1300/1671]  lr: 8.0000e-04  eta: 0:15:36  time: 0.1337  data_time: 0.0032  memory: 2267  grad_norm: 0.2099  loss: 0.1874  loss_sem_seg: 0.1874
2026/06/19 05:03:12 - mmengine - INFO - Epoch(train) [32][1350/1671]  lr: 8.0000e-04  eta: 0:15:29  time: 0.1320  data_time: 0.0031  memory: 2191  grad_norm: 0.2305  loss: 0.2060  loss_sem_seg: 0.2060
2026/06/19 05:03:19 - mmengine - INFO - Epoch(train) [32][1400/1671]  lr: 8.0000e-04  eta: 0:15:23  time: 0.1323  data_time: 0.0031  memory: 2287  grad_norm: 0.2133  loss: 0.1968  loss_sem_seg: 0.1968
2026/06/19 05:03:26 - mmengine - INFO - Epoch(train) [32][1450/1671]  lr: 8.0000e-04  eta: 0:15:16  time: 0.1381  data_time: 0.0036  memory: 2262  grad_norm: 0.2406  loss: 0.1954  loss_sem_seg: 0.1954
2026/06/19 05:03:32 - mmengine - INFO - Epoch(train) [32][1500/1671]  lr: 8.0000e-04  eta: 0:15:09  time: 0.1345  data_time: 0.0034  memory: 2336  grad_norm: 0.2392  loss: 0.2037  loss_sem_seg: 0.2037
2026/06/19 05:03:39 - mmengine - INFO - Epoch(train) [32][1550/1671]  lr: 8.0000e-04  eta: 0:15:03  time: 0.1352  data_time: 0.0036  memory: 2295  grad_norm: 0.1924  loss: 0.1877  loss_sem_seg: 0.1877
2026/06/19 05:03:46 - mmengine - INFO - Epoch(train) [32][1600/1671]  lr: 8.0000e-04  eta: 0:14:56  time: 0.1320  data_time: 0.0032  memory: 2203  grad_norm: 0.2343  loss: 0.2000  loss_sem_seg: 0.2000
2026/06/19 05:03:52 - mmengine - INFO - Epoch(train) [32][1650/1671]  lr: 8.0000e-04  eta: 0:14:49  time: 0.1333  data_time: 0.0033  memory: 2240  grad_norm: 0.2116  loss: 0.1905  loss_sem_seg: 0.1905
2026/06/19 05:03:55 - mmengine - INFO - Exp name: minkunet34_w32_minkowski_geometry_kitti_box_seg_20260619_025828
2026/06/19 05:03:55 - mmengine - INFO - Saving checkpoint at 32 epochs
2026/06/19 05:03:58 - mmengine - INFO - Epoch(val) [32][ 50/371]    eta: 0:00:09  time: 0.0294  data_time: 0.0026  memory: 2307  
2026/06/19 05:04:00 - mmengine - INFO - Epoch(val) [32][100/371]    eta: 0:00:07  time: 0.0285  data_time: 0.0025  memory: 685  
2026/06/19 05:04:01 - mmengine - INFO - Epoch(val) [32][150/371]    eta: 0:00:06  time: 0.0278  data_time: 0.0023  memory: 682  
2026/06/19 05:04:03 - mmengine - INFO - Epoch(val) [32][200/371]    eta: 0:00:04  time: 0.0271  data_time: 0.0024  memory: 683  
2026/06/19 05:04:04 - mmengine - INFO - Epoch(val) [32][250/371]    eta: 0:00:03  time: 0.0283  data_time: 0.0024  memory: 677  
2026/06/19 05:04:05 - mmengine - INFO - Epoch(val) [32][300/371]    eta: 0:00:01  time: 0.0275  data_time: 0.0023  memory: 684  
2026/06/19 05:04:07 - mmengine - INFO - Epoch(val) [32][350/371]    eta: 0:00:00  time: 0.0276  data_time: 0.0023  memory: 684  
2026/06/19 05:04:07 - mmengine - INFO - 
+---------+------------+------------+--------+--------+---------+
| classes | background | foreground | miou   | acc    | acc_cls |
+---------+------------+------------+--------+--------+---------+
| results | 0.9521     | 0.5445     | 0.7483 | 0.9547 | 0.9113  |
+---------+------------+------------+--------+--------+---------+
2026/06/19 05:04:07 - mmengine - INFO - Epoch(val) [32][371/371]    background: 0.9521  foreground: 0.5445  miou: 0.7483  acc: 0.9547  acc_cls: 0.9113  data_time: 0.0024  time: 0.0280
2026/06/19 05:04:14 - mmengine - INFO - Epoch(train) [33][  50/1671]  lr: 8.0000e-05  eta: 0:14:40  time: 0.1325  data_time: 0.0038  memory: 2361  grad_norm: 0.2328  loss: 0.1944  loss_sem_seg: 0.1944
2026/06/19 05:04:21 - mmengine - INFO - Epoch(train) [33][ 100/1671]  lr: 8.0000e-05  eta: 0:14:33  time: 0.1337  data_time: 0.0033  memory: 2245  grad_norm: 0.1717  loss: 0.1717  loss_sem_seg: 0.1717
2026/06/19 05:04:27 - mmengine - INFO - Epoch(train) [33][ 150/1671]  lr: 8.0000e-05  eta: 0:14:27  time: 0.1339  data_time: 0.0034  memory: 2297  grad_norm: 0.1772  loss: 0.1784  loss_sem_seg: 0.1784
2026/06/19 05:04:34 - mmengine - INFO - Epoch(train) [33][ 200/1671]  lr: 8.0000e-05  eta: 0:14:20  time: 0.1316  data_time: 0.0032  memory: 2216  grad_norm: 0.2064  loss: 0.1813  loss_sem_seg: 0.1813
2026/06/19 05:04:41 - mmengine - INFO - Epoch(train) [33][ 250/1671]  lr: 8.0000e-05  eta: 0:14:13  time: 0.1369  data_time: 0.0033  memory: 2271  grad_norm: 0.2886  loss: 0.2442  loss_sem_seg: 0.2442
2026/06/19 05:04:48 - mmengine - INFO - Epoch(train) [33][ 300/1671]  lr: 8.0000e-05  eta: 0:14:07  time: 0.1342  data_time: 0.0033  memory: 2287  grad_norm: 0.1922  loss: 0.1765  loss_sem_seg: 0.1765
2026/06/19 05:04:54 - mmengine - INFO - Epoch(train) [33][ 350/1671]  lr: 8.0000e-05  eta: 0:14:00  time: 0.1306  data_time: 0.0031  memory: 2209  grad_norm: 0.2366  loss: 0.2000  loss_sem_seg: 0.2000
2026/06/19 05:05:01 - mmengine - INFO - Epoch(train) [33][ 400/1671]  lr: 8.0000e-05  eta: 0:13:54  time: 0.1329  data_time: 0.0033  memory: 2270  grad_norm: 0.2060  loss: 0.1998  loss_sem_seg: 0.1998
2026/06/19 05:05:07 - mmengine - INFO - Epoch(train) [33][ 450/1671]  lr: 8.0000e-05  eta: 0:13:47  time: 0.1322  data_time: 0.0032  memory: 2240  grad_norm: 0.1805  loss: 0.1729  loss_sem_seg: 0.1729
2026/06/19 05:05:14 - mmengine - INFO - Epoch(train) [33][ 500/1671]  lr: 8.0000e-05  eta: 0:13:40  time: 0.1317  data_time: 0.0033  memory: 2232  grad_norm: 0.2235  loss: 0.1837  loss_sem_seg: 0.1837
2026/06/19 05:05:18 - mmengine - INFO - Exp name: minkunet34_w32_minkowski_geometry_kitti_box_seg_20260619_025828
2026/06/19 05:05:21 - mmengine - INFO - Epoch(train) [33][ 550/1671]  lr: 8.0000e-05  eta: 0:13:34  time: 0.1310  data_time: 0.0032  memory: 2150  grad_norm: 0.2151  loss: 0.1937  loss_sem_seg: 0.1937
2026/06/19 05:05:27 - mmengine - INFO - Epoch(train) [33][ 600/1671]  lr: 8.0000e-05  eta: 0:13:27  time: 0.1316  data_time: 0.0035  memory: 2205  grad_norm: 0.2014  loss: 0.1806  loss_sem_seg: 0.1806
2026/06/19 05:05:34 - mmengine - INFO - Epoch(train) [33][ 650/1671]  lr: 8.0000e-05  eta: 0:13:20  time: 0.1328  data_time: 0.0035  memory: 2261  grad_norm: 0.2217  loss: 0.2022  loss_sem_seg: 0.2022
2026/06/19 05:05:40 - mmengine - INFO - Epoch(train) [33][ 700/1671]  lr: 8.0000e-05  eta: 0:13:14  time: 0.1298  data_time: 0.0033  memory: 2230  grad_norm: 0.2404  loss: 0.1950  loss_sem_seg: 0.1950
2026/06/19 05:05:47 - mmengine - INFO - Epoch(train) [33][ 750/1671]  lr: 8.0000e-05  eta: 0:13:07  time: 0.1314  data_time: 0.0032  memory: 2267  grad_norm: 0.2225  loss: 0.1746  loss_sem_seg: 0.1746
2026/06/19 05:05:53 - mmengine - INFO - Epoch(train) [33][ 800/1671]  lr: 8.0000e-05  eta: 0:13:00  time: 0.1309  data_time: 0.0034  memory: 2235  grad_norm: 0.2110  loss: 0.1902  loss_sem_seg: 0.1902
2026/06/19 05:06:00 - mmengine - INFO - Epoch(train) [33][ 850/1671]  lr: 8.0000e-05  eta: 0:12:54  time: 0.1321  data_time: 0.0032  memory: 2300  grad_norm: 0.1870  loss: 0.1867  loss_sem_seg: 0.1867
2026/06/19 05:06:07 - mmengine - INFO - Epoch(train) [33][ 900/1671]  lr: 8.0000e-05  eta: 0:12:47  time: 0.1295  data_time: 0.0033  memory: 2255  grad_norm: 0.2037  loss: 0.1761  loss_sem_seg: 0.1761
2026/06/19 05:06:13 - mmengine - INFO - Epoch(train) [33][ 950/1671]  lr: 8.0000e-05  eta: 0:12:40  time: 0.1295  data_time: 0.0032  memory: 2201  grad_norm: 0.2601  loss: 0.2061  loss_sem_seg: 0.2061
2026/06/19 05:06:20 - mmengine - INFO - Epoch(train) [33][1000/1671]  lr: 8.0000e-05  eta: 0:12:34  time: 0.1346  data_time: 0.0032  memory: 2191  grad_norm: 0.2208  loss: 0.1841  loss_sem_seg: 0.1841
2026/06/19 05:06:26 - mmengine - INFO - Epoch(train) [33][1050/1671]  lr: 8.0000e-05  eta: 0:12:27  time: 0.1308  data_time: 0.0035  memory: 2177  grad_norm: 0.2064  loss: 0.1971  loss_sem_seg: 0.1971
2026/06/19 05:06:33 - mmengine - INFO - Epoch(train) [33][1100/1671]  lr: 8.0000e-05  eta: 0:12:21  time: 0.1294  data_time: 0.0031  memory: 2252  grad_norm: 0.2328  loss: 0.1949  loss_sem_seg: 0.1949
2026/06/19 05:06:39 - mmengine - INFO - Epoch(train) [33][1150/1671]  lr: 8.0000e-05  eta: 0:12:14  time: 0.1330  data_time: 0.0035  memory: 2310  grad_norm: 0.2871  loss: 0.2067  loss_sem_seg: 0.2067
2026/06/19 05:06:46 - mmengine - INFO - Epoch(train) [33][1200/1671]  lr: 8.0000e-05  eta: 0:12:07  time: 0.1310  data_time: 0.0034  memory: 2226  grad_norm: 0.2670  loss: 0.2258  loss_sem_seg: 0.2258
2026/06/19 05:06:52 - mmengine - INFO - Epoch(train) [33][1250/1671]  lr: 8.0000e-05  eta: 0:12:01  time: 0.1302  data_time: 0.0035  memory: 2296  grad_norm: 0.2545  loss: 0.2195  loss_sem_seg: 0.2195
2026/06/19 05:06:59 - mmengine - INFO - Epoch(train) [33][1300/1671]  lr: 8.0000e-05  eta: 0:11:54  time: 0.1329  data_time: 0.0034  memory: 2187  grad_norm: 0.2354  loss: 0.2185  loss_sem_seg: 0.2185
2026/06/19 05:07:06 - mmengine - INFO - Epoch(train) [33][1350/1671]  lr: 8.0000e-05  eta: 0:11:47  time: 0.1335  data_time: 0.0035  memory: 2210  grad_norm: 0.2190  loss: 0.1946  loss_sem_seg: 0.1946
2026/06/19 05:07:12 - mmengine - INFO - Epoch(train) [33][1400/1671]  lr: 8.0000e-05  eta: 0:11:41  time: 0.1308  data_time: 0.0031  memory: 2234  grad_norm: 0.2014  loss: 0.1960  loss_sem_seg: 0.1960
2026/06/19 05:07:19 - mmengine - INFO - Epoch(train) [33][1450/1671]  lr: 8.0000e-05  eta: 0:11:34  time: 0.1311  data_time: 0.0034  memory: 2258  grad_norm: 0.2321  loss: 0.1979  loss_sem_seg: 0.1979
2026/06/19 05:07:26 - mmengine - INFO - Epoch(train) [33][1500/1671]  lr: 8.0000e-05  eta: 0:11:27  time: 0.1318  data_time: 0.0033  memory: 2317  grad_norm: 0.2048  loss: 0.1915  loss_sem_seg: 0.1915
2026/06/19 05:07:29 - mmengine - INFO - Exp name: minkunet34_w32_minkowski_geometry_kitti_box_seg_20260619_025828
2026/06/19 05:07:32 - mmengine - INFO - Epoch(train) [33][1550/1671]  lr: 8.0000e-05  eta: 0:11:21  time: 0.1312  data_time: 0.0031  memory: 2196  grad_norm: 0.2432  loss: 0.1920  loss_sem_seg: 0.1920
2026/06/19 05:07:39 - mmengine - INFO - Epoch(train) [33][1600/1671]  lr: 8.0000e-05  eta: 0:11:14  time: 0.1318  data_time: 0.0036  memory: 2192  grad_norm: 0.1977  loss: 0.1944  loss_sem_seg: 0.1944
2026/06/19 05:07:45 - mmengine - INFO - Epoch(train) [33][1650/1671]  lr: 8.0000e-05  eta: 0:11:08  time: 0.1329  data_time: 0.0036  memory: 2231  grad_norm: 0.2072  loss: 0.1726  loss_sem_seg: 0.1726
2026/06/19 05:07:48 - mmengine - INFO - Exp name: minkunet34_w32_minkowski_geometry_kitti_box_seg_20260619_025828
2026/06/19 05:07:48 - mmengine - INFO - Saving checkpoint at 33 epochs
2026/06/19 05:07:51 - mmengine - INFO - Epoch(val) [33][ 50/371]    eta: 0:00:09  time: 0.0285  data_time: 0.0031  memory: 2211  
2026/06/19 05:07:52 - mmengine - INFO - Epoch(val) [33][100/371]    eta: 0:00:07  time: 0.0284  data_time: 0.0026  memory: 685  
2026/06/19 05:07:54 - mmengine - INFO - Epoch(val) [33][150/371]    eta: 0:00:06  time: 0.0279  data_time: 0.0024  memory: 682  
2026/06/19 05:07:55 - mmengine - INFO - Epoch(val) [33][200/371]    eta: 0:00:04  time: 0.0281  data_time: 0.0026  memory: 683  
2026/06/19 05:07:57 - mmengine - INFO - Epoch(val) [33][250/371]    eta: 0:00:03  time: 0.0281  data_time: 0.0024  memory: 677  
2026/06/19 05:07:58 - mmengine - INFO - Epoch(val) [33][300/371]    eta: 0:00:01  time: 0.0279  data_time: 0.0024  memory: 684  
2026/06/19 05:07:59 - mmengine - INFO - Epoch(val) [33][350/371]    eta: 0:00:00  time: 0.0279  data_time: 0.0029  memory: 684  
2026/06/19 05:08:00 - mmengine - INFO - 
+---------+------------+------------+--------+--------+---------+
| classes | background | foreground | miou   | acc    | acc_cls |
+---------+------------+------------+--------+--------+---------+
| results | 0.9633     | 0.5941     | 0.7787 | 0.9652 | 0.8927  |
+---------+------------+------------+--------+--------+---------+
2026/06/19 05:08:00 - mmengine - INFO - Epoch(val) [33][371/371]    background: 0.9633  foreground: 0.5941  miou: 0.7787  acc: 0.9652  acc_cls: 0.8927  data_time: 0.0026  time: 0.0282
2026/06/19 05:08:00 - mmengine - INFO - The previous best checkpoint /public/DATA/sm/RACO-LPCC/mmdetection3d/work_dirs/minkunet_kitti_fov_box_seg_geometry/best_foreground_epoch_27.pth is removed
2026/06/19 05:08:01 - mmengine - INFO - The best checkpoint with 0.5941 foreground at 33 epoch is saved to best_foreground_epoch_33.pth.
2026/06/19 05:08:12 - mmengine - INFO - Epoch(train) [34][  50/1671]  lr: 8.0000e-05  eta: 0:10:58  time: 0.1319  data_time: 0.0036  memory: 2236  grad_norm: 0.2128  loss: 0.1811  loss_sem_seg: 0.1811
2026/06/19 05:08:19 - mmengine - INFO - Epoch(train) [34][ 100/1671]  lr: 8.0000e-05  eta: 0:10:51  time: 0.1332  data_time: 0.0037  memory: 2145  grad_norm: 0.2325  loss: 0.1958  loss_sem_seg: 0.1958
2026/06/19 05:08:25 - mmengine - INFO - Epoch(train) [34][ 150/1671]  lr: 8.0000e-05  eta: 0:10:45  time: 0.1312  data_time: 0.0032  memory: 2196  grad_norm: 0.2119  loss: 0.2124  loss_sem_seg: 0.2124
2026/06/19 05:08:32 - mmengine - INFO - Epoch(train) [34][ 200/1671]  lr: 8.0000e-05  eta: 0:10:38  time: 0.1296  data_time: 0.0034  memory: 2180  grad_norm: 0.2275  loss: 0.2110  loss_sem_seg: 0.2110
2026/06/19 05:08:38 - mmengine - INFO - Epoch(train) [34][ 250/1671]  lr: 8.0000e-05  eta: 0:10:32  time: 0.1300  data_time: 0.0032  memory: 2215  grad_norm: 0.2513  loss: 0.2235  loss_sem_seg: 0.2235
2026/06/19 05:08:45 - mmengine - INFO - Epoch(train) [34][ 300/1671]  lr: 8.0000e-05  eta: 0:10:25  time: 0.1351  data_time: 0.0032  memory: 2210  grad_norm: 0.2316  loss: 0.2005  loss_sem_seg: 0.2005
2026/06/19 05:08:52 - mmengine - INFO - Epoch(train) [34][ 350/1671]  lr: 8.0000e-05  eta: 0:10:18  time: 0.1324  data_time: 0.0033  memory: 2285  grad_norm: 0.2304  loss: 0.1785  loss_sem_seg: 0.1785
2026/06/19 05:08:58 - mmengine - INFO - Epoch(train) [34][ 400/1671]  lr: 8.0000e-05  eta: 0:10:12  time: 0.1327  data_time: 0.0034  memory: 2172  grad_norm: 0.2319  loss: 0.2018  loss_sem_seg: 0.2018
2026/06/19 05:09:05 - mmengine - INFO - Epoch(train) [34][ 450/1671]  lr: 8.0000e-05  eta: 0:10:05  time: 0.1330  data_time: 0.0035  memory: 2252  grad_norm: 0.2054  loss: 0.1830  loss_sem_seg: 0.1830
2026/06/19 05:09:11 - mmengine - INFO - Epoch(train) [34][ 500/1671]  lr: 8.0000e-05  eta: 0:09:58  time: 0.1316  data_time: 0.0032  memory: 2275  grad_norm: 0.2309  loss: 0.2029  loss_sem_seg: 0.2029
2026/06/19 05:09:18 - mmengine - INFO - Epoch(train) [34][ 550/1671]  lr: 8.0000e-05  eta: 0:09:52  time: 0.1322  data_time: 0.0031  memory: 2250  grad_norm: 0.2010  loss: 0.1807  loss_sem_seg: 0.1807
2026/06/19 05:09:25 - mmengine - INFO - Epoch(train) [34][ 600/1671]  lr: 8.0000e-05  eta: 0:09:45  time: 0.1327  data_time: 0.0032  memory: 2211  grad_norm: 0.2160  loss: 0.1847  loss_sem_seg: 0.1847
2026/06/19 05:09:31 - mmengine - INFO - Epoch(train) [34][ 650/1671]  lr: 8.0000e-05  eta: 0:09:38  time: 0.1331  data_time: 0.0033  memory: 2197  grad_norm: 0.1942  loss: 0.1786  loss_sem_seg: 0.1786
2026/06/19 05:09:38 - mmengine - INFO - Epoch(train) [34][ 700/1671]  lr: 8.0000e-05  eta: 0:09:32  time: 0.1346  data_time: 0.0031  memory: 2221  grad_norm: 0.2246  loss: 0.1874  loss_sem_seg: 0.1874
2026/06/19 05:09:45 - mmengine - INFO - Epoch(train) [34][ 750/1671]  lr: 8.0000e-05  eta: 0:09:25  time: 0.1338  data_time: 0.0035  memory: 2217  grad_norm: 0.3626  loss: 0.2284  loss_sem_seg: 0.2284
2026/06/19 05:09:51 - mmengine - INFO - Epoch(train) [34][ 800/1671]  lr: 8.0000e-05  eta: 0:09:19  time: 0.1316  data_time: 0.0033  memory: 2256  grad_norm: 0.2339  loss: 0.1984  loss_sem_seg: 0.1984
2026/06/19 05:09:58 - mmengine - INFO - Epoch(train) [34][ 850/1671]  lr: 8.0000e-05  eta: 0:09:12  time: 0.1317  data_time: 0.0034  memory: 2192  grad_norm: 0.2031  loss: 0.1953  loss_sem_seg: 0.1953
2026/06/19 05:09:59 - mmengine - INFO - Exp name: minkunet34_w32_minkowski_geometry_kitti_box_seg_20260619_025828
2026/06/19 05:10:05 - mmengine - INFO - Epoch(train) [34][ 900/1671]  lr: 8.0000e-05  eta: 0:09:05  time: 0.1332  data_time: 0.0032  memory: 2330  grad_norm: 0.2222  loss: 0.1802  loss_sem_seg: 0.1802
2026/06/19 05:10:11 - mmengine - INFO - Epoch(train) [34][ 950/1671]  lr: 8.0000e-05  eta: 0:08:59  time: 0.1323  data_time: 0.0034  memory: 2227  grad_norm: 0.2061  loss: 0.1783  loss_sem_seg: 0.1783
2026/06/19 05:10:18 - mmengine - INFO - Epoch(train) [34][1000/1671]  lr: 8.0000e-05  eta: 0:08:52  time: 0.1331  data_time: 0.0032  memory: 2244  grad_norm: 0.2167  loss: 0.1789  loss_sem_seg: 0.1789
2026/06/19 05:10:25 - mmengine - INFO - Epoch(train) [34][1050/1671]  lr: 8.0000e-05  eta: 0:08:45  time: 0.1318  data_time: 0.0032  memory: 2216  grad_norm: 0.2290  loss: 0.1842  loss_sem_seg: 0.1842
2026/06/19 05:10:31 - mmengine - INFO - Epoch(train) [34][1100/1671]  lr: 8.0000e-05  eta: 0:08:39  time: 0.1347  data_time: 0.0036  memory: 2264  grad_norm: 0.2154  loss: 0.1702  loss_sem_seg: 0.1702
2026/06/19 05:10:38 - mmengine - INFO - Epoch(train) [34][1150/1671]  lr: 8.0000e-05  eta: 0:08:32  time: 0.1299  data_time: 0.0033  memory: 2217  grad_norm: 0.2480  loss: 0.2031  loss_sem_seg: 0.2031
2026/06/19 05:10:45 - mmengine - INFO - Epoch(train) [34][1200/1671]  lr: 8.0000e-05  eta: 0:08:25  time: 0.1386  data_time: 0.0035  memory: 2311  grad_norm: 0.2096  loss: 0.1757  loss_sem_seg: 0.1757
2026/06/19 05:10:51 - mmengine - INFO - Epoch(train) [34][1250/1671]  lr: 8.0000e-05  eta: 0:08:19  time: 0.1325  data_time: 0.0033  memory: 2288  grad_norm: 0.1979  loss: 0.1891  loss_sem_seg: 0.1891
2026/06/19 05:10:58 - mmengine - INFO - Epoch(train) [34][1300/1671]  lr: 8.0000e-05  eta: 0:08:12  time: 0.1300  data_time: 0.0034  memory: 2196  grad_norm: 0.2407  loss: 0.1992  loss_sem_seg: 0.1992
2026/06/19 05:11:05 - mmengine - INFO - Epoch(train) [34][1350/1671]  lr: 8.0000e-05  eta: 0:08:06  time: 0.1337  data_time: 0.0034  memory: 2193  grad_norm: 0.2264  loss: 0.1888  loss_sem_seg: 0.1888
2026/06/19 05:11:11 - mmengine - INFO - Epoch(train) [34][1400/1671]  lr: 8.0000e-05  eta: 0:07:59  time: 0.1320  data_time: 0.0033  memory: 2294  grad_norm: 0.2563  loss: 0.2239  loss_sem_seg: 0.2239
2026/06/19 05:11:18 - mmengine - INFO - Epoch(train) [34][1450/1671]  lr: 8.0000e-05  eta: 0:07:52  time: 0.1322  data_time: 0.0034  memory: 2101  grad_norm: 0.2235  loss: 0.2090  loss_sem_seg: 0.2090
2026/06/19 05:11:24 - mmengine - INFO - Epoch(train) [34][1500/1671]  lr: 8.0000e-05  eta: 0:07:46  time: 0.1333  data_time: 0.0036  memory: 2332  grad_norm: 0.2265  loss: 0.1741  loss_sem_seg: 0.1741
2026/06/19 05:11:31 - mmengine - INFO - Epoch(train) [34][1550/1671]  lr: 8.0000e-05  eta: 0:07:39  time: 0.1333  data_time: 0.0032  memory: 2245  grad_norm: 0.2005  loss: 0.1844  loss_sem_seg: 0.1844
2026/06/19 05:11:38 - mmengine - INFO - Epoch(train) [34][1600/1671]  lr: 8.0000e-05  eta: 0:07:32  time: 0.1337  data_time: 0.0037  memory: 2195  grad_norm: 0.1917  loss: 0.1871  loss_sem_seg: 0.1871
2026/06/19 05:11:44 - mmengine - INFO - Epoch(train) [34][1650/1671]  lr: 8.0000e-05  eta: 0:07:26  time: 0.1314  data_time: 0.0032  memory: 2313  grad_norm: 0.2199  loss: 0.1709  loss_sem_seg: 0.1709
2026/06/19 05:11:47 - mmengine - INFO - Exp name: minkunet34_w32_minkowski_geometry_kitti_box_seg_20260619_025828
2026/06/19 05:11:47 - mmengine - INFO - Saving checkpoint at 34 epochs
2026/06/19 05:11:50 - mmengine - INFO - Epoch(val) [34][ 50/371]    eta: 0:00:08  time: 0.0278  data_time: 0.0026  memory: 2192  
2026/06/19 05:11:52 - mmengine - INFO - Epoch(val) [34][100/371]    eta: 0:00:07  time: 0.0276  data_time: 0.0024  memory: 685  
2026/06/19 05:11:53 - mmengine - INFO - Epoch(val) [34][150/371]    eta: 0:00:06  time: 0.0278  data_time: 0.0024  memory: 682  
2026/06/19 05:11:54 - mmengine - INFO - Epoch(val) [34][200/371]    eta: 0:00:04  time: 0.0276  data_time: 0.0023  memory: 683  
2026/06/19 05:11:56 - mmengine - INFO - Epoch(val) [34][250/371]    eta: 0:00:03  time: 0.0292  data_time: 0.0026  memory: 677  
2026/06/19 05:11:57 - mmengine - INFO - Epoch(val) [34][300/371]    eta: 0:00:01  time: 0.0282  data_time: 0.0025  memory: 684  
2026/06/19 05:11:59 - mmengine - INFO - Epoch(val) [34][350/371]    eta: 0:00:00  time: 0.0283  data_time: 0.0024  memory: 684  
2026/06/19 05:11:59 - mmengine - INFO - 
+---------+------------+------------+--------+--------+---------+
| classes | background | foreground | miou   | acc    | acc_cls |
+---------+------------+------------+--------+--------+---------+
| results | 0.9509     | 0.5387     | 0.7448 | 0.9536 | 0.9110  |
+---------+------------+------------+--------+--------+---------+
2026/06/19 05:11:59 - mmengine - INFO - Epoch(val) [34][371/371]    background: 0.9509  foreground: 0.5387  miou: 0.7448  acc: 0.9536  acc_cls: 0.9110  data_time: 0.0024  time: 0.0280
2026/06/19 05:12:06 - mmengine - INFO - Epoch(train) [35][  50/1671]  lr: 8.0000e-05  eta: 0:07:16  time: 0.1320  data_time: 0.0035  memory: 2292  grad_norm: 0.2274  loss: 0.2148  loss_sem_seg: 0.2148
2026/06/19 05:12:12 - mmengine - INFO - Epoch(train) [35][ 100/1671]  lr: 8.0000e-05  eta: 0:07:10  time: 0.1311  data_time: 0.0033  memory: 2234  grad_norm: 0.1829  loss: 0.1773  loss_sem_seg: 0.1773
2026/06/19 05:12:19 - mmengine - INFO - Epoch(train) [35][ 150/1671]  lr: 8.0000e-05  eta: 0:07:03  time: 0.1312  data_time: 0.0033  memory: 2213  grad_norm: 0.2433  loss: 0.1821  loss_sem_seg: 0.1821
2026/06/19 05:12:24 - mmengine - INFO - Exp name: minkunet34_w32_minkowski_geometry_kitti_box_seg_20260619_025828
2026/06/19 05:12:26 - mmengine - INFO - Epoch(train) [35][ 200/1671]  lr: 8.0000e-05  eta: 0:06:56  time: 0.1324  data_time: 0.0037  memory: 2239  grad_norm: 0.1933  loss: 0.1762  loss_sem_seg: 0.1762
2026/06/19 05:12:32 - mmengine - INFO - Epoch(train) [35][ 250/1671]  lr: 8.0000e-05  eta: 0:06:50  time: 0.1322  data_time: 0.0032  memory: 2257  grad_norm: 0.1840  loss: 0.1714  loss_sem_seg: 0.1714
2026/06/19 05:12:39 - mmengine - INFO - Epoch(train) [35][ 300/1671]  lr: 8.0000e-05  eta: 0:06:43  time: 0.1319  data_time: 0.0031  memory: 2247  grad_norm: 0.2173  loss: 0.1779  loss_sem_seg: 0.1779
2026/06/19 05:12:46 - mmengine - INFO - Epoch(train) [35][ 350/1671]  lr: 8.0000e-05  eta: 0:06:37  time: 0.1335  data_time: 0.0033  memory: 2238  grad_norm: 0.2543  loss: 0.2015  loss_sem_seg: 0.2015
2026/06/19 05:12:52 - mmengine - INFO - Epoch(train) [35][ 400/1671]  lr: 8.0000e-05  eta: 0:06:30  time: 0.1317  data_time: 0.0033  memory: 2312  grad_norm: 0.2250  loss: 0.1713  loss_sem_seg: 0.1713
2026/06/19 05:12:59 - mmengine - INFO - Epoch(train) [35][ 450/1671]  lr: 8.0000e-05  eta: 0:06:23  time: 0.1327  data_time: 0.0035  memory: 2267  grad_norm: 0.2175  loss: 0.2028  loss_sem_seg: 0.2028
2026/06/19 05:13:05 - mmengine - INFO - Epoch(train) [35][ 500/1671]  lr: 8.0000e-05  eta: 0:06:17  time: 0.1344  data_time: 0.0033  memory: 2206  grad_norm: 0.2147  loss: 0.1887  loss_sem_seg: 0.1887
2026/06/19 05:13:12 - mmengine - INFO - Epoch(train) [35][ 550/1671]  lr: 8.0000e-05  eta: 0:06:10  time: 0.1321  data_time: 0.0033  memory: 2189  grad_norm: 0.2580  loss: 0.2215  loss_sem_seg: 0.2215
2026/06/19 05:13:19 - mmengine - INFO - Epoch(train) [35][ 600/1671]  lr: 8.0000e-05  eta: 0:06:03  time: 0.1334  data_time: 0.0036  memory: 2183  grad_norm: 0.2326  loss: 0.2080  loss_sem_seg: 0.2080
2026/06/19 05:13:25 - mmengine - INFO - Epoch(train) [35][ 650/1671]  lr: 8.0000e-05  eta: 0:05:57  time: 0.1303  data_time: 0.0032  memory: 2215  grad_norm: 0.1976  loss: 0.1874  loss_sem_seg: 0.1874
2026/06/19 05:13:32 - mmengine - INFO - Epoch(train) [35][ 700/1671]  lr: 8.0000e-05  eta: 0:05:50  time: 0.1330  data_time: 0.0034  memory: 2218  grad_norm: 0.2253  loss: 0.1811  loss_sem_seg: 0.1811
2026/06/19 05:13:39 - mmengine - INFO - Epoch(train) [35][ 750/1671]  lr: 8.0000e-05  eta: 0:05:43  time: 0.1337  data_time: 0.0034  memory: 2240  grad_norm: 0.2017  loss: 0.1865  loss_sem_seg: 0.1865
2026/06/19 05:13:45 - mmengine - INFO - Epoch(train) [35][ 800/1671]  lr: 8.0000e-05  eta: 0:05:37  time: 0.1307  data_time: 0.0032  memory: 2299  grad_norm: 0.1843  loss: 0.1680  loss_sem_seg: 0.1680
2026/06/19 05:13:52 - mmengine - INFO - Epoch(train) [35][ 850/1671]  lr: 8.0000e-05  eta: 0:05:30  time: 0.1314  data_time: 0.0033  memory: 2204  grad_norm: 0.2224  loss: 0.2035  loss_sem_seg: 0.2035
2026/06/19 05:13:58 - mmengine - INFO - Epoch(train) [35][ 900/1671]  lr: 8.0000e-05  eta: 0:05:24  time: 0.1345  data_time: 0.0033  memory: 2295  grad_norm: 0.1889  loss: 0.1795  loss_sem_seg: 0.1795
2026/06/19 05:14:05 - mmengine - INFO - Epoch(train) [35][ 950/1671]  lr: 8.0000e-05  eta: 0:05:17  time: 0.1308  data_time: 0.0031  memory: 2181  grad_norm: 0.2185  loss: 0.1909  loss_sem_seg: 0.1909
2026/06/19 05:14:12 - mmengine - INFO - Epoch(train) [35][1000/1671]  lr: 8.0000e-05  eta: 0:05:10  time: 0.1338  data_time: 0.0037  memory: 2291  grad_norm: 0.1959  loss: 0.1725  loss_sem_seg: 0.1725
2026/06/19 05:14:18 - mmengine - INFO - Epoch(train) [35][1050/1671]  lr: 8.0000e-05  eta: 0:05:04  time: 0.1343  data_time: 0.0034  memory: 2224  grad_norm: 0.2171  loss: 0.1843  loss_sem_seg: 0.1843
2026/06/19 05:14:25 - mmengine - INFO - Epoch(train) [35][1100/1671]  lr: 8.0000e-05  eta: 0:04:57  time: 0.1300  data_time: 0.0033  memory: 2246  grad_norm: 0.2441  loss: 0.2126  loss_sem_seg: 0.2126
2026/06/19 05:14:32 - mmengine - INFO - Epoch(train) [35][1150/1671]  lr: 8.0000e-05  eta: 0:04:50  time: 0.1314  data_time: 0.0033  memory: 2247  grad_norm: 0.2228  loss: 0.2038  loss_sem_seg: 0.2038
2026/06/19 05:14:36 - mmengine - INFO - Exp name: minkunet34_w32_minkowski_geometry_kitti_box_seg_20260619_025828
2026/06/19 05:14:38 - mmengine - INFO - Epoch(train) [35][1200/1671]  lr: 8.0000e-05  eta: 0:04:44  time: 0.1297  data_time: 0.0036  memory: 2179  grad_norm: 0.2368  loss: 0.2118  loss_sem_seg: 0.2118
2026/06/19 05:14:45 - mmengine - INFO - Epoch(train) [35][1250/1671]  lr: 8.0000e-05  eta: 0:04:37  time: 0.1334  data_time: 0.0032  memory: 2221  grad_norm: 0.2193  loss: 0.1996  loss_sem_seg: 0.1996
2026/06/19 05:14:51 - mmengine - INFO - Epoch(train) [35][1300/1671]  lr: 8.0000e-05  eta: 0:04:30  time: 0.1341  data_time: 0.0033  memory: 2317  grad_norm: 0.2123  loss: 0.2006  loss_sem_seg: 0.2006
2026/06/19 05:14:58 - mmengine - INFO - Epoch(train) [35][1350/1671]  lr: 8.0000e-05  eta: 0:04:24  time: 0.1338  data_time: 0.0033  memory: 2277  grad_norm: 0.2398  loss: 0.1941  loss_sem_seg: 0.1941
2026/06/19 05:15:05 - mmengine - INFO - Epoch(train) [35][1400/1671]  lr: 8.0000e-05  eta: 0:04:17  time: 0.1325  data_time: 0.0033  memory: 2233  grad_norm: 0.2643  loss: 0.2070  loss_sem_seg: 0.2070
2026/06/19 05:15:11 - mmengine - INFO - Epoch(train) [35][1450/1671]  lr: 8.0000e-05  eta: 0:04:11  time: 0.1323  data_time: 0.0034  memory: 2234  grad_norm: 0.2478  loss: 0.1894  loss_sem_seg: 0.1894
2026/06/19 05:15:18 - mmengine - INFO - Epoch(train) [35][1500/1671]  lr: 8.0000e-05  eta: 0:04:04  time: 0.1337  data_time: 0.0034  memory: 2312  grad_norm: 0.2341  loss: 0.2071  loss_sem_seg: 0.2071
2026/06/19 05:15:25 - mmengine - INFO - Epoch(train) [35][1550/1671]  lr: 8.0000e-05  eta: 0:03:57  time: 0.1319  data_time: 0.0034  memory: 2245  grad_norm: 0.1992  loss: 0.1894  loss_sem_seg: 0.1894
2026/06/19 05:15:31 - mmengine - INFO - Epoch(train) [35][1600/1671]  lr: 8.0000e-05  eta: 0:03:51  time: 0.1326  data_time: 0.0034  memory: 2181  grad_norm: 0.1914  loss: 0.1750  loss_sem_seg: 0.1750
2026/06/19 05:15:38 - mmengine - INFO - Epoch(train) [35][1650/1671]  lr: 8.0000e-05  eta: 0:03:44  time: 0.1309  data_time: 0.0033  memory: 2352  grad_norm: 0.2385  loss: 0.1821  loss_sem_seg: 0.1821
2026/06/19 05:15:41 - mmengine - INFO - Exp name: minkunet34_w32_minkowski_geometry_kitti_box_seg_20260619_025828
2026/06/19 05:15:41 - mmengine - INFO - Saving checkpoint at 35 epochs
2026/06/19 05:15:44 - mmengine - INFO - Epoch(val) [35][ 50/371]    eta: 0:00:09  time: 0.0286  data_time: 0.0024  memory: 2256  
2026/06/19 05:15:45 - mmengine - INFO - Epoch(val) [35][100/371]    eta: 0:00:07  time: 0.0277  data_time: 0.0024  memory: 685  
2026/06/19 05:15:46 - mmengine - INFO - Epoch(val) [35][150/371]    eta: 0:00:06  time: 0.0273  data_time: 0.0025  memory: 682  
2026/06/19 05:15:48 - mmengine - INFO - Epoch(val) [35][200/371]    eta: 0:00:04  time: 0.0280  data_time: 0.0026  memory: 683  
2026/06/19 05:15:49 - mmengine - INFO - Epoch(val) [35][250/371]    eta: 0:00:03  time: 0.0275  data_time: 0.0024  memory: 677  
2026/06/19 05:15:51 - mmengine - INFO - Epoch(val) [35][300/371]    eta: 0:00:01  time: 0.0276  data_time: 0.0026  memory: 684  
2026/06/19 05:15:52 - mmengine - INFO - Epoch(val) [35][350/371]    eta: 0:00:00  time: 0.0272  data_time: 0.0023  memory: 684  
2026/06/19 05:15:53 - mmengine - INFO - 
+---------+------------+------------+--------+--------+---------+
| classes | background | foreground | miou   | acc    | acc_cls |
+---------+------------+------------+--------+--------+---------+
| results | 0.9599     | 0.5707     | 0.7653 | 0.9620 | 0.8884  |
+---------+------------+------------+--------+--------+---------+
2026/06/19 05:15:53 - mmengine - INFO - Epoch(val) [35][371/371]    background: 0.9599  foreground: 0.5707  miou: 0.7653  acc: 0.9620  acc_cls: 0.8884  data_time: 0.0025  time: 0.0277
2026/06/19 05:15:59 - mmengine - INFO - Epoch(train) [36][  50/1671]  lr: 8.0000e-05  eta: 0:03:35  time: 0.1322  data_time: 0.0035  memory: 2294  grad_norm: 0.2264  loss: 0.1898  loss_sem_seg: 0.1898
2026/06/19 05:16:06 - mmengine - INFO - Epoch(train) [36][ 100/1671]  lr: 8.0000e-05  eta: 0:03:28  time: 0.1295  data_time: 0.0032  memory: 2270  grad_norm: 0.2382  loss: 0.2242  loss_sem_seg: 0.2242
2026/06/19 05:16:12 - mmengine - INFO - Epoch(train) [36][ 150/1671]  lr: 8.0000e-05  eta: 0:03:21  time: 0.1314  data_time: 0.0032  memory: 2246  grad_norm: 0.2281  loss: 0.1891  loss_sem_seg: 0.1891
2026/06/19 05:16:19 - mmengine - INFO - Epoch(train) [36][ 200/1671]  lr: 8.0000e-05  eta: 0:03:15  time: 0.1345  data_time: 0.0033  memory: 2193  grad_norm: 0.2270  loss: 0.1982  loss_sem_seg: 0.1982
2026/06/19 05:16:26 - mmengine - INFO - Epoch(train) [36][ 250/1671]  lr: 8.0000e-05  eta: 0:03:08  time: 0.1348  data_time: 0.0036  memory: 2172  grad_norm: 0.2308  loss: 0.2120  loss_sem_seg: 0.2120
2026/06/19 05:16:32 - mmengine - INFO - Epoch(train) [36][ 300/1671]  lr: 8.0000e-05  eta: 0:03:01  time: 0.1299  data_time: 0.0032  memory: 2219  grad_norm: 0.1943  loss: 0.1692  loss_sem_seg: 0.1692
2026/06/19 05:16:39 - mmengine - INFO - Epoch(train) [36][ 350/1671]  lr: 8.0000e-05  eta: 0:02:55  time: 0.1317  data_time: 0.0035  memory: 2159  grad_norm: 0.2059  loss: 0.1847  loss_sem_seg: 0.1847
2026/06/19 05:16:45 - mmengine - INFO - Epoch(train) [36][ 400/1671]  lr: 8.0000e-05  eta: 0:02:48  time: 0.1322  data_time: 0.0032  memory: 2234  grad_norm: 0.2093  loss: 0.1884  loss_sem_seg: 0.1884
2026/06/19 05:16:52 - mmengine - INFO - Epoch(train) [36][ 450/1671]  lr: 8.0000e-05  eta: 0:02:42  time: 0.1308  data_time: 0.0033  memory: 2312  grad_norm: 0.2463  loss: 0.1925  loss_sem_seg: 0.1925
2026/06/19 05:16:58 - mmengine - INFO - Epoch(train) [36][ 500/1671]  lr: 8.0000e-05  eta: 0:02:35  time: 0.1292  data_time: 0.0035  memory: 2254  grad_norm: 0.2089  loss: 0.1933  loss_sem_seg: 0.1933
2026/06/19 05:17:01 - mmengine - INFO - Exp name: minkunet34_w32_minkowski_geometry_kitti_box_seg_20260619_025828
2026/06/19 05:17:05 - mmengine - INFO - Epoch(train) [36][ 550/1671]  lr: 8.0000e-05  eta: 0:02:28  time: 0.1340  data_time: 0.0036  memory: 2208  grad_norm: 0.2338  loss: 0.1978  loss_sem_seg: 0.1978
2026/06/19 05:17:12 - mmengine - INFO - Epoch(train) [36][ 600/1671]  lr: 8.0000e-05  eta: 0:02:22  time: 0.1342  data_time: 0.0034  memory: 2240  grad_norm: 0.3113  loss: 0.1970  loss_sem_seg: 0.1970
2026/06/19 05:17:18 - mmengine - INFO - Epoch(train) [36][ 650/1671]  lr: 8.0000e-05  eta: 0:02:15  time: 0.1312  data_time: 0.0032  memory: 2154  grad_norm: 0.2114  loss: 0.1815  loss_sem_seg: 0.1815
2026/06/19 05:17:25 - mmengine - INFO - Epoch(train) [36][ 700/1671]  lr: 8.0000e-05  eta: 0:02:08  time: 0.1318  data_time: 0.0031  memory: 2268  grad_norm: 0.1912  loss: 0.1821  loss_sem_seg: 0.1821
2026/06/19 05:17:32 - mmengine - INFO - Epoch(train) [36][ 750/1671]  lr: 8.0000e-05  eta: 0:02:02  time: 0.1299  data_time: 0.0030  memory: 2269  grad_norm: 0.2075  loss: 0.1776  loss_sem_seg: 0.1776
2026/06/19 05:17:38 - mmengine - INFO - Epoch(train) [36][ 800/1671]  lr: 8.0000e-05  eta: 0:01:55  time: 0.1314  data_time: 0.0035  memory: 2228  grad_norm: 0.1728  loss: 0.1527  loss_sem_seg: 0.1527
2026/06/19 05:17:45 - mmengine - INFO - Epoch(train) [36][ 850/1671]  lr: 8.0000e-05  eta: 0:01:48  time: 0.1313  data_time: 0.0037  memory: 2225  grad_norm: 0.2107  loss: 0.1943  loss_sem_seg: 0.1943
2026/06/19 05:17:51 - mmengine - INFO - Epoch(train) [36][ 900/1671]  lr: 8.0000e-05  eta: 0:01:42  time: 0.1299  data_time: 0.0033  memory: 2252  grad_norm: 0.1974  loss: 0.1850  loss_sem_seg: 0.1850
2026/06/19 05:17:58 - mmengine - INFO - Epoch(train) [36][ 950/1671]  lr: 8.0000e-05  eta: 0:01:35  time: 0.1325  data_time: 0.0035  memory: 2276  grad_norm: 0.2642  loss: 0.2149  loss_sem_seg: 0.2149
2026/06/19 05:18:04 - mmengine - INFO - Epoch(train) [36][1000/1671]  lr: 8.0000e-05  eta: 0:01:29  time: 0.1322  data_time: 0.0035  memory: 2320  grad_norm: 0.2036  loss: 0.1837  loss_sem_seg: 0.1837
2026/06/19 05:18:11 - mmengine - INFO - Epoch(train) [36][1050/1671]  lr: 8.0000e-05  eta: 0:01:22  time: 0.1334  data_time: 0.0035  memory: 2219  grad_norm: 0.2176  loss: 0.1926  loss_sem_seg: 0.1926
2026/06/19 05:18:18 - mmengine - INFO - Epoch(train) [36][1100/1671]  lr: 8.0000e-05  eta: 0:01:15  time: 0.1324  data_time: 0.0033  memory: 2291  grad_norm: 0.2204  loss: 0.1836  loss_sem_seg: 0.1836
2026/06/19 05:18:24 - mmengine - INFO - Epoch(train) [36][1150/1671]  lr: 8.0000e-05  eta: 0:01:09  time: 0.1325  data_time: 0.0036  memory: 2259  grad_norm: 0.2440  loss: 0.2123  loss_sem_seg: 0.2123
2026/06/19 05:18:31 - mmengine - INFO - Epoch(train) [36][1200/1671]  lr: 8.0000e-05  eta: 0:01:02  time: 0.1336  data_time: 0.0033  memory: 2288  grad_norm: 0.2009  loss: 0.1826  loss_sem_seg: 0.1826
2026/06/19 05:18:38 - mmengine - INFO - Epoch(train) [36][1250/1671]  lr: 8.0000e-05  eta: 0:00:55  time: 0.1301  data_time: 0.0034  memory: 2326  grad_norm: 0.2114  loss: 0.1871  loss_sem_seg: 0.1871
2026/06/19 05:18:44 - mmengine - INFO - Epoch(train) [36][1300/1671]  lr: 8.0000e-05  eta: 0:00:49  time: 0.1284  data_time: 0.0032  memory: 2186  grad_norm: 0.2075  loss: 0.1924  loss_sem_seg: 0.1924
2026/06/19 05:18:51 - mmengine - INFO - Epoch(train) [36][1350/1671]  lr: 8.0000e-05  eta: 0:00:42  time: 0.1336  data_time: 0.0033  memory: 2308  grad_norm: 0.2252  loss: 0.1860  loss_sem_seg: 0.1860
2026/06/19 05:18:57 - mmengine - INFO - Epoch(train) [36][1400/1671]  lr: 8.0000e-05  eta: 0:00:35  time: 0.1310  data_time: 0.0031  memory: 2300  grad_norm: 0.1991  loss: 0.1953  loss_sem_seg: 0.1953
2026/06/19 05:19:04 - mmengine - INFO - Epoch(train) [36][1450/1671]  lr: 8.0000e-05  eta: 0:00:29  time: 0.1356  data_time: 0.0033  memory: 2293  grad_norm: 0.2300  loss: 0.1903  loss_sem_seg: 0.1903
2026/06/19 05:19:11 - mmengine - INFO - Epoch(train) [36][1500/1671]  lr: 8.0000e-05  eta: 0:00:22  time: 0.1348  data_time: 0.0033  memory: 2296  grad_norm: 0.2474  loss: 0.1883  loss_sem_seg: 0.1883
2026/06/19 05:19:13 - mmengine - INFO - Exp name: minkunet34_w32_minkowski_geometry_kitti_box_seg_20260619_025828
2026/06/19 05:19:17 - mmengine - INFO - Epoch(train) [36][1550/1671]  lr: 8.0000e-05  eta: 0:00:16  time: 0.1330  data_time: 0.0037  memory: 2286  grad_norm: 0.2162  loss: 0.1822  loss_sem_seg: 0.1822
2026/06/19 05:19:24 - mmengine - INFO - Epoch(train) [36][1600/1671]  lr: 8.0000e-05  eta: 0:00:09  time: 0.1339  data_time: 0.0033  memory: 2093  grad_norm: 0.2167  loss: 0.1889  loss_sem_seg: 0.1889
2026/06/19 05:19:31 - mmengine - INFO - Epoch(train) [36][1650/1671]  lr: 8.0000e-05  eta: 0:00:02  time: 0.1340  data_time: 0.0033  memory: 2249  grad_norm: 0.2046  loss: 0.1847  loss_sem_seg: 0.1847
2026/06/19 05:19:34 - mmengine - INFO - Exp name: minkunet34_w32_minkowski_geometry_kitti_box_seg_20260619_025828
2026/06/19 05:19:34 - mmengine - INFO - Saving checkpoint at 36 epochs
2026/06/19 05:19:37 - mmengine - INFO - Epoch(val) [36][ 50/371]    eta: 0:00:08  time: 0.0279  data_time: 0.0026  memory: 2199  
2026/06/19 05:19:38 - mmengine - INFO - Epoch(val) [36][100/371]    eta: 0:00:07  time: 0.0283  data_time: 0.0026  memory: 685  
2026/06/19 05:19:40 - mmengine - INFO - Epoch(val) [36][150/371]    eta: 0:00:06  time: 0.0284  data_time: 0.0026  memory: 682  
2026/06/19 05:19:41 - mmengine - INFO - Epoch(val) [36][200/371]    eta: 0:00:04  time: 0.0278  data_time: 0.0025  memory: 683  
2026/06/19 05:19:42 - mmengine - INFO - Epoch(val) [36][250/371]    eta: 0:00:03  time: 0.0282  data_time: 0.0025  memory: 677  
2026/06/19 05:19:44 - mmengine - INFO - Epoch(val) [36][300/371]    eta: 0:00:01  time: 0.0277  data_time: 0.0023  memory: 684  
2026/06/19 05:19:45 - mmengine - INFO - Epoch(val) [36][350/371]    eta: 0:00:00  time: 0.0272  data_time: 0.0025  memory: 684  
2026/06/19 05:19:46 - mmengine - INFO - 
+---------+------------+------------+--------+--------+---------+
| classes | background | foreground | miou   | acc    | acc_cls |
+---------+------------+------------+--------+--------+---------+
| results | 0.9554     | 0.5585     | 0.7569 | 0.9578 | 0.9071  |
+---------+------------+------------+--------+--------+---------+
2026/06/19 05:19:46 - mmengine - INFO - Epoch(val) [36][371/371]    background: 0.9554  foreground: 0.5585  miou: 0.7569  acc: 0.9578  acc_cls: 0.9071  data_time: 0.0025  time: 0.0279
